277751,108132,0.55,-58.1,-60.3,-0.92,4,7,2.06,0,0,0,0,0,-5,3,1035,1,1,38,38,0,0,0,3,-1,3,1,0.55,0.58
277792,108133,0.62,-62.7,-63.5,-0.83,4,7,1.78,0,0,0,0,0,-6,4,1035,1,1,38,38,0,0,0,2,0,1,1,0.55,0.57
277798,108134,0.54,-59.1,-60.8,-0.91,4,7,2.03,0,0,0,0,0,-4,3,1035,1,1,38,38,0,0,0,6,0,2,1,0.54,0.57
277804,108135,0.61,-62.7,-63.5,-1.04,4,7,1.73,0,0,0,0,0,-4,3,1035,1,1,38,38,0,0,0,6,0,2,1,0.55,0.57
277810,108136,0.53,-58.1,-60.1,-0.94,4,7,2.19,0,0,0,0,0,-4,3,1035,1,1,38,38,0,0,0,6,0,2,1,0.55,0.57
277816,108137,0.61,-62.1,-62.9,-0.86,4,7,1.77,0,0,0,0,0,-5,2,1033,1,1,38,38,0,0,0,2,2,1,1,0.61,0.57
277856,108138,0.61,-59.1,-59.7,-1.00,4,7,1.66,0,0,0,0,0,-5,2,1033,1,1,38,38,0,0,0,2,2,1,1,0.61,0.57
277862,108139,0.53,-62.1,-63.0,-1.39,4,7,1.77,0,0,0,0,0,-5,3,1034,1,1,38,38,0,0,0,2,2,5,1,0.61,0.58
277868,108140,0.56,-59.1,-59.6,-1.15,4,7,1.75,0,0,0,0,0,-5,3,1034,1,1,38,38,0,0,0,2,2,5,1,0.56,0.58
277915,108141,0.56,-62.7,-63.3,-1.31,4,7,1.86,0,0,0,0,0,-5,2,1034,1,1,38,38,0,0,0,3,3,6,1,0.56,0.58
277921,108142,0.62,-62.7,-63.5,-0.86,4,7,1.83,0,0,0,0,0,-4,4,1034,1,1,38,38,0,0,0,3,2,1,1,0.56,0.57
277957,108143,0.66,-58.1,-59.3,-0.75,4,7,1.47,0,0,0,0,0,-4,4,1034,1,1,38,38,0,0,0,3,2,1,1,0.56,0.57
277963,108144,0.55,-62.1,-63.0,-0.92,4,6,2.52,0,0,0,0,0,-5,4,1033,1,1,38,38,0,0,0,4,0,3,1,0.56,0.57
277969,108145,0.62,-59.1,-59.8,-1.09,4,7,1.27,0,0,0,0,0,-5,4,1033,1,1,38,38,0,0,0,4,0,3,1,0.62,0.58
277990,108146,0.59,-59.1,-59.8,-1.04,4,7,1.25,0,0,0,0,0,-5,4,1033,1,1,38,38,0,0,0,4,0,4,1,0.62,0.58
277996,108147,0.59,-60.3,-60.5,-1.06,4,7,1.20,0,0,0,0,0,-6,3,1034,1,1,38,38,0,0,0,3,3,-1,1,0.59,0.58
278002,108148,0.55,-63.3,-63.8,-1.49,4,7,2.11,0,0,0,0,0,-6,3,1034,1,1,38,38,0,0,0,3,3,-1,1,0.59,0.58
278026,108149,0.61,-63.3,-63.9,-1.30,4,7,1.97,0,0,0,0,0,-6,3,1034,1,1,38,38,0,0,0,3,3,-1,1,0.59,0.58
278032,108150,0.54,-59.1,-60.1,-1.01,4,7,2.34,0,0,0,0,0,-5,4,1034,1,1,38,38,0,0,0,0,1,2,1,0.59,0.58
278038,108151,0.69,-62.7,-63.6,-0.75,4,7,1.98,0,0,0,0,0,-5,3,1034,1,1,38,38,0,0,0,1,3,0,1,0.59,0.58
278044,108152,0.55,-59.1,-60.1,-1.07,4,7,2.14,0,0,0,0,0,-5,3,1034,1,1,38,38,0,0,0,1,3,0,1,0.55,0.58
278050,108153,0.59,-58.1,-60.2,-0.85,4,7,2.27,0,0,0,0,0,-5,3,1034,1,1,38,38,0,0,0,1,3,0,1,0.59,0.58
278056,108154,0.62,-62.7,-63.6,-0.92,4,7,1.97,0,0,0,0,0,-6,2,1034,1,1,38,38,0,0,0,1,-1,-1,1,0.59,0.58
278062,108155,0.54,-62.1,-63.1,-1.49,4,7,1.97,0,0,0,0,0,-6,2,1034,1,1,38,38,0,0,0,1,-1,-1,1,0.59,0.58
278068,108156,0.61,-59.1,-60.0,-1.01,4,7,2.00,0,0,0,0,0,-6,2,1034,1,1,38,38,0,0,0,1,-1,-1,1,0.59,0.58
278074,108157,0.63,-62.7,-63.5,-0.92,4,7,1.88,0,0,0,0,0,-6,3,1035,1,1,38,38,0,0,0,4,1,0,1,0.61,0.58
278080,108158,0.53,-58.1,-60.0,-1.21,4,7,2.02,0,0,0,0,0,-6,3,1035,1,1,38,38,0,0,0,4,1,0,1,0.61,0.58
278086,108159,0.63,-59.1,-59.6,-0.86,4,7,1.86,0,0,0,0,0,-6,3,1035,1,1,38,38,0,0,0,4,1,0,1,0.61,0.59
278092,108160,0.62,-59.1,-59.7,-0.85,4,7,1.94,0,0,0,0,0,-6,3,1035,1,1,38,38,0,0,0,4,1,0,1,0.62,0.59
278098,108161,0.56,-62.1,-62.9,-1.18,4,7,1.95,0,0,0,0,0,-5,4,1034,1,1,38,38,0,0,0,0,1,0,1,0.62,0.59
278104,108162,0.63,-59.1,-59.8,-0.85,4,7,1.78,0,0,0,0,0,-5,4,1034,1,1,38,38,0,0,0,0,1,0,1,0.62,0.59
278109,108163,0.60,-59.1,-59.7,-0.92,4,7,1.88,0,0,0,0,0,-5,4,1034,1,1,38,38,0,0,0,0,1,0,1,0.62,0.59
278125,108164,0.56,-63.3,-63.9,-1.40,4,7,1.41,0,0,0,0,0,-6,2,1034,1,1,38,38,0,0,0,4,0,1,1,0.60,0.59
278178,108165,0.58,-58.1,-59.7,-0.94,4,6,2.41,0,0,0,0,0,-6,2,1034,1,1,38,38,0,0,0,4,0,1,1,0.58,0.59
278184,108166,0.54,-59.1,-60.3,-1.33,4,7,2.25,0,0,0,0,0,-6,3,1035,1,1,38,38,0,0,0,6,1,3,1,0.58,0.59
278190,108167,0.66,-63.3,-64.0,-0.85,4,7,1.92,0,0,0,0,0,-6,3,1035,1,1,38,38,0,0,0,6,1,3,1,0.58,0.59
278195,108168,0.57,-62.1,-63.7,-1.36,4,7,2.11,0,0,0,0,0,-5,4,1034,1,1,38,38,0,0,0,5,-2,0,1,0.57,0.59
278201,108169,0.58,-59.1,-60.4,-1.09,4,7,2.17,0,0,0,0,0,-5,4,1034,1,1,38,38,0,0,0,5,-2,0,1,0.58,0.59
278207,108170,0.65,-62.7,-63.7,-0.86,4,7,1.91,0,0,0,0,0,-5,4,1034,1,1,38,38,0,0,0,5,-2,0,1,0.58,0.59
278213,108171,0.53,-62.7,-63.4,-1.27,4,7,1.97,0,0,0,0,0,-5,2,1034,1,1,38,38,0,0,0,5,0,0,1,0.58,0.59
278219,108172,0.58,-59.1,-60.2,-1.33,4,7,1.77,0,0,0,0,0,-5,2,1034,1,1,38,38,0,0,0,5,0,0,1,0.58,0.59
278270,108173,0.55,-59.1,-59.3,-1.36,4,7,1.69,0,0,0,0,0,-5,2,1034,1,1,38,38,0,0,0,5,0,0,1,0.58,0.59
278289,108174,0.62,-59.1,-60.0,-0.92,4,7,2.09,0,0,0,0,0,-5,3,1033,1,1,38,38,0,0,0,0,0,5,1,0.58,0.59
278308,108175,0.56,-59.1,-59.7,-1.04,4,7,1.56,0,0,0,0,0,-5,3,1035,1,1,38,38,0,0,0,1,2,0,1,0.56,0.59
278399,108176,0.60,-62.7,-63.6,-0.94,4,7,1.84,0,0,0,0,0,-5,1,1033,1,1,38,38,0,0,0,2,0,1,1,0.58,0.59
278405,108177,0.52,-63.3,-64.0,-1.52,4,7,1.75,0,0,0,0,0,-5,4,1035,1,1,38,38,0,0,0,1,4,2,1,0.56,0.59
278411,108178,0.54,-59.1,-59.8,-1.16,4,7,1.80,0,0,0,0,0,-5,3,1033,1,1,38,38,0,0,0,4,1,0,1,0.56,0.58
278416,108179,0.53,-59.1,-60.1,-1.51,4,7,1.63,0,0,0,0,0,-5,3,1033,1,1,38,38,0,0,0,4,1,0,1,0.54,0.58
278441,108180,0.62,-62.1,-62.8,-0.55,4,7,1.67,0,0,0,0,0,-5,3,1033,1,1,38,38,0,0,0,4,1,0,1,0.54,0.58
278447,108181,0.54,-63.3,-63.7,-1.31,4,7,1.55,0,0,0,0,0,-5,2,1033,1,1,38,38,0,0,0,4,-3,5,1,0.54,0.58
278453,108182,0.53,-62.1,-62.9,-1.39,4,7,1.75,0,0,0,0,0,-6,3,1035,1,1,38,38,0,0,0,4,-1,0,1,0.54,0.58
278459,108183,0.63,-60.3,-60.1,-1.01,4,7,1.42,0,0,0,0,0,-6,3,1035,1,1,38,38,0,0,0,4,-1,0,1,0.54,0.57
278489,108184,0.64,-59.1,-59.4,-0.72,4,7,1.81,0,0,0,0,0,-6,3,1035,1,1,38,38,0,0,0,4,-1,0,1,0.62,0.58
278508,108185,0.54,-62.1,-62.9,-1.59,4,7,1.38,0,0,0,0,0,-5,3,1034,1,1,38,38,0,0,0,3,1,2,1,0.54,0.58
278514,108186,0.64,-58.1,-59.5,-0.86,4,6,2.36,0,0,0,0,0,-6,3,1034,1,1,38,38,0,0,0,3,1,4,1,0.63,0.58
278535,108187,0.59,-54.3,-55.2,-1.06,4,7,1.48,0,0,0,0,0,-6,3,1034,1,1,38,38,0,0,0,3,1,4,1,0.63,0.58
278541,108188,0.59,-59.1,-59.7,-0.82,4,7,2.34,0,0,0,0,0,-4,3,1034,1,1,38,38,0,0,0,0,-1,3,1,0.59,0.58
278547,108189,0.57,-59.1,-59.6,-1.30,4,7,2.33,0,0,0,0,0,-4,3,1034,1,1,38,38,0,0,0,0,-1,3,1,0.59,0.58
278553,108190,0.63,-58.1,-59.8,-0.83,4,7,2.30,0,0,0,0,0,-6,2,1034,1,1,38,38,0,0,0,4,0,2,1,0.59,0.58
278559,108191,0.58,-59.1,-60.3,-1.15,4,7,2.23,0,0,0,0,0,-6,2,1034,1,1,38,38,0,0,0,4,0,2,1,0.59,0.58
278565,108192,0.65,-63.3,-63.9,-0.98,4,7,1.05,0,0,0,0,0,-6,2,1034,1,1,38,38,0,0,0,4,0,2,1,0.59,0.58
278584,108193,0.67,-60.3,-60.2,-0.73,4,7,1.47,0,0,0,0,0,-6,3,1033,1,1,38,38,0,0,0,2,-2,3,1,0.63,0.59
278609,108194,0.61,-59.1,-59.6,-0.82,4,7,1.70,0,0,0,0,0,-6,4,1034,1,1,38,38,0,0,0,3,0,4,1,0.63,0.59
278650,108195,0.57,-62.1,-62.7,-1.21,4,7,1.58,0,0,0,0,0,-5,3,1034,1,1,38,38,0,0,0,4,-1,0,1,0.61,0.59
278671,108196,0.49,-58.1,-59.3,-1.16,4,7,1.98,0,0,0,0,0,-5,3,1034,1,1,38,38,0,0,0,1,-2,4,1,0.61,0.59
278696,108197,0.56,-63.3,-63.7,-1.40,4,7,1.42,0,0,0,0,0,-5,3,1034,1,1,38,38,0,0,0,4,0,2,1,0.57,0.59
278726,108198,0.56,-58.1,-59.3,-1.18,4,7,1.78,0,0,0,0,0,-5,2,1034,1,1,38,38,0,0,0,5,0,2,1,0.56,0.59
278732,108199,0.58,-62.1,-62.9,-0.82,4,7,1.72,0,0,0,0,0,-5,3,1034,1,1,38,38,0,0,0,0,1,0,1,0.56,0.59
278738,108200,0.53,-54.3,-55.4,-1.16,4,7,1.80,0,0,0,0,0,-5,3,1034,1,1,38,38,0,0,0,0,1,0,1,0.56,0.59
278768,108201,0.61,-60.3,-60.3,-1.19,4,7,1.73,0,0,0,0,0,-5,3,1034,1,1,38,38,0,0,0,0,1,0,1,0.56,0.58
278774,108202,0.59,-58.1,-59.5,-0.92,4,7,2.00,0,0,0,0,0,-5,3,1034,1,1,38,38,0,0,0,3,-2,3,1,0.58,0.58
278780,108203,0.57,-58.1,-60.3,-0.98,4,7,2.05,0,0,0,0,0,-5,3,1034,1,1,38,38,0,0,0,3,-2,3,1,0.58,0.58
278786,108204,0.57,-62.7,-63.2,-1.24,4,7,1.88,0,0,0,0,0,-5,3,1034,1,1,38,38,0,0,0,3,-2,3,1,0.57,0.58
278807,108205,0.53,-63.3,-63.7,-1.45,4,7,1.75,0,0,0,0,0,-5,3,1035,1,1,38,38,0,0,0,3,0,2,1,0.57,0.58
278813,108206,0.54,-62.7,-63.8,-1.21,4,7,1.83,0,0,0,0,0,-6,3,1033,1,1,38,38,0,0,0,4,2,-1,1,0.57,0.58
278888,108207,0.56,-59.1,-60.0,-1.24,4,7,2.06,0,0,0,0,0,-6,3,1033,1,1,38,38,0,0,0,4,2,-1,1,0.56,0.58
278896,108208,0.53,-62.1,-62.7,-1.37,4,7,1.83,0,0,0,0,0,-6,2,1034,1,1,38,38,0,0,0,1,-2,1,1,0.54,0.58
278910,108209,0.54,-62.1,-62.9,-1.52,4,7,1.92,0,0,0,0,0,-6,2,1034,1,1,38,38,0,0,0,1,-2,1,1,0.54,0.58
278923,108210,0.59,-58.1,-59.9,-1.10,4,7,2.25,0,0,0,0,0,-6,2,1034,1,1,38,38,0,0,0,1,0,4,1,0.54,0.58
278940,108211,0.53,-59.1,-59.6,-1.19,4,7,1.66,0,0,0,0,0,-5,2,1035,1,1,38,38,0,0,0,3,-1,3,1,0.54,0.57
278948,108212,0.65,-59.1,-60.0,-0.83,4,7,1.22,0,0,0,0,0,-5,2,1035,1,1,38,38,0,0,0,3,-1,3,1,0.54,0.57
278956,108213,0.52,-58.1,-59.9,-1.22,4,7,2.25,0,0,0,0,0,-6,3,1034,1,1,38,38,0,0,0,1,-2,1,1,0.54,0.57
279009,108214,0.52,-62.7,-63.5,-1.42,4,7,1.72,0,0,0,0,0,-6,3,1034,1,1,38,38,0,0,0,1,-2,1,1,0.53,0.57
279015,108215,0.56,-58.1,-60.8,-0.95,4,7,2.03,0,0,0,0,0,-6,3,1033,1,1,38,38,0,0,0,1,4,1,1,0.53,0.57
279021,108216,0.62,-59.1,-60.0,-1.10,4,7,1.63,0,0,0,0,0,-6,3,1033,1,1,38,38,0,0,0,1,4,1,1,0.56,0.57
279094,108217,0.63,-59.1,-59.7,-0.79,4,7,1.92,0,0,0,0,0,-6,3,1033,1,1,38,38,0,0,0,1,4,1,1,0.56,0.57
279102,108218,0.58,-59.1,-59.7,-0.92,4,7,1.86,0,0,0,0,0,-6,2,1034,1,1,38,38,0,0,0,2,1,3,1,0.58,0.57
279110,108219,0.60,-59.1,-59.9,-1.07,4,7,1.53,0,0,0,0,0,-6,4,1034,1,1,38,38,0,0,0,1,2,-1,1,0.60,0.57
279117,108220,0.57,-58.1,-60.0,-0.89,4,7,2.28,0,0,0,0,0,-6,4,1034,1,1,38,38,0,0,0,1,2,-1,1,0.60,0.57
279142,108221,0.53,-54.3,-55.9,-0.97,4,7,2.34,0,0,0,0,0,-6,4,1034,1,1,38,38,0,0,0,1,2,-1,1,0.58,0.57
279148,108222,0.54,-61.6,-63.2,-1.13,4,7,2.28,0,0,0,0,0,-5,4,1033,1,1,38,38,0,0,0,5,0,4,1,0.57,0.57
279154,108223,0.59,-59.1,-60.4,-1.00,4,7,2.23,0,0,0,0,0,-5,4,1033,1,1,38,38,0,0,0,5,0,4,1,0.57,0.57
279160,108224,0.59,-63.3,-63.8,-1.27,4,7,1.89,0,0,0,0,0,-5,4,1033,1,1,38,38,0,0,0,5,0,4,1,0.57,0.57
279179,108225,0.59,-58.1,-59.6,-0.91,4,7,1.66,0,0,0,0,0,-5,4,1034,1,1,38,38,0,0,0,2,-1,4,1,0.59,0.57
279241,108226,0.53,-59.1,-60.4,-1.33,4,7,2.16,0,0,0,0,0,-5,3,1034,1,1,38,38,0,0,0,2,-1,4,1,0.59,0.57
279247,108227,0.61,-62.7,-63.7,-1.09,4,7,1.84,0,0,0,0,0,-6,3,1033,1,1,38,38,0,0,0,3,-3,2,1,0.59,0.57
279253,108228,0.53,-61.6,-63.6,-1.21,4,7,2.11,0,0,0,0,0,-6,3,1033,1,1,38,38,0,0,0,3,-3,2,1,0.59,0.57
279283,108229,0.52,-58.1,-59.9,-1.15,4,7,2.31,0,0,0,0,0,-6,3,1033,1,1,38,38,0,0,0,3,-3,2,1,0.53,0.57
279291,108230,0.60,-61.6,-63.8,-0.79,4,7,2.17,0,0,0,0,0,-6,3,1034,1,1,38,38,0,0,0,2,2,0,1,0.53,0.57
279299,108231,0.57,-58.1,-59.5,-1.13,4,7,1.80,0,0,0,0,0,-6,3,1034,1,1,38,38,0,0,0,2,2,0,1,0.57,0.57
279307,108232,0.54,-58.1,-59.6,-0.91,4,7,1.98,0,0,0,0,0,-6,3,1034,1,1,38,38,0,0,0,2,4,3,1,0.54,0.57
279315,108233,0.56,-62.7,-63.7,-1.30,4,7,2.30,0,0,0,0,0,-5,3,1035,1,1,38,38,0,0,0,4,4,3,1,0.56,0.57
279322,108234,0.57,-59.1,-60.3,-1.04,4,7,2.08,0,0,0,0,0,-5,3,1035,1,1,38,38,0,0,0,4,4,3,1,0.57,0.57
279328,108235,0.57,-59.1,-60.8,-0.94,4,7,2.16,0,0,0,0,0,-6,3,1034,1,1,38,38,0,0,0,2,-2,2,1,0.57,0.57
279351,108236,0.61,-59.1,-60.2,-1.00,4,7,1.70,0,0,0,0,0,-6,3,1034,1,1,38,38,0,0,0,2,-2,2,1,0.57,0.57
279426,108237,0.57,-62.7,-63.8,-1.06,4,7,1.84,0,0,0,0,0,-6,3,1034,1,1,38,38,0,0,0,2,-1,3,1,0.57,0.57
279440,108238,0.55,-58.1,-60.0,-1.04,4,7,2.19,0,0,0,0,0,-5,3,1035,1,1,38,38,0,0,0,2,2,2,1,0.57,0.57
279446,108239,0.62,-59.1,-60.2,-0.75,4,7,2.19,0,0,0,0,0,-5,3,1033,1,1,38,38,0,0,0,2,1,2,1,0.57,0.57
279452,108240,0.61,-59.1,-60.2,-1.10,4,7,1.97,0,0,0,0,0,-5,3,1033,1,1,38,38,0,0,0,2,1,2,1,0.61,0.57
279458,108241,0.54,-58.1,-60.0,-1.10,4,6,2.38,0,0,0,0,0,-5,3,1033,1,1,38,38,0,0,0,2,1,2,1,0.57,0.57
279481,108242,0.62,-60.3,-60.1,-1.01,4,7,1.70,0,0,0,0,0,-5,3,1033,1,1,38,38,0,0,0,2,1,2,1,0.61,0.57
279533,108243,0.47,-58.1,-59.6,-1.52,4,7,1.94,0,0,0,0,0,-5,3,1034,1,1,38,38,0,0,0,1,-1,1,1,0.61,0.58
279575,108244,0.56,-58.1,-59.5,-1.07,4,7,1.50,0,0,0,0,0,-6,3,1035,1,1,38,38,0,0,0,2,-2,4,1,0.56,0.58
279583,108245,0.58,-58.1,-59.7,-0.83,4,7,2.28,0,0,0,0,0,-5,2,1034,1,1,38,38,0,0,0,5,2,3,1,0.56,0.57
279639,108246,0.54,-59.1,-60.0,-1.12,4,6,2.42,0,0,0,0,0,-4,3,1034,1,1,38,38,0,0,0,1,-2,1,1,0.56,0.57
279658,108247,0.54,-62.1,-62.9,-1.03,4,7,1.83,0,0,0,0,0,-5,4,1034,1,1,38,38,0,0,0,4,-1,1,1,0.54,0.57
279666,108248,0.45,-58.1,-60.8,-1.19,4,7,2.08,0,0,0,0,0,-4,3,1033,1,1,38,38,0,0,0,1,3,4,1,0.54,0.57
279674,108249,0.54,-62.1,-63.0,-1.51,4,7,2.30,0,0,0,0,0,-4,3,1033,1,1,38,38,0,0,0,1,3,4,1,0.54,0.57
279687,108250,0.58,-59.1,-59.9,-0.94,4,7,1.33,0,0,0,0,0,-4,3,1033,1,1,38,38,0,0,0,1,3,4,1,0.54,0.57
279695,108251,0.59,-58.1,-59.8,-1.03,4,7,2.28,0,0,0,0,0,-5,3,1035,1,1,38,38,0,0,0,3,0,4,1,0.54,0.57
279703,108252,0.55,-58.1,-60.1,-1.15,4,7,2.13,0,0,0,0,0,-5,3,1035,1,1,38,38,0,0,0,3,0,4,1,0.55,0.57
279728,108253,0.53,-61.6,-63.6,-1.16,4,7,2.06,0,0,0,0,0,-6,3,1034,1,1,38,38,0,0,0,3,1,3,1,0.55,0.57
279734,108254,0.63,-59.1,-60.0,-1.09,4,7,1.63,0,0,0,0,0,-6,2,1033,1,1,38,38,0,0,0,3,2,2,1,0.58,0.57
279835,108255,0.58,-59.1,-59.8,-0.91,4,7,1.91,0,0,0,0,0,-6,2,1033,1,1,38,38,0,0,0,3,2,2,1,0.58,0.57
279841,108256,0.65,-60.3,-60.2,-0.82,4,7,1.67,0,0,0,0,0,-6,3,1034,1,1,38,38,0,0,0,1,0,1,1,0.58,0.57
279847,108257,0.60,-63.3,-63.6,-0.86,4,7,1.72,0,0,0,0,0,-5,3,1034,1,1,38,38,0,0,0,3,1,3,1,0.60,0.57
279853,108258,0.53,-58.1,-59.4,-1.15,4,7,1.84,0,0,0,0,0,-5,3,1034,1,1,38,38,0,0,0,3,1,3,1,0.60,0.57
279861,108259,0.53,-58.1,-60.6,-1.10,4,7,2.05,0,0,0,0,0,-5,3,1034,1,1,38,38,0,0,0,3,1,3,1,0.58,0.57
279900,108260,0.62,-60.3,-60.4,-1.24,4,7,1.27,0,0,0,0,0,-6,3,1035,1,1,38,38,0,0,0,5,0,4,1,0.60,0.57
279906,108261,0.55,-58.1,-59.3,-1.22,4,7,1.41,0,0,0,0,0,-5,5,1033,1,1,38,38,0,0,0,3,2,1,1,0.55,0.57
279912,108262,0.57,-54.3,-55.9,-1.07,4,6,2.61,0,0,0,0,0,-5,5,1033,1,1,38,38,0,0,0,3,2,1,1,0.55,0.57
279918,108263,0.54,-63.3,-63.7,-1.21,4,7,1.31,0,0,0,0,0,-5,5,1033,1,1,38,38,0,0,0,3,2,1,1,0.55,0.57
279924,108264,0.53,-58.1,-59.3,-1.33,4,6,2.36,0,0,0,0,0,-6,3,1033,1,1,38,38,0,0,0,3,5,2,1,0.55,0.57
279930,108265,0.58,-58.1,-59.6,-1.10,4,6,2.44,0,0,0,0,0,-6,3,1033,1,1,38,38,0,0,0,3,5,2,1,0.55,0.57
279936,108266,0.62,-62.7,-63.6,-0.75,4,7,1.22,0,0,0,0,0,-6,3,1033,1,1,38,38,0,0,0,3,5,2,1,0.57,0.57
279942,108267,0.61,-54.3,-55.5,-0.95,4,7,1.39,0,0,0,0,0,-5,2,1033,1,1,38,38,0,0,0,3,-1,6,1,0.58,0.57
279948,108268,0.53,-58.1,-59.8,-1.12,4,6,2.41,0,0,0,0,0,-5,2,1033,1,1,38,38,0,0,0,3,-1,6,1,0.58,0.57
279954,108269,0.68,-62.7,-63.4,-0.75,4,7,2.11,0,0,0,0,0,-5,2,1033,1,1,38,38,0,0,0,3,-1,6,1,0.61,0.57
279984,108270,0.54,-62.1,-63.2,-1.09,4,7,1.56,0,0,0,0,0,-5,2,1033,1,1,38,38,0,0,0,3,-1,6,1,0.61,0.57
280157,108271,0.58,-61.6,-63.5,-0.88,4,7,2.22,0,0,0,0,0,-6,2,1033,1,1,38,38,0,0,0,4,-2,2,1,0.58,0.57
280198,108272,0.56,-58.1,-60.1,-1.25,4,7,2.05,0,0,0,0,0,-5,3,1034,1,1,38,38,0,0,0,0,1,3,1,0.56,0.57
280251,108273,0.46,-63.3,-63.8,-1.74,4,7,1.64,0,0,0,0,0,-5,2,1034,1,1,38,38,0,0,0,2,-3,2,1,0.56,0.57
280302,108274,0.54,-62.1,-63.3,-1.01,4,6,2.56,0,0,0,0,0,-5,2,1034,1,1,38,38,0,0,0,1,2,2,1,0.54,0.57
280332,108275,0.61,-60.3,-60.5,-0.80,4,7,1.53,0,0,0,0,0,-4,2,1034,1,1,38,38,0,0,0,2,3,-1,1,0.56,0.57
280338,108276,0.54,-58.1,-59.3,-1.34,4,7,1.75,0,0,0,0,0,-5,2,1033,1,1,38,38,0,0,0,6,1,2,1,0.54,0.57
280344,108277,0.63,-59.1,-59.8,-0.91,4,7,1.50,0,0,0,0,0,-5,3,1034,1,1,38,38,0,0,0,4,-4,0,1,0.54,0.57
280350,108278,0.56,-59.1,-59.9,-1.12,4,7,1.64,0,0,0,0,0,-5,3,1034,1,1,38,38,0,0,0,4,-4,0,1,0.56,0.57
280356,108279,0.58,-62.1,-63.1,-0.91,4,6,2.70,0,0,0,0,0,-5,3,1034,1,1,38,38,0,0,0,4,-4,0,1,0.58,0.57
280362,108280,0.67,-59.1,-59.7,-0.75,4,7,1.47,0,0,0,0,0,-5,3,1034,1,1,38,38,0,0,0,-1,0,-1,1,0.58,0.57
280368,108281,0.62,-60.3,-60.3,-0.85,4,7,1.31,0,0,0,0,0,-5,3,1034,1,1,38,38,0,0,0,-1,0,-1,1,0.62,0.57
280374,108282,0.59,-59.1,-60.0,-1.10,4,7,1.55,0,0,0,0,0,-5,3,1034,1,1,38,38,0,0,0,-1,0,-1,1,0.59,0.57
280382,108283,0.61,-62.7,-63.6,-1.04,4,6,2.38,0,0,0,0,0,-5,3,1035,1,1,38,38,0,0,0,4,0,0,1,0.61,0.57
280427,108284,0.56,-59.1,-59.8,-1.01,4,7,1.66,0,0,0,0,0,-5,3,1035,1,1,38,38,0,0,0,4,0,0,1,0.61,0.58
280463,108285,0.54,-54.3,-55.9,-0.97,4,6,2.42,0,0,0,0,0,-5,4,1033,1,1,38,38,0,0,0,1,-1,2,1,0.59,0.58
280521,108286,0.53,-63.3,-64.1,-1.88,4,7,2.05,0,0,0,0,0,-5,3,1034,1,1,38,38,0,0,0,5,-1,2,1,0.56,0.58
280567,108287,0.57,-62.1,-62.9,-0.92,4,7,1.64,0,0,0,0,0,-5,2,1034,1,1,38,38,0,0,0,1,-1,1,1,0.56,0.58
280591,108288,0.49,-58.1,-61.1,-0.95,4,7,2.05,0,0,0,0,0,-6,2,1033,1,1,38,38,0,0,0,2,2,1,1,0.54,0.57
280616,108289,0.56,-62.1,-63.0,-1.10,4,7,1.36,0,0,0,0,0,-6,3,1033,1,1,38,38,0,0,0,3,2,6,1,0.54,0.57
280622,108290,0.55,-62.1,-63.0,-1.36,4,7,1.44,0,0,0,0,0,-6,3,1033,1,1,38,38,0,0,0,6,2,2,1,0.55,0.57
280628,108291,0.65,-59.1,-60.2,-0.91,4,7,1.16,0,0,0,0,0,-6,3,1033,1,1,38,38,0,0,0,6,2,2,1,0.56,0.57
280634,108292,0.59,-58.1,-60.0,-0.95,4,6,2.39,0,0,0,0,0,-6,3,1033,1,1,38,38,0,0,0,6,2,2,1,0.56,0.57
280640,108293,0.53,-54.3,-55.5,-1.21,4,7,1.41,0,0,0,0,0,-5,3,1034,1,1,38,38,0,0,0,4,3,3,1,0.56,0.57
280646,108294,0.59,-62.7,-63.8,-0.95,4,7,1.22,0,0,0,0,0,-5,3,1034,1,1,38,38,0,0,0,4,3,3,1,0.59,0.57
280652,108295,0.53,-62.1,-63.5,-1.07,4,6,2.42,0,0,0,0,0,-5,3,1034,1,1,38,38,0,0,0,4,3,3,1,0.59,0.57
280658,108296,0.63,-59.1,-60.4,-1.04,4,7,2.09,0,0,0,0,0,-4,3,1034,1,1,38,38,0,0,0,3,0,4,1,0.59,0.57
280664,108297,0.58,-58.1,-60.0,-1.07,4,6,2.41,0,0,0,0,0,-4,3,1034,1,1,38,38,0,0,0,3,0,4,1,0.58,0.57
280669,108298,0.62,-62.7,-63.9,-1.07,4,7,1.14,0,0,0,0,0,-4,3,1034,1,1,38,38,0,0,0,3,0,4,1,0.59,0.57
280677,108299,0.58,-58.1,-59.8,-0.97,4,7,2.25,0,0,0,0,0,-4,3,1034,1,1,38,38,0,0,0,3,0,4,1,0.58,0.58
280698,108300,0.65,-62.7,-63.4,-0.80,4,7,1.91,0,0,0,0,0,-4,3,1033,1,1,38,38,0,0,0,3,5,2,1,0.62,0.58
280734,108301,0.54,-62.1,-62.7,-1.40,4,7,1.61,0,0,0,0,0,-4,3,1033,1,1,38,38,0,0,0,3,3,-2,1,0.58,0.58
280740,108302,0.61,-58.1,-59.4,-0.76,4,7,1.81,0,0,0,0,0,-6,3,1034,1,1,38,38,0,0,0,3,2,0,1,0.61,0.58
280746,108303,0.62,-59.1,-59.8,-0.98,4,7,1.55,0,0,0,0,0,-6,3,1034,1,1,38,38,0,0,0,3,2,0,1,0.61,0.58
280754,108304,0.60,-58.1,-59.3,-1.03,4,7,1.50,0,0,0,0,0,-6,3,1034,1,1,38,38,0,0,0,3,2,0,1,0.61,0.58
280790,108305,0.60,-59.1,-60.1,-0.80,4,7,1.92,0,0,0,0,0,-5,3,1036,1,1,38,38,0,0,0,5,1,0,1,0.60,0.58
280841,108306,0.48,-59.1,-59.6,-1.45,4,7,1.81,0,0,0,0,0,-6,2,1035,1,1,38,38,0,0,0,1,1,0,1,0.60,0.58
280847,108307,0.57,-58.1,-60.5,-0.82,4,7,2.02,0,0,0,0,0,-4,3,1034,1,1,38,38,0,0,0,6,3,6,1,0.60,0.58
280853,108308,0.59,-60.3,-60.3,-1.01,4,7,1.52,0,0,0,0,0,-4,3,1034,1,1,38,38,0,0,0,6,3,6,1,0.59,0.59
280859,108309,0.57,-59.1,-59.5,-1.15,4,7,1.69,0,0,0,0,0,-6,3,1033,1,1,38,38,0,0,0,4,1,3,1,0.57,0.58
280865,108310,0.59,-58.1,-59.4,-0.88,4,7,1.81,0,0,0,0,0,-6,3,1033,1,1,38,38,0,0,0,4,1,3,1,0.57,0.58
280871,108311,0.64,-60.3,-60.4,-0.72,4,7,1.45,0,0,0,0,0,-6,3,1033,1,1,38,38,0,0,0,4,1,3,1,0.59,0.58
280876,108312,0.58,-59.1,-59.8,-1.07,4,7,1.64,0,0,0,0,0,-5,3,1033,1,1,38,38,0,0,0,3,1,1,1,0.59,0.58
280912,108313,0.55,-58.1,-59.6,-1.43,4,7,2.25,0,0,0,0,0,-5,3,1033,1,1,38,38,0,0,0,3,1,1,1,0.58,0.58
280918,108314,0.64,-63.3,-63.8,-0.92,4,7,1.03,0,0,0,0,0,-6,3,1033,1,1,38,38,0,0,0,1,3,4,1,0.59,0.58
280924,108315,0.64,-54.3,-55.9,-0.75,4,7,2.30,0,0,0,0,0,-6,3,1033,1,1,38,38,0,0,0,1,3,4,1,0.64,0.59
280930,108316,0.58,-59.1,-60.0,-1.24,4,7,2.22,0,0,0,0,0,-6,3,1033,1,1,38,38,0,0,0,1,3,4,1,0.58,0.59
280936,108317,0.56,-58.1,-59.8,-1.16,4,7,2.20,0,0,0,0,0,-5,4,1034,1,1,38,38,0,0,0,2,0,-1,1,0.58,0.59
280942,108318,0.55,-62.7,-63.9,-1.39,4,7,1.94,0,0,0,0,0,-5,4,1034,1,1,38,38,0,0,0,2,0,-1,1,0.58,0.59
280982,108319,0.53,-54.3,-56.4,-1.21,4,7,2.33,0,0,0,0,0,-5,4,1034,1,1,38,38,0,0,0,2,0,-1,1,0.56,0.59
280988,108320,0.60,-60.3,-60.3,-1.24,4,7,1.80,0,0,0,0,0,-4,3,1033,1,1,38,38,0,0,0,2,2,1,1,0.56,0.58
280994,108321,0.62,-62.7,-63.6,-0.97,4,7,1.83,0,0,0,0,0,-4,3,1033,1,1,38,38,0,0,0,2,2,1,1,0.56,0.58
281000,108322,0.51,-62.7,-63.4,-1.46,4,7,1.92,0,0,0,0,0,-6,2,1035,1,1,38,38,0,0,0,2,-4,1,1,0.55,0.58
281006,108323,0.63,-62.7,-63.5,-0.82,4,7,1.81,0,0,0,0,0,-6,2,1035,1,1,38,38,0,0,0,2,-4,1,1,0.60,0.58
281030,108324,0.57,-59.1,-59.6,-0.92,4,7,2.00,0,0,0,0,0,-6,2,1035,1,1,38,38,0,0,0,2,-4,1,1,0.60,0.58
281038,108325,0.59,-58.1,-59.6,-1.00,4,7,1.69,0,0,0,0,0,-6,4,1034,1,1,38,38,0,0,0,1,-1,1,1,0.59,0.58
281046,108326,0.57,-59.1,-59.7,-0.88,4,7,1.45,0,0,0,0,0,-6,4,1034,1,1,38,38,0,0,0,1,-1,1,1,0.57,0.58
281054,108327,0.60,-62.7,-63.7,-0.83,4,7,1.95,0,0,0,0,0,-6,4,1034,1,1,38,38,0,0,0,1,-1,1,1,0.59,0.58
281084,108328,0.64,-62.1,-63.1,-0.86,4,6,2.41,0,0,0,0,0,-6,3,1033,1,1,38,38,0,0,0,2,0,4,1,0.59,0.58
281107,108329,0.57,-59.1,-59.9,-1.36,4,7,2.25,0,0,0,0,0,-5,3,1034,1,1,38,38,0,0,0,3,0,2,1,0.59,0.58
281115,108330,0.51,-62.7,-63.7,-1.76,4,7,1.84,0,0,0,0,0,-6,2,1033,1,1,38,38,0,0,0,1,3,3,1,0.57,0.58
281123,108331,0.53,-59.1,-59.8,-1.33,4,7,1.67,0,0,0,0,0,-4,4,1033,1,1,38,38,0,0,0,2,1,0,1,0.57,0.58
281175,108332,0.60,-59.1,-59.8,-0.92,4,7,1.31,0,0,0,0,0,-4,4,1033,1,1,38,38,0,0,0,2,1,0,1,0.57,0.58
281181,108333,0.53,-58.1,-59.6,-1.04,4,7,1.97,0,0,0,0,0,-6,4,1034,1,1,38,38,0,0,0,4,-1,1,1,0.53,0.58
281211,108334,0.57,-62.7,-63.5,-0.98,4,7,1.70,0,0,0,0,0,-6,4,1034,1,1,38,38,0,0,0,4,-1,1,1,0.53,0.58
281219,108335,0.51,-63.3,-63.9,-1.27,4,7,1.58,0,0,0,0,0,-5,2,1034,1,1,38,38,0,0,0,5,2,2,1,0.53,0.57
281242,108336,0.61,-63.3,-63.7,-0.85,4,7,1.30,0,0,0,0,0,-5,2,1034,1,1,38,38,0,0,0,5,2,2,1,0.57,0.57
281248,108337,0.53,-63.3,-64.0,-1.36,4,7,2.28,0,0,0,0,0,-5,3,1034,1,1,38,38,0,0,0,1,-1,-2,1,0.53,0.57
281254,108338,0.55,-54.3,-55.8,-1.06,4,7,1.44,0,0,0,0,0,-6,3,1034,1,1,38,38,0,0,0,4,4,0,1,0.55,0.57
281290,108339,0.60,-62.7,-63.5,-0.88,4,7,1.81,0,0,0,0,0,-6,3,1034,1,1,38,38,0,0,0,4,4,0,1,0.55,0.57
281296,108340,0.53,-54.3,-56.0,-1.12,4,7,2.11,0,0,0,0,0,-5,3,1034,1,1,38,38,0,0,0,4,1,1,1,0.55,0.57
281302,108341,0.57,-58.1,-59.3,-1.10,4,7,1.98,0,0,0,0,0,-5,3,1034,1,1,38,38,0,0,0,4,1,1,1,0.55,0.57
281308,108342,0.52,-59.1,-59.7,-1.40,4,7,1.98,0,0,0,0,0,-5,3,1034,1,1,38,38,0,0,0,4,1,1,1,0.55,0.57
281314,108343,0.53,-58.1,-59.3,-1.36,4,7,1.78,0,0,0,0,0,-5,3,1034,1,1,38,38,0,0,0,6,1,4,1,0.53,0.57
281350,108344,0.58,-62.1,-63.0,-0.82,4,7,1.44,0,0,0,0,0,-5,3,1034,1,1,38,38,0,0,0,6,1,4,1,0.53,0.56
281356,108345,0.49,-58.1,-59.6,-1.21,4,7,1.89,0,0,0,0,0,-5,4,1035,1,1,38,38,0,0,0,3,-1,-1,1,0.53,0.56
281401,108346,0.60,-60.3,-60.2,-0.98,4,7,1.59,0,0,0,0,0,-5,4,1035,1,1,38,38,0,0,0,3,-1,-1,1,0.53,0.56
281407,108347,0.55,-62.1,-62.7,-1.10,4,7,1.72,0,0,0,0,0,-5,3,1036,1,1,38,38,0,0,0,2,-1,1,1,0.55,0.56
281413,108348,0.57,-58.1,-59.3,-0.94,4,7,1.89,0,0,0,0,0,-5,3,1034,1,1,38,38,0,0,0,2,0,0,1,0.57,0.56
281419,108349,0.59,-59.1,-59.7,-0.85,4,7,1.73,0,0,0,0,0,-5,3,1034,1,1,38,38,0,0,0,2,0,0,1,0.57,0.56
281427,108350,0.60,-58.1,-59.3,-1.16,4,7,1.42,0,0,0,0,0,-5,3,1034,1,1,38,38,0,0,0,2,0,0,1,0.59,0.56
281462,108351,0.57,-58.1,-59.9,-1.33,4,7,2.11,0,0,0,0,0,-6,2,1034,1,1,38,38,0,0,0,2,-2,1,1,0.57,0.56
281481,108352,0.58,-59.1,-59.6,-1.01,4,7,1.59,0,0,0,0,0,-4,3,1034,1,1,38,38,0,0,0,2,-2,5,1,0.58,0.56
281549,108353,0.56,-58.1,-59.3,-1.01,4,7,1.88,0,0,0,0,0,-5,2,1035,1,1,38,38,0,0,0,2,-2,2,1,0.58,0.56
281555,108354,0.60,-62.7,-63.3,-0.92,4,7,1.34,0,0,0,0,0,-5,3,1033,1,1,38,38,0,0,0,0,1,2,1,0.58,0.57
281561,108355,0.47,-58.1,-59.7,-1.03,4,7,2.00,0,0,0,0,0,-5,3,1033,1,1,38,38,0,0,0,0,1,2,1,0.57,0.57
281567,108356,0.60,-59.1,-59.9,-0.92,4,7,1.20,0,0,0,0,0,-5,3,1033,1,1,38,38,0,0,0,0,1,2,1,0.58,0.57
281573,108357,0.55,-59.1,-59.8,-1.01,4,7,1.44,0,0,0,0,0,-5,3,1035,1,1,38,38,0,0,0,4,-1,3,1,0.56,0.57
281609,108358,0.62,-59.1,-60.3,-0.88,4,7,2.11,0,0,0,0,0,-5,3,1035,1,1,38,38,0,0,0,4,-1,3,1,0.60,0.57
281649,108359,0.58,-60.3,-60.6,-1.13,4,7,1.88,0,0,0,0,0,-6,3,1034,1,1,38,38,0,0,0,3,1,-1,1,0.58,0.57
281655,108360,0.59,-62.7,-63.8,-1.18,4,7,1.94,0,0,0,0,0,-5,3,1033,1,1,38,38,0,0,0,1,1,-2,1,0.59,0.57
281661,108361,0.53,-54.3,-56.1,-1.01,4,7,2.28,0,0,0,0,0,-5,3,1033,1,1,38,38,0,0,0,1,1,-2,1,0.58,0.57
281667,108362,0.65,-62.7,-63.5,-0.80,4,7,1.83,0,0,0,0,0,-5,3,1033,1,1,38,38,0,0,0,1,1,-2,1,0.59,0.57
281673,108363,0.57,-62.7,-63.7,-1.04,4,7,0.86,0,0,0,0,0,-5,2,1034,1,1,38,38,0,0,0,4,1,7,1,0.58,0.57
281720,108364,0.60,-63.3,-63.9,-1.34,4,7,2.14,0,0,0,0,0,-5,2,1034,1,1,38,38,0,0,0,4,1,7,1,0.59,0.57
281744,108365,0.57,-58.1,-59.7,-0.95,4,7,2.31,0,0,0,0,0,-5,2,1034,1,1,38,38,0,0,0,4,3,0,1,0.57,0.57
281784,108366,0.52,-63.3,-64.1,-1.42,4,7,1.16,0,0,0,0,0,-5,2,1034,1,1,38,38,0,0,0,2,1,1,1,0.57,0.57
281790,108367,0.56,-59.1,-59.8,-1.01,4,6,2.36,0,0,0,0,0,-4,3,1034,1,1,38,38,0,0,0,3,-1,5,1,0.57,0.57
281796,108368,0.55,-59.1,-60.0,-1.34,4,7,2.33,0,0,0,0,0,-5,4,1035,1,1,38,38,0,0,0,0,4,1,1,0.56,0.57
281802,108369,0.59,-63.3,-63.9,-1.42,4,7,1.95,0,0,0,0,0,-5,4,1035,1,1,38,38,0,0,0,0,4,1,1,0.56,0.57
281808,108370,0.59,-58.1,-59.8,-1.07,4,7,2.28,0,0,0,0,0,-5,4,1035,1,1,38,38,0,0,0,0,4,1,1,0.56,0.57
281814,108371,0.59,-63.3,-64.3,-1.30,4,7,2.08,0,0,0,0,0,-6,3,1034,1,1,38,38,0,0,0,3,2,0,1,0.59,0.57
281820,108372,0.56,-59.1,-60.7,-1.16,4,7,2.27,0,0,0,0,0,-6,3,1034,1,1,38,38,0,0,0,3,2,0,1,0.59,0.57
281826,108373,0.50,-62.1,-63.7,-1.77,4,7,2.14,0,0,0,0,0,-6,3,1034,1,1,38,38,0,0,0,3,2,0,1,0.59,0.57
281834,108374,0.58,-62.1,-63.1,-1.03,4,7,1.94,0,0,0,0,0,-6,3,1034,1,1,38,38,0,0,0,2,3,3,1,0.58,0.57
281841,108375,0.58,-62.1,-62.9,-0.83,4,7,1.72,0,0,0,0,0,-6,3,1034,1,1,38,38,0,0,0,2,3,3,1,0.58,0.58
281847,108376,0.47,-62.1,-62.8,-1.61,4,7,1.69,0,0,0,0,0,-6,3,1034,1,1,38,38,0,0,0,2,3,3,1,0.56,0.57
281853,108377,0.60,-59.1,-60.0,-1.15,4,7,1.45,0,0,0,0,0,-6,3,1034,1,1,38,38,0,0,0,3,-1,0,1,0.58,0.57
281883,108378,0.53,-58.1,-60.0,-1.04,4,7,2.30,0,0,0,0,0,-6,3,1034,1,1,38,38,0,0,0,3,-1,0,1,0.58,0.58
281889,108379,0.58,-59.1,-59.8,-0.88,4,7,1.97,0,0,0,0,0,-6,3,1034,1,1,38,38,0,0,0,1,-1,4,1,0.58,0.58
281895,108380,0.66,-62.7,-63.4,-0.70,4,7,1.80,0,0,0,0,0,-5,3,1035,1,1,38,38,0,0,0,3,2,0,1,0.58,0.58
281901,108381,0.60,-60.3,-60.3,-1.10,4,7,1.77,0,0,0,0,0,-5,3,1035,1,1,38,38,0,0,0,3,2,0,1,0.60,0.58
281969,108382,0.56,-58.1,-60.7,-0.89,4,7,2.02,0,0,0,0,0,-5,3,1035,1,1,38,38,0,0,0,3,2,0,1,0.58,0.58
282011,108383,0.57,-59.1,-60.5,-1.00,4,7,2.05,0,0,0,0,0,-4,3,1034,1,1,38,38,0,0,0,3,3,1,1,0.58,0.58
282067,108384,0.56,-54.3,-56.1,-1.10,4,7,2.30,0,0,0,0,0,-5,3,1034,1,1,38,38,0,0,0,4,1,0,1,0.57,0.58
282073,108385,0.57,-59.1,-60.5,-0.92,4,7,2.16,0,0,0,0,0,-4,3,1033,1,1,38,38,0,0,0,2,0,3,1,0.57,0.58
282079,108386,0.53,-58.1,-60.0,-1.33,4,7,2.16,0,0,0,0,0,-4,3,1033,1,1,38,38,0,0,0,2,0,3,1,0.56,0.58
282085,108387,0.54,-59.1,-59.6,-1.33,4,7,1.92,0,0,0,0,0,-4,3,1033,1,1,38,38,0,0,0,2,0,3,1,0.56,0.58
282091,108388,0.57,-62.7,-63.7,-1.30,4,7,1.84,0,0,0,0,0,-6,3,1034,1,1,38,38,0,0,0,2,2,3,1,0.56,0.57
282097,108389,0.57,-59.1,-59.7,-1.22,4,7,1.91,0,0,0,0,0,-6,3,1034,1,1,38,38,0,0,0,2,2,3,1,0.57,0.57
282122,108390,0.60,-59.1,-59.6,-1.04,4,7,1.88,0,0,0,0,0,-6,3,1034,1,1,38,38,0,0,0,2,2,3,1,0.57,0.57
282128,108391,0.57,-59.1,-60.6,-0.91,4,7,2.05,0,0,0,0,0,-5,3,1033,1,1,38,38,0,0,0,1,-1,0,1,0.57,0.57
282134,108392,0.52,-58.1,-60.1,-0.98,4,7,2.27,0,0,0,0,0,-4,2,1034,1,1,38,38,0,0,0,1,2,3,1,0.57,0.57
282207,108393,0.56,-58.1,-59.7,-1.31,4,7,2.25,0,0,0,0,0,-4,2,1034,1,1,38,38,0,0,0,1,2,3,1,0.57,0.57
282213,108394,0.57,-59.1,-60.0,-1.15,4,7,2.31,0,0,0,0,0,-5,3,1034,1,1,38,38,0,0,0,2,-1,4,1,0.57,0.57
282219,108395,0.56,-54.3,-56.2,-0.98,4,6,2.50,0,0,0,0,0,-5,3,1034,1,1,38,38,0,0,0,2,-1,4,1,0.56,0.57
282225,108396,0.61,-58.1,-59.7,-0.92,4,7,2.17,0,0,0,0,0,-5,3,1034,1,1,38,38,0,0,0,2,-1,4,1,0.56,0.57
282244,108397,0.61,-59.1,-59.5,-0.86,4,7,1.77,0,0,0,0,0,-6,2,1033,1,1,38,38,0,0,0,5,3,4,1,0.57,0.57
282268,108398,0.61,-59.1,-59.7,-0.88,4,7,1.75,0,0,0,0,0,-5,3,1033,1,1,38,38,0,0,0,5,0,1,1,0.61,0.57
282288,108399,0.53,-54.3,-55.9,-1.25,4,6,2.36,0,0,0,0,0,-5,3,1034,1,1,38,38,0,0,0,2,-1,1,1,0.61,0.58
282333,108400,0.59,-58.1,-59.3,-0.91,4,7,1.67,0,0,0,0,0,-5,2,1033,1,1,38,38,0,0,0,-2,0,1,1,0.61,0.58
282339,108401,0.56,-58.1,-59.6,-0.92,4,7,1.58,0,0,0,0,0,-5,2,1035,1,1,38,38,0,0,0,0,1,7,1,0.59,0.58
282345,108402,0.64,-60.3,-60.4,-0.97,4,7,1.31,0,0,0,0,0,-5,2,1035,1,1,38,38,0,0,0,0,1,7,1,0.59,0.58
282351,108403,0.58,-62.1,-63.1,-1.10,4,6,2.64,0,0,0,0,0,-6,3,1034,1,1,38,38,0,0,0,2,0,1,1,0.58,0.58
282357,108404,0.56,-63.3,-63.8,-1.49,4,7,1.41,0,0,0,0,0,-6,3,1034,1,1,38,38,0,0,0,2,0,1,1,0.58,0.58
282381,108405,0.59,-63.3,-64.0,-1.22,4,7,1.31,0,0,0,0,0,-6,3,1034,1,1,38,38,0,0,0,2,0,1,1,0.58,0.58
282387,108406,0.58,-62.1,-63.0,-0.86,4,7,1.39,0,0,0,0,0,-5,4,1034,1,1,38,38,0,0,0,0,4,-1,1,0.58,0.58
282393,108407,0.59,-62.1,-63.3,-1.10,4,7,1.50,0,0,0,0,0,-5,4,1034,1,1,38,38,0,0,0,0,4,-1,1,0.58,0.58
282399,108408,0.57,-60.3,-60.2,-1.15,4,7,1.16,0,0,0,0,0,-5,4,1034,1,1,38,38,0,0,0,0,4,-1,1,0.58,0.58
282405,108409,0.59,-59.1,-59.9,-1.10,4,7,2.13,0,0,0,0,0,-5,4,1034,1,1,38,38,0,0,0,0,4,-1,1,0.59,0.58
282411,108410,0.59,-58.1,-59.4,-1.10,4,7,1.42,0,0,0,0,0,-5,4,1033,1,1,38,38,0,0,0,2,1,1,1,0.59,0.58
282417,108411,0.62,-63.3,-63.8,-1.12,4,7,1.28,0,0,0,0,0,-5,4,1033,1,1,38,38,0,0,0,2,1,1,1,0.59,0.58
282423,108412,0.58,-63.3,-63.6,-0.88,4,7,1.20,0,0,0,0,0,-5,4,1033,1,1,38,38,0,0,0,2,1,1,1,0.59,0.58
282429,108413,0.58,-59.1,-60.0,-1.09,4,6,2.39,0,0,0,0,0,-5,2,1033,1,1,38,38,0,0,0,4,2,0,1,0.59,0.58
282435,108414,0.55,-59.1,-59.6,-1.48,4,7,2.30,0,0,0,0,0,-5,2,1033,1,1,38,38,0,0,0,4,2,0,1,0.58,0.58
282467,108415,0.57,-59.1,-60.0,-1.21,4,7,2.27,0,0,0,0,0,-5,2,1033,1,1,38,38,0,0,0,4,2,0,1,0.58,0.58
282473,108416,0.54,-58.1,-60.0,-0.92,4,7,2.25,0,0,0,0,0,-4,3,1035,1,1,38,38,0,0,0,0,2,5,1,0.57,0.58
282479,108417,0.53,-62.1,-63.6,-1.19,4,7,2.16,0,0,0,0,0,-4,3,1035,1,1,38,38,0,0,0,0,2,5,1,0.55,0.58
282485,108418,0.60,-59.1,-60.6,-0.88,4,7,2.23,0,0,0,0,0,-4,3,1035,1,1,38,38,0,0,0,0,2,5,1,0.55,0.58
282491,108419,0.56,-62.1,-63.2,-1.55,4,7,2.00,0,0,0,0,0,-6,3,1033,1,1,38,38,0,0,0,0,-1,6,1,0.56,0.58
282497,108420,0.62,-62.7,-63.7,-1.10,4,7,1.91,0,0,0,0,0,-6,3,1033,1,1,38,38,0,0,0,0,-1,6,1,0.56,0.58
282503,108421,0.55,-61.6,-63.4,-0.85,4,7,2.22,0,0,0,0,0,-6,3,1033,1,1,38,38,0,0,0,0,-1,6,1,0.56,0.58
282509,108422,0.66,-62.7,-63.5,-0.76,4,7,1.84,0,0,0,0,0,-4,3,1033,1,1,38,38,0,0,0,2,1,1,1,0.60,0.58
282515,108423,0.64,-62.7,-63.5,-0.60,4,7,1.84,0,0,0,0,0,-4,3,1033,1,1,38,38,0,0,0,2,1,1,1,0.62,0.58
282521,108424,0.49,-62.1,-63.1,-1.55,4,7,1.95,0,0,0,0,0,-4,3,1033,1,1,38,38,0,0,0,2,1,1,1,0.62,0.58
282527,108425,0.60,-62.7,-63.8,-1.10,4,7,1.86,0,0,0,0,0,-4,3,1034,1,1,38,38,0,0,0,3,0,-2,1,0.60,0.58
282533,108426,0.55,-59.1,-59.6,-1.21,4,7,1.88,0,0,0,0,0,-4,3,1034,1,1,38,38,0,0,0,3,0,-2,1,0.60,0.58
282539,108427,0.56,-59.1,-59.6,-1.12,4,7,1.92,0,0,0,0,0,-4,3,1034,1,1,38,38,0,0,0,3,0,-2,1,0.56,0.58
282544,108428,0.66,-63.3,-63.6,-0.77,4,7,1.80,0,0,0,0,0,-4,3,1034,1,1,38,38,0,0,0,3,0,-2,1,0.56,0.58
282550,108429,0.59,-60.3,-60.3,-1.24,4,7,1.70,0,0,0,0,0,-5,3,1034,1,1,38,38,0,0,0,4,1,3,1,0.59,0.58
282630,108430,0.54,-59.1,-59.7,-1.03,4,7,1.67,0,0,0,0,0,-5,3,1034,1,1,38,38,0,0,0,4,1,3,1,0.56,0.58
282635,108431,0.48,-58.1,-59.8,-1.25,4,7,1.97,0,0,0,0,0,-5,3,1035,1,1,38,38,0,0,0,0,-3,3,1,0.56,0.58
282641,108432,0.63,-60.3,-60.4,-0.88,4,7,1.27,0,0,0,0,0,-5,3,1035,1,1,38,38,0,0,0,0,-3,3,1,0.59,0.58
282647,108433,0.50,-59.1,-59.6,-1.51,4,7,1.50,0,0,0,0,0,-5,3,1033,1,1,38,38,0,0,0,2,0,2,1,0.54,0.58
282653,108434,0.57,-59.1,-60.0,-1.10,4,7,1.38,0,0,0,0,0,-5,3,1033,1,1,38,38,0,0,0,2,0,2,1,0.54,0.58
282659,108435,0.58,-59.1,-59.7,-0.89,4,7,1.39,0,0,0,0,0,-5,3,1033,1,1,38,38,0,0,0,2,0,2,1,0.57,0.58
282665,108436,0.54,-58.1,-59.8,-0.94,4,7,1.98,0,0,0,0,0,-4,4,1035,1,1,38,38,0,0,0,3,1,4,1,0.57,0.58
282671,108437,0.56,-63.3,-63.7,-1.13,4,7,1.39,0,0,0,0,0,-4,4,1035,1,1,38,38,0,0,0,3,1,4,1,0.56,0.58
282677,108438,0.56,-62.1,-63.0,-0.92,4,6,2.48,0,0,0,0,0,-4,4,1035,1,1,38,38,0,0,0,3,1,4,1,0.56,0.58
282683,108439,0.55,-59.1,-59.8,-1.18,4,7,1.42,0,0,0,0,0,-4,4,1035,1,1,38,38,0,0,0,3,1,4,1,0.56,0.57
282708,108440,0.53,-60.3,-60.3,-1.39,4,7,1.17,0,0,0,0,0,-5,4,1034,1,1,38,38,0,0,0,1,-2,1,1,0.55,0.57
282714,108441,0.45,-54.3,-55.2,-1.61,4,7,1.53,0,0,0,0,0,-5,2,1034,1,1,38,38,0,0,0,1,2,3,1,0.55,0.57
282720,108442,0.54,-59.1,-60.0,-1.03,4,6,2.41,0,0,0,0,0,-5,2,1034,1,1,38,38,0,0,0,1,2,3,1,0.54,0.57
282741,108443,0.50,-58.1,-59.5,-0.97,4,7,1.81,0,0,0,0,0,-7,3,1034,1,1,38,38,0,0,0,6,-3,1,1,0.53,0.57
282747,108444,0.59,-62.7,-63.4,-0.98,4,6,2.47,0,0,0,0,0,-5,3,1034,1,1,38,38,0,0,0,4,0,3,1,0.53,0.57
282766,108445,0.46,-54.3,-56.0,-1.42,4,7,2.16,0,0,0,0,0,-5,3,1034,1,1,38,38,0,0,0,4,0,3,1,0.50,0.56
282796,108446,0.60,-59.1,-59.9,-0.94,4,7,2.28,0,0,0,0,0,-5,3,1034,1,1,38,38,0,0,0,1,2,4,1,0.54,0.56
282802,108447,0.50,-54.3,-56.1,-1.13,4,7,2.33,0,0,0,0,0,-5,3,1034,1,1,38,38,0,0,0,2,1,3,1,0.50,0.56
282808,108448,0.60,-59.1,-60.3,-0.94,4,7,2.25,0,0,0,0,0,-6,2,1035,1,1,38,38,0,0,0,3,3,2,1,0.59,0.56
282838,108449,0.61,-54.3,-55.7,-0.95,4,7,1.50,0,0,0,0,0,-6,2,1035,1,1,38,38,0,0,0,3,3,2,1,0.60,0.56
282895,108450,0.60,-58.1,-59.3,-0.89,4,7,1.73,0,0,0,0,0,-5,3,1034,1,1,38,38,0,0,0,1,-2,6,1,0.60,0.56
282901,108451,0.62,-60.3,-60.3,-1.07,4,7,1.50,0,0,0,0,0,-6,3,1033,1,1,38,38,0,0,0,3,0,1,1,0.60,0.57
282907,108452,0.59,-62.1,-62.9,-0.69,4,7,1.66,0,0,0,0,0,-5,3,1034,1,1,38,38,0,0,0,3,0,4,1,0.60,0.57
282912,108453,0.53,-54.3,-55.0,-1.03,4,7,1.73,0,0,0,0,0,-5,3,1034,1,1,38,38,0,0,0,3,0,4,1,0.60,0.57
282918,108454,0.63,-59.1,-59.8,-1.10,4,7,1.36,0,0,0,0,0,-5,3,1034,1,1,38,38,0,0,0,3,0,4,1,0.60,0.57
282960,108455,0.57,-59.1,-59.7,-0.98,4,7,1.64,0,0,0,0,0,-5,4,1035,1,1,38,38,0,0,0,0,-1,3,1,0.59,0.57
282966,108456,0.60,-58.1,-59.4,-0.79,4,7,1.81,0,0,0,0,0,-6,3,1034,1,1,38,38,0,0,0,0,-1,-1,1,0.59,0.57
282972,108457,0.53,-59.1,-59.7,-1.10,4,7,1.78,0,0,0,0,0,-6,3,1034,1,1,38,38,0,0,0,0,-1,-1,1,0.57,0.57
282978,108458,0.55,-58.1,-59.4,-0.95,4,7,1.69,0,0,0,0,0,-6,3,1034,1,1,38,38,0,0,0,0,-1,-1,1,0.57,0.57
282984,108459,0.53,-59.1,-60.0,-1.19,4,7,1.67,0,0,0,0,0,-6,3,1034,1,1,38,38,0,0,0,2,1,0,1,0.55,0.57
282990,108460,0.63,-60.3,-60.4,-0.94,4,7,1.45,0,0,0,0,0,-6,3,1034,1,1,38,38,0,0,0,2,1,0,1,0.55,0.57
282996,108461,0.57,-59.1,-59.8,-0.98,4,7,1.61,0,0,0,0,0,-6,3,1034,1,1,38,38,0,0,0,2,1,0,1,0.55,0.57
283011,108462,0.53,-63.3,-64.1,-1.28,4,7,1.28,0,0,0,0,0,-6,3,1034,1,1,38,38,0,0,0,2,1,0,1,0.55,0.57
283017,108463,0.57,-62.1,-63.3,-1.15,4,7,1.41,0,0,0,0,0,-5,4,1034,1,1,38,38,0,0,0,1,0,5,1,0.57,0.57
283023,108464,0.64,-63.3,-63.7,-1.10,4,7,1.13,0,0,0,0,0,-6,3,1035,1,1,38,38,0,0,0,2,1,3,1,0.57,0.57
283029,108465,0.54,-58.1,-59.9,-0.92,4,6,2.36,0,0,0,0,0,-6,3,1035,1,1,38,38,0,0,0,2,1,3,1,0.57,0.57
283048,108466,0.55,-63.3,-63.7,-1.27,4,7,1.75,0,0,0,0,0,-6,3,1035,1,1,38,38,0,0,0,2,1,3,1,0.55,0.57
283054,108467,0.61,-62.1,-63.1,-0.83,4,7,1.80,0,0,0,0,0,-5,3,1035,1,1,38,38,0,0,0,2,1,2,1,0.57,0.57
283060,108468,0.52,-58.1,-59.4,-1.36,4,7,1.77,0,0,0,0,0,-5,3,1035,1,1,38,38,0,0,0,2,1,2,1,0.55,0.57
283066,108469,0.59,-58.1,-60.4,-0.75,4,7,2.02,0,0,0,0,0,-5,2,1034,1,1,38,38,0,0,0,2,0,1,1,0.55,0.57
283072,108470,0.61,-58.1,-59.1,-0.92,4,7,1.73,0,0,0,0,0,-5,2,1034,1,1,38,38,0,0,0,2,0,1,1,0.59,0.57
283078,108471,0.60,-60.3,-60.1,-1.06,4,7,1.44,0,0,0,0,0,-5,2,1034,1,1,38,38,0,0,0,2,0,1,1,0.60,0.57
283084,108472,0.52,-58.1,-59.2,-1.34,4,7,1.72,0,0,0,0,0,-5,3,1034,1,1,38,38,0,0,0,1,3,4,1,0.59,0.57
283090,108473,0.54,-62.7,-63.5,-1.43,4,7,1.56,0,0,0,0,0,-5,3,1034,1,1,38,38,0,0,0,1,3,4,1,0.59,0.57
283096,108474,0.56,-59.1,-59.8,-1.01,4,7,1.75,0,0,0,0,0,-5,3,1034,1,1,38,38,0,0,0,1,3,4,1,0.56,0.57
283101,108475,0.64,-60.3,-60.4,-0.94,4,7,1.42,0,0,0,0,0,-5,3,1034,1,1,38,38,0,0,0,1,3,4,1,0.56,0.57
283107,108476,0.59,-62.1,-62.9,-0.72,4,7,1.66,0,0,0,0,0,-7,3,1034,1,1,38,38,0,0,0,0,2,2,1,0.56,0.57
283113,108477,0.50,-62.1,-63.2,-1.33,4,6,2.72,0,0,0,0,0,-7,3,1034,1,1,38,38,0,0,0,0,2,2,1,0.56,0.57
283119,108478,0.53,-62.1,-62.7,-1.21,4,7,1.66,0,0,0,0,0,-7,3,1034,1,1,38,38,0,0,0,0,2,2,1,0.56,0.57
283170,108479,0.67,-58.1,-59.5,-0.63,4,7,2.34,0,0,0,0,0,-5,3,1036,1,1,38,38,0,0,0,3,3,1,1,0.59,0.57
283176,108480,0.60,-59.1,-60.1,-1.01,4,7,1.42,0,0,0,0,0,-6,2,1033,1,1,38,38,0,0,0,0,-1,-1,1,0.59,0.57
283182,108481,0.48,-62.1,-63.0,-1.46,4,7,1.39,0,0,0,0,0,-6,3,1035,1,1,38,38,0,0,0,2,0,4,1,0.53,0.57
283188,108482,0.53,-54.3,-55.3,-1.27,4,6,2.45,0,0,0,0,0,-6,3,1035,1,1,38,38,0,0,0,2,0,4,1,0.53,0.57
283207,108483,0.55,-59.1,-60.0,-1.10,4,7,1.81,0,0,0,0,0,-6,3,1035,1,1,38,38,0,0,0,2,0,4,1,0.55,0.57
283213,108484,0.58,-58.1,-59.5,-0.86,4,7,2.00,0,0,0,0,0,-6,3,1034,1,1,38,38,0,0,0,3,-2,1,1,0.55,0.57
283238,108485,0.56,-63.3,-63.6,-1.27,4,7,1.66,0,0,0,0,0,-6,3,1034,1,1,38,38,0,0,0,3,-2,1,1,0.55,0.57
283244,108486,0.57,-59.1,-59.6,-0.91,4,7,1.67,0,0,0,0,0,-6,4,1035,1,1,38,38,0,0,0,-1,-1,-1,1,0.56,0.57
283255,108487,0.54,-54.3,-56.4,-1.04,4,7,2.33,0,0,0,0,0,-6,4,1035,1,1,38,38,0,0,0,-1,-1,-1,1,0.56,0.57
283261,108488,0.54,-58.1,-59.8,-0.92,4,7,2.28,0,0,0,0,0,-6,4,1035,1,1,38,38,0,0,0,-1,-1,2,1,0.56,0.57
283267,108489,0.60,-59.1,-60.4,-0.97,4,7,2.14,0,0,0,0,0,-5,3,1035,1,1,38,38,0,0,0,3,-3,2,1,0.56,0.57
283288,108490,0.60,-59.1,-60.3,-0.86,4,7,2.13,0,0,0,0,0,-5,3,1035,1,1,38,38,0,0,0,3,-3,2,1,0.57,0.57
283294,108491,0.55,-59.1,-60.3,-0.89,4,7,2.23,0,0,0,0,0,-5,3,1034,1,1,38,38,0,0,0,5,1,3,1,0.55,0.57
283300,108492,0.53,-63.3,-64.0,-1.58,4,7,1.86,0,0,0,0,0,-5,3,1034,1,1,38,38,0,0,0,5,1,3,1,0.55,0.56
283306,108493,0.64,-59.1,-60.1,-0.82,4,7,2.02,0,0,0,0,0,-3,3,1034,1,1,38,38,0,0,0,4,-3,4,1,0.60,0.57
283312,108494,0.61,-59.1,-59.9,-0.92,4,7,1.98,0,0,0,0,0,-3,3,1034,1,1,38,38,0,0,0,4,-3,4,1,0.60,0.57
283318,108495,0.53,-54.3,-55.8,-1.06,4,7,2.31,0,0,0,0,0,-3,3,1034,1,1,38,38,0,0,0,4,-3,4,1,0.55,0.57
283324,108496,0.57,-59.1,-60.4,-0.83,4,7,2.16,0,0,0,0,0,-5,3,1035,1,1,38,38,0,0,0,4,-2,3,1,0.57,0.57
283330,108497,0.58,-59.1,-60.3,-0.95,4,7,2.20,0,0,0,0,0,-5,3,1035,1,1,38,38,0,0,0,4,-2,3,1,0.58,0.57
283336,108498,0.52,-58.1,-59.9,-1.24,4,7,2.19,0,0,0,0,0,-5,3,1035,1,1,38,38,0,0,0,4,-2,3,1,0.57,0.57
283342,108499,0.62,-63.3,-64.0,-1.04,4,7,1.88,0,0,0,0,0,-5,3,1033,1,1,38,38,0,0,0,1,-3,1,1,0.57,0.57
283394,108500,0.56,-63.3,-63.9,-1.21,4,7,1.75,0,0,0,0,0,-5,3,1033,1,1,38,38,0,0,0,1,-3,1,1,0.57,0.57
283400,108501,0.63,-59.1,-59.9,-0.85,4,7,1.84,0,0,0,0,0,-6,2,1034,1,1,38,38,0,0,0,3,2,1,1,0.58,0.57
283406,108502,0.60,-59.1,-59.6,-0.98,4,7,1.83,0,0,0,0,0,-5,3,1035,1,1,38,38,0,0,0,4,2,0,1,0.60,0.57
283452,108503,0.51,-54.3,-55.7,-1.13,4,6,2.50,0,0,0,0,0,-5,3,1035,1,1,38,38,0,0,0,4,2,0,1,0.60,0.57
283471,108504,0.58,-59.1,-59.8,-0.98,4,7,1.75,0,0,0,0,0,-5,3,1033,1,1,38,38,0,0,0,3,0,0,1,0.58,0.57
283501,108505,0.58,-54.3,-56.3,-0.89,4,6,2.36,0,0,0,0,0,-5,4,1034,1,1,38,38,0,0,0,3,3,-3,1,0.58,0.57
283526,108506,0.61,-62.7,-63.6,-0.79,4,7,1.91,0,0,0,0,0,-5,3,1034,1,1,38,38,0,0,0,4,3,2,1,0.58,0.57
283560,108507,0.56,-62.1,-62.8,-1.30,4,7,1.66,0,0,0,0,0,-6,2,1033,1,1,38,38,0,0,0,2,-1,3,1,0.58,0.57
283566,108508,0.62,-59.1,-59.5,-0.94,4,7,1.55,0,0,0,0,0,-6,3,1034,1,1,38,38,0,0,0,4,3,1,1,0.58,0.57
283574,108509,0.56,-63.3,-64.0,-1.37,4,7,1.33,0,0,0,0,0,-6,3,1034,1,1,38,38,0,0,0,4,3,1,1,0.58,0.58
283581,108510,0.62,-59.1,-60.0,-0.79,4,7,2.31,0,0,0,0,0,-6,3,1035,1,1,38,38,0,0,0,4,3,2,1,0.61,0.58
283587,108511,0.59,-63.3,-64.2,-1.36,4,7,1.97,0,0,0,0,0,-5,3,1035,1,1,38,38,0,0,0,4,3,2,1,0.59,0.58
283601,108512,0.58,-59.1,-60.0,-0.97,4,7,2.33,0,0,0,0,0,-5,3,1035,1,1,38,38,0,0,0,4,3,2,1,0.59,0.58
283609,108513,0.65,-59.1,-60.3,-0.86,4,7,2.05,0,0,0,0,0,-6,3,1033,1,1,38,38,0,0,0,3,3,-1,1,0.59,0.58
283616,108514,0.63,-59.1,-59.9,-0.92,4,7,1.88,0,0,0,0,0,-6,3,1033,1,1,38,38,0,0,0,3,3,-1,1,0.62,0.58
283652,108515,0.51,-63.3,-63.8,-1.52,4,7,1.58,0,0,0,0,0,-4,4,1033,1,1,38,38,0,0,0,1,-1,-1,1,0.59,0.58
283677,108516,0.55,-62.1,-62.9,-1.00,4,7,1.72,0,0,0,0,0,-4,3,1034,1,1,38,38,0,0,0,0,4,2,1,0.58,0.58
283698,108517,0.53,-62.1,-62.9,-1.25,4,7,1.73,0,0,0,0,0,-5,3,1034,1,1,38,38,0,0,0,3,-3,0,1,0.55,0.58
283728,108518,0.61,-62.7,-63.7,-0.92,4,7,1.88,0,0,0,0,0,-5,3,1034,1,1,38,38,0,0,0,4,0,-2,1,0.55,0.58
283734,108519,0.62,-59.1,-60.0,-0.95,4,7,1.84,0,0,0,0,0,-6,3,1036,1,1,38,38,0,0,0,3,1,0,1,0.55,0.58
283740,108520,0.50,-62.7,-63.4,-1.42,4,7,1.97,0,0,0,0,0,-5,3,1035,1,1,38,38,0,0,0,3,1,0,1,0.55,0.58
283746,108521,0.57,-59.1,-60.6,-0.98,4,7,2.08,0,0,0,0,0,-5,3,1035,1,1,38,38,0,0,0,3,1,0,1,0.57,0.58
283752,108522,0.62,-62.7,-63.5,-0.83,4,7,1.81,0,0,0,0,0,-5,3,1035,1,1,38,38,0,0,0,3,1,0,1,0.61,0.58
283771,108523,0.65,-60.3,-60.2,-0.92,4,7,1.23,0,0,0,0,0,-5,3,1035,1,1,38,38,0,0,0,3,1,0,1,0.62,0.58
283777,108524,0.56,-62.1,-63.2,-0.95,4,6,2.48,0,0,0,0,0,-6,3,1034,1,1,38,38,0,0,0,2,0,2,1,0.57,0.58
283783,108525,0.58,-62.7,-63.3,-1.04,4,6,2.59,0,0,0,0,0,-5,3,1034,1,1,38,38,0,0,0,0,2,0,1,0.58,0.58
283789,108526,0.53,-58.1,-59.6,-1.16,4,7,1.84,0,0,0,0,0,-5,3,1034,1,1,38,38,0,0,0,0,2,0,1,0.58,0.58
283795,108527,0.56,-59.1,-59.4,-1.06,4,7,1.42,0,0,0,0,0,-5,3,1034,1,1,38,38,0,0,0,0,2,0,1,0.56,0.58
283801,108528,0.57,-63.3,-64.1,-1.34,4,7,1.33,0,0,0,0,0,-6,4,1033,1,1,38,38,0,0,0,4,0,3,1,0.56,0.58
283833,108529,0.58,-62.7,-63.5,-1.07,4,6,2.41,0,0,0,0,0,-6,4,1033,1,1,38,38,0,0,0,4,0,3,1,0.57,0.58
283839,108530,0.57,-58.1,-59.6,-1.18,4,7,1.33,0,0,0,0,0,-5,2,1034,1,1,38,38,0,0,0,2,-1,4,1,0.57,0.58
283845,108531,0.59,-58.1,-59.9,-0.89,4,7,2.34,0,0,0,0,0,-5,2,1034,1,1,38,38,0,0,0,2,-1,4,1,0.57,0.58
283851,108532,0.59,-62.7,-63.9,-1.27,4,7,2.17,0,0,0,0,0,-5,2,1034,1,1,38,38,0,0,0,2,-1,4,1,0.58,0.58
283857,108533,0.57,-59.1,-60.1,-1.13,4,7,2.27,0,0,0,0,0,-5,2,1034,1,1,38,38,0,0,0,2,-1,4,1,0.58,0.58
283863,108534,0.44,-62.1,-63.5,-1.76,4,7,2.28,0,0,0,0,0,-5,3,1033,1,1,38,38,0,0,0,3,1,0,1,0.57,0.58
283869,108535,0.57,-54.3,-55.9,-1.07,4,6,2.36,0,0,0,0,0,-5,3,1033,1,1,38,38,0,0,0,3,1,0,1,0.57,0.58
283875,108536,0.51,-62.1,-63.6,-1.34,4,7,2.23,0,0,0,0,0,-5,3,1033,1,1,38,38,0,0,0,3,1,0,1,0.57,0.58
283881,108537,0.59,-59.1,-60.2,-0.88,4,7,2.28,0,0,0,0,0,-5,3,1035,1,1,38,38,0,0,0,4,2,2,1,0.57,0.58
283887,108538,0.50,-59.1,-59.9,-1.45,4,7,2.17,0,0,0,0,0,-5,3,1035,1,1,38,38,0,0,0,4,2,2,1,0.51,0.57
283893,108539,0.60,-59.1,-60.3,-1.21,4,7,2.03,0,0,0,0,0,-5,3,1035,1,1,38,38,0,0,0,4,2,2,1,0.57,0.57
283899,108540,0.62,-59.1,-60.0,-1.10,4,7,1.98,0,0,0,0,0,-6,3,1034,1,1,38,38,0,0,0,3,3,4,1,0.59,0.57
283904,108541,0.63,-58.1,-59.9,-0.95,4,7,2.03,0,0,0,0,0,-6,3,1034,1,1,38,38,0,0,0,3,3,4,1,0.60,0.58
283910,108542,0.66,-62.7,-63.6,-0.67,4,7,1.91,0,0,0,0,0,-6,3,1034,1,1,38,38,0,0,0,3,3,4,1,0.62,0.58
283916,108543,0.47,-58.1,-60.0,-1.51,4,7,2.17,0,0,0,0,0,-6,3,1034,1,1,38,38,0,0,0,3,3,4,1,0.62,0.58
283922,108544,0.59,-59.1,-60.2,-1.21,4,7,2.03,0,0,0,0,0,-5,3,1034,1,1,38,38,0,0,0,2,0,3,1,0.62,0.58
283928,108545,0.63,-62.7,-63.8,-0.92,4,7,1.89,0,0,0,0,0,-5,3,1034,1,1,38,38,0,0,0,2,0,3,1,0.63,0.58
283934,108546,0.62,-59.1,-59.8,-0.95,4,7,1.98,0,0,0,0,0,-5,3,1034,1,1,38,38,0,0,0,2,0,3,1,0.62,0.59
283940,108547,0.51,-61.6,-63.3,-1.34,4,7,2.27,0,0,0,0,0,-6,2,1035,1,1,38,38,0,0,0,2,0,0,1,0.59,0.59
283946,108548,0.61,-63.3,-63.9,-0.91,4,7,1.95,0,0,0,0,0,-6,2,1035,1,1,38,38,0,0,0,2,0,0,1,0.61,0.59
283952,108549,0.61,-60.3,-60.3,-1.10,4,7,1.83,0,0,0,0,0,-6,2,1035,1,1,38,38,0,0,0,2,0,0,1,0.61,0.59
283973,108550,0.55,-59.1,-59.9,-1.31,4,7,2.11,0,0,0,0,0,-5,2,1034,1,1,38,38,0,0,0,1,0,4,1,0.61,0.59
283979,108551,0.64,-62.7,-63.6,-0.91,4,7,1.84,0,0,0,0,0,-5,3,1034,1,1,38,38,0,0,0,3,1,3,1,0.61,0.59
283985,108552,0.52,-61.6,-63.5,-1.34,4,7,2.22,0,0,0,0,0,-5,3,1034,1,1,38,38,0,0,0,3,1,3,1,0.61,0.59
283991,108553,0.64,-62.7,-63.7,-0.86,4,7,1.88,0,0,0,0,0,-5,3,1034,1,1,38,38,0,0,0,3,1,3,1,0.61,0.59
283997,108554,0.62,-62.7,-63.8,-0.67,4,7,1.86,0,0,0,0,0,-5,3,1034,1,1,38,38,0,0,0,3,1,1,1,0.62,0.59
284016,108555,0.60,-62.1,-62.9,-0.92,4,7,1.59,0,0,0,0,0,-6,3,1034,1,1,38,38,0,0,0,4,0,1,1,0.62,0.59
284046,108556,0.57,-62.7,-63.5,-1.07,4,7,1.75,0,0,0,0,0,-5,3,1034,1,1,38,38,0,0,0,3,1,0,1,0.60,0.60
284052,108557,0.56,-60.3,-60.2,-1.25,4,7,1.64,0,0,0,0,0,-5,2,1034,1,1,38,38,0,0,0,3,2,-3,1,0.60,0.60
284058,108558,0.58,-62.1,-63.2,-1.03,4,7,1.89,0,0,0,0,0,-5,3,1034,1,1,38,38,0,0,0,4,1,1,1,0.58,0.59
284064,108559,0.59,-58.1,-59.2,-1.06,4,7,1.80,0,0,0,0,0,-5,3,1034,1,1,38,38,0,0,0,4,1,1,1,0.58,0.59
284070,108560,0.58,-63.3,-63.7,-1.19,4,7,1.69,0,0,0,0,0,-5,3,1034,1,1,38,38,0,0,0,4,1,1,1,0.58,0.59
284076,108561,0.59,-59.1,-59.7,-1.06,4,7,1.72,0,0,0,0,0,-5,3,1034,1,1,38,38,0,0,0,4,1,1,1,0.58,0.59
284116,108562,0.61,-63.3,-63.7,-1.12,4,7,1.66,0,0,0,0,0,-4,2,1034,1,1,38,38,0,0,0,2,2,-1,1,0.59,0.59
284140,108563,0.57,-59.1,-59.5,-1.24,4,7,1.73,0,0,0,0,0,-7,3,1034,1,1,38,38,0,0,0,-1,2,1,1,0.59,0.59
284165,108564,0.57,-59.1,-59.7,-0.95,4,7,1.61,0,0,0,0,0,-6,3,1034,1,1,38,38,0,0,0,2,-2,1,1,0.58,0.59
284171,108565,0.59,-60.3,-60.5,-1.01,4,7,1.42,0,0,0,0,0,-5,3,1033,1,1,38,38,0,0,0,1,1,3,1,0.59,0.59
284244,108566,0.57,-61.6,-63.6,-1.03,4,7,2.09,0,0,0,0,0,-5,3,1035,1,1,38,38,0,0,0,3,0,2,1,0.57,0.59
284359,108567,0.55,-58.1,-60.0,-1.04,4,7,2.30,0,0,0,0,0,-5,3,1034,1,1,38,38,0,0,0,4,1,2,1,0.57,0.59
284382,108568,0.60,-62.7,-63.5,-1.10,4,7,1.78,0,0,0,0,0,-5,3,1033,1,1,38,38,0,0,0,2,3,2,1,0.57,0.59
284390,108569,0.61,-59.1,-60.0,-1.07,4,7,1.38,0,0,0,0,0,-6,2,1034,1,1,38,38,0,0,0,2,1,2,1,0.59,0.59
284395,108570,0.61,-62.1,-63.1,-0.88,4,7,1.73,0,0,0,0,0,-5,2,1034,1,1,38,38,0,0,0,-1,5,1,1,0.60,0.59
284401,108571,0.51,-62.1,-62.8,-1.53,4,7,1.63,0,0,0,0,0,-5,2,1034,1,1,38,38,0,0,0,-1,5,1,1,0.60,0.59
284407,108572,0.66,-59.1,-59.7,-0.82,4,7,1.50,0,0,0,0,0,-5,2,1034,1,1,38,38,0,0,0,-1,5,1,1,0.61,0.59
284413,108573,0.52,-58.1,-59.6,-1.09,4,7,1.84,0,0,0,0,0,-5,2,1034,1,1,38,38,0,0,0,-1,5,1,1,0.61,0.59
284419,108574,0.59,-60.3,-60.2,-1.09,4,7,1.45,0,0,0,0,0,-4,3,1034,1,1,38,38,0,0,0,3,-2,1,1,0.59,0.59
284455,108575,0.56,-63.3,-64.0,-1.34,4,7,1.30,0,0,0,0,0,-4,3,1034,1,1,38,38,0,0,0,3,-2,1,1,0.56,0.59
284480,108576,0.57,-59.1,-60.3,-1.45,4,7,1.08,0,0,0,0,0,-4,3,1033,1,1,38,38,0,0,0,4,0,3,1,0.57,0.59
284488,108577,0.60,-59.1,-60.4,-1.09,4,7,2.17,0,0,0,0,0,-5,3,1034,1,1,38,38,0,0,0,1,-1,1,1,0.57,0.59
284516,108578,0.49,-62.1,-63.0,-1.51,4,6,2.36,0,0,0,0,0,-5,3,1034,1,1,38,38,0,0,0,1,-1,1,1,0.57,0.59
284546,108579,0.60,-59.1,-59.7,-0.85,4,7,1.58,0,0,0,0,0,-5,3,1035,1,1,38,38,0,0,0,1,-1,2,1,0.57,0.59
284552,108580,0.62,-58.1,-59.5,-0.55,4,7,1.88,0,0,0,0,0,-5,3,1033,1,1,38,38,0,0,0,1,-1,3,1,0.60,0.59
284558,108581,0.52,-58.1,-59.3,-1.21,4,7,1.75,0,0,0,0,0,-5,3,1034,1,1,38,38,0,0,0,2,2,0,1,0.60,0.59
284605,108582,0.61,-59.1,-60.3,-0.82,4,7,2.23,0,0,0,0,0,-5,3,1034,1,1,38,38,0,0,0,2,2,0,1,0.60,0.59
284624,108583,0.47,-63.3,-63.9,-1.80,4,7,1.63,0,0,0,0,0,-5,2,1033,1,1,38,38,0,0,0,0,-1,1,1,0.60,0.59
284647,108584,0.57,-59.1,-59.7,-1.09,4,7,1.86,0,0,0,0,0,-5,3,1034,1,1,38,38,0,0,0,3,0,2,1,0.57,0.59
284717,108585,0.53,-61.6,-62.6,-1.07,4,7,1.73,0,0,0,0,0,-6,3,1033,1,1,38,38,0,0,0,1,0,3,1,0.53,0.59
284723,108586,0.53,-62.1,-62.7,-1.15,4,7,1.70,0,0,0,0,0,-6,2,1033,1,1,38,38,0,0,0,5,2,2,1,0.53,0.58
284729,108587,0.58,-54.3,-55.1,-1.10,4,7,1.77,0,0,0,0,0,-6,2,1033,1,1,38,38,0,0,0,5,2,2,1,0.53,0.58
284808,108588,0.48,-58.1,-59.9,-1.10,4,6,2.98,0,0,0,0,0,-5,3,1035,1,1,38,38,0,0,0,1,-1,5,1,0.53,0.58
284814,108589,0.53,-58.1,-59.8,-1.06,4,7,1.94,0,0,0,0,0,-6,4,1034,1,1,38,38,0,0,0,0,-2,0,1,0.53,0.58
284820,108590,0.50,-58.1,-59.4,-0.89,4,7,1.91,0,0,0,0,0,-6,4,1034,1,1,38,38,0,0,0,0,-2,0,1,0.53,0.57
284844,108591,0.59,-63.3,-64.2,-1.36,4,7,1.25,0,0,0,0,0,-6,4,1034,1,1,38,38,0,0,0,0,-2,0,1,0.53,0.57
284863,108592,0.66,-62.7,-63.5,-0.75,4,7,1.78,0,0,0,0,0,-6,3,1034,1,1,38,38,0,0,0,5,2,-2,1,0.53,0.57
285053,108593,0.65,-59.1,-59.9,-0.58,4,6,2.42,0,0,0,0,0,-6,3,1035,1,1,38,38,0,0,0,1,2,2,1,0.59,0.57
285059,108594,0.56,-58.1,-59.6,-1.01,4,7,1.33,0,0,0,0,0,-6,3,1034,1,1,38,38,0,0,0,5,0,4,1,0.59,0.57
285106,108595,0.56,-58.1,-60.7,-1.00,4,7,2.05,0,0,0,0,0,-6,3,1034,1,1,38,38,0,0,0,5,0,4,1,0.59,0.57
285136,108596,0.60,-63.3,-63.8,-1.34,4,7,1.89,0,0,0,0,0,-5,3,1034,1,1,38,38,0,0,0,3,0,2,1,0.60,0.57
285161,108597,0.58,-63.3,-63.9,-0.94,4,7,1.98,0,0,0,0,0,-6,2,1033,1,1,38,38,0,0,0,2,0,3,1,0.58,0.57
285169,108598,0.60,-59.1,-59.6,-1.03,4,7,1.81,0,0,0,0,0,-5,3,1035,1,1,38,38,0,0,0,2,0,1,1,0.58,0.57
285184,108599,0.57,-62.1,-63.1,-1.10,4,7,1.72,0,0,0,0,0,-6,3,1034,1,1,38,38,0,0,0,2,-1,3,1,0.58,0.57
285190,108600,0.59,-59.1,-60.0,-1.22,4,7,1.45,0,0,0,0,0,-5,3,1034,1,1,38,38,0,0,0,4,2,-3,1,0.59,0.58
285196,108601,0.58,-58.1,-59.5,-1.01,4,7,1.73,0,0,0,0,0,-5,3,1034,1,1,38,38,0,0,0,4,2,-3,1,0.58,0.58
285202,108602,0.58,-54.3,-55.9,-0.79,4,7,1.63,0,0,0,0,0,-5,3,1034,1,1,38,38,0,0,0,4,2,-3,1,0.58,0.58
285227,108603,0.55,-58.1,-60.9,-0.88,4,7,2.05,0,0,0,0,0,-5,3,1034,1,1,38,38,0,0,0,4,2,-3,1,0.58,0.58
285233,108604,0.51,-63.3,-63.9,-1.42,4,6,2.44,0,0,0,0,0,-4,3,1033,1,1,38,38,0,0,0,6,-3,3,1,0.58,0.58
285252,108605,0.65,-59.1,-60.0,-0.85,4,7,1.97,0,0,0,0,0,-4,3,1033,1,1,38,38,0,0,0,6,-3,3,1,0.58,0.58
285258,108606,0.57,-58.1,-59.8,-1.15,4,7,2.17,0,0,0,0,0,-5,2,1034,1,1,38,38,0,0,0,1,2,3,1,0.57,0.58
285264,108607,0.54,-59.1,-60.4,-1.16,4,7,2.13,0,0,0,0,0,-5,2,1034,1,1,38,38,0,0,0,1,2,3,1,0.55,0.58
285270,108608,0.61,-62.7,-63.7,-1.10,4,7,1.89,0,0,0,0,0,-5,4,1035,1,1,38,38,0,0,0,0,0,4,1,0.57,0.58
285276,108609,0.61,-62.7,-63.7,-0.94,4,7,1.89,0,0,0,0,0,-5,4,1035,1,1,38,38,0,0,0,0,0,4,1,0.61,0.58
285343,108610,0.66,-62.1,-63.2,-0.76,4,7,2.00,0,0,0,0,0,-5,4,1035,1,1,38,38,0,0,0,0,0,4,1,0.61,0.58
285362,108611,0.58,-59.1,-60.0,-0.98,4,7,1.48,0,0,0,0,0,-6,3,1034,1,1,38,38,0,0,0,3,3,-1,1,0.61,0.58
285393,108612,0.57,-63.3,-63.7,-1.03,4,7,1.77,0,0,0,0,0,-6,3,1034,1,1,38,38,0,0,0,3,3,-1,1,0.61,0.58
285399,108613,0.62,-59.1,-59.6,-0.83,4,7,1.86,0,0,0,0,0,-5,3,1034,1,1,38,38,0,0,0,2,5,4,1,0.61,0.58
285405,108614,0.58,-62.7,-63.4,-1.04,4,7,1.78,0,0,0,0,0,-5,3,1034,1,1,38,38,0,0,0,2,5,4,1,0.58,0.58
285412,108615,0.55,-62.1,-63.1,-0.94,4,7,1.77,0,0,0,0,0,-5,3,1033,1,1,38,38,0,0,0,1,2,1,1,0.58,0.58
285458,108616,0.58,-59.1,-60.3,-0.94,4,7,2.28,0,0,0,0,0,-5,3,1033,1,1,38,38,0,0,0,1,2,1,1,0.58,0.58
285466,108617,0.57,-58.1,-60.1,-1.03,4,7,2.13,0,0,0,0,0,-5,2,1034,1,1,38,38,0,0,0,2,0,2,1,0.58,0.58
285471,108618,0.64,-58.1,-60.2,-0.63,4,7,2.02,0,0,0,0,0,-5,3,1033,1,1,38,38,0,0,0,3,-1,1,1,0.58,0.58
285477,108619,0.55,-62.7,-63.7,-1.24,4,7,1.86,0,0,0,0,0,-5,3,1033,1,1,38,38,0,0,0,3,-1,1,1,0.57,0.58
285483,108620,0.56,-63.3,-63.8,-1.34,4,7,1.86,0,0,0,0,0,-5,3,1033,1,1,38,38,0,0,0,3,-1,1,1,0.57,0.58
285508,108621,0.53,-59.1,-60.5,-1.10,4,7,2.11,0,0,0,0,0,-5,2,1033,1,1,38,38,0,0,0,2,0,7,1,0.56,0.58
285544,108622,0.62,-59.1,-59.6,-1.09,4,7,1.53,0,0,0,0,0,-5,3,1033,1,1,38,38,0,0,0,3,-2,1,1,0.56,0.58
285550,108623,0.64,-59.1,-59.7,-0.83,4,7,1.53,0,0,0,0,0,-6,2,1034,1,1,38,38,0,0,0,1,2,2,1,0.56,0.58
285556,108624,0.59,-59.1,-59.8,-1.03,4,7,1.64,0,0,0,0,0,-6,2,1034,1,1,38,38,0,0,0,1,2,2,1,0.59,0.58
285564,108625,0.61,-62.1,-62.9,-0.76,4,7,1.50,0,0,0,0,0,-6,2,1034,1,1,38,38,0,0,0,1,2,2,1,0.61,0.58
285569,108626,0.64,-60.3,-60.6,-1.07,4,7,1.20,0,0,0,0,0,-6,3,1033,1,1,38,38,0,0,0,3,0,1,1,0.62,0.58
285592,108627,0.58,-63.3,-64.0,-0.97,4,7,1.36,0,0,0,0,0,-6,3,1033,1,1,38,38,0,0,0,3,0,1,1,0.61,0.58
285623,108628,0.61,-60.3,-60.3,-0.94,4,7,1.50,0,0,0,0,0,-4,2,1034,1,1,38,38,0,0,0,2,1,4,1,0.61,0.59
285630,108629,0.51,-58.1,-60.9,-0.80,4,7,2.05,0,0,0,0,0,-5,3,1034,1,1,38,38,0,0,0,5,2,3,1,0.61,0.59
285655,108630,0.57,-59.1,-59.8,-1.30,4,7,1.41,0,0,0,0,0,-5,3,1034,1,1,38,38,0,0,0,5,2,3,1,0.58,0.59
285685,108631,0.55,-59.1,-59.9,-0.94,4,7,1.83,0,0,0,0,0,-5,1,1035,1,1,38,38,0,0,0,4,0,1,1,0.57,0.59
285691,108632,0.58,-59.1,-60.0,-0.91,4,7,1.73,0,0,0,0,0,-4,1,1034,1,1,38,38,0,0,0,4,4,2,1,0.57,0.59
285697,108633,0.55,-59.1,-59.7,-1.15,4,7,1.75,0,0,0,0,0,-4,1,1034,1,1,38,38,0,0,0,4,4,2,1,0.55,0.58
285703,108634,0.64,-59.1,-59.6,-0.66,4,7,1.78,0,0,0,0,0,-4,1,1034,1,1,38,38,0,0,0,4,4,2,1,0.57,0.58
285709,108635,0.59,-60.3,-60.4,-0.98,4,7,1.64,0,0,0,0,0,-4,2,1033,1,1,38,38,0,0,0,2,3,2,1,0.58,0.58
285730,108636,0.57,-59.1,-59.6,-1.18,4,7,1.84,0,0,0,0,0,-4,2,1033,1,1,38,38,0,0,0,2,3,2,1,0.58,0.58
285736,108637,0.59,-58.1,-59.5,-1.04,4,7,2.00,0,0,0,0,0,-4,2,1033,1,1,38,38,0,0,0,-1,3,2,1,0.59,0.58
285742,108638,0.54,-62.7,-63.5,-1.15,4,7,1.81,0,0,0,0,0,-4,2,1033,1,1,38,38,0,0,0,-1,3,2,1,0.59,0.58
285748,108639,0.58,-59.1,-60.1,-1.15,4,7,1.70,0,0,0,0,0,-5,3,1034,1,1,38,38,0,0,0,1,2,3,1,0.58,0.58
285806,108640,0.56,-58.1,-60.2,-1.18,4,7,2.25,0,0,0,0,0,-5,3,1034,1,1,38,38,0,0,0,1,2,3,1,0.57,0.58
285874,108641,0.54,-58.1,-59.7,-0.91,4,7,2.23,0,0,0,0,0,-5,4,1034,1,1,38,38,0,0,0,6,1,2,1,0.56,0.58
285899,108642,0.57,-59.1,-60.0,-1.12,4,7,2.19,0,0,0,0,0,-5,2,1034,1,1,38,38,0,0,0,0,1,2,1,0.56,0.58
285924,108643,0.68,-62.7,-63.3,-0.75,4,7,1.86,0,0,0,0,0,-5,4,1035,1,1,38,38,0,0,0,4,0,0,1,0.57,0.58
285929,108644,0.62,-60.3,-60.1,-1.06,4,7,1.80,0,0,0,0,0,-5,3,1034,1,1,38,38,0,0,0,0,1,3,1,0.57,0.58
285949,108645,0.55,-59.1,-59.6,-0.92,4,7,1.66,0,0,0,0,0,-5,3,1034,1,1,38,38,0,0,0,0,1,3,1,0.57,0.58
285956,108646,0.48,-63.3,-63.9,-1.70,4,7,1.27,0,0,0,0,0,-4,3,1034,1,1,38,38,0,0,0,4,0,4,1,0.57,0.58
285962,108647,0.60,-59.1,-60.2,-1.01,4,7,1.16,0,0,0,0,0,-4,3,1034,1,1,38,38,0,0,0,4,0,4,1,0.60,0.58
285968,108648,0.61,-59.1,-60.2,-1.33,4,7,1.11,0,0,0,0,0,-5,2,1034,1,1,38,38,0,0,0,-1,-1,0,1,0.60,0.58
285974,108649,0.54,-59.1,-59.6,-1.25,4,7,2.28,0,0,0,0,0,-5,2,1034,1,1,38,38,0,0,0,-1,-1,0,1,0.55,0.58
285980,108650,0.57,-63.3,-64.2,-1.56,4,7,2.17,0,0,0,0,0,-5,2,1034,1,1,38,38,0,0,0,-1,-1,0,1,0.57,0.58
286001,108651,0.65,-60.3,-60.5,-1.00,4,7,1.27,0,0,0,0,0,-5,3,1035,1,1,38,38,0,0,0,5,3,0,1,0.60,0.58
286026,108652,0.55,-60.3,-60.2,-1.30,4,7,1.17,0,0,0,0,0,-5,4,1032,1,1,38,38,0,0,0,2,1,2,1,0.57,0.58
286034,108653,0.55,-59.1,-59.9,-0.91,4,7,2.20,0,0,0,0,0,-5,2,1033,1,1,38,38,0,0,0,2,1,5,1,0.55,0.58
286058,108654,0.56,-58.1,-59.7,-1.00,4,6,2.39,0,0,0,0,0,-5,2,1033,1,1,38,38,0,0,0,2,1,5,1,0.56,0.58
286160,108655,0.57,-63.3,-63.9,-1.27,4,7,1.30,0,0,0,0,0,-4,2,1034,1,1,38,38,0,0,0,3,0,0,1,0.56,0.58
286179,108656,0.55,-62.7,-63.2,-1.30,4,7,1.86,0,0,0,0,0,-6,3,1034,1,1,38,38,0,0,0,1,-1,-5,1,0.55,0.58
286185,108657,0.65,-62.7,-63.5,-0.76,4,7,1.72,0,0,0,0,0,-6,2,1035,1,1,38,38,0,0,0,1,-2,3,1,0.56,0.58
286204,108658,0.57,-63.3,-63.8,-1.33,4,7,1.36,0,0,0,0,0,-6,2,1035,1,1,38,38,0,0,0,1,-2,3,1,0.57,0.58
286210,108659,0.57,-59.1,-59.9,-0.92,4,7,1.42,0,0,0,0,0,-4,2,1034,1,1,38,38,0,0,0,3,-2,0,1,0.57,0.58
286216,108660,0.65,-62.1,-63.2,-0.70,4,6,2.42,0,0,0,0,0,-4,2,1034,1,1,38,38,0,0,0,3,-2,0,1,0.57,0.58
286222,108661,0.52,-62.1,-63.2,-1.15,4,7,1.45,0,0,0,0,0,-4,2,1034,1,1,38,38,0,0,0,3,-2,0,1,0.57,0.57
286228,108662,0.52,-62.1,-62.9,-1.27,4,7,1.39,0,0,0,0,0,-4,4,1033,1,1,38,38,0,0,0,2,3,1,1,0.57,0.57
286247,108663,0.54,-58.1,-60.0,-1.01,4,7,2.28,0,0,0,0,0,-4,4,1033,1,1,38,38,0,0,0,2,3,1,1,0.54,0.57
286253,108664,0.60,-59.1,-59.6,-0.91,4,7,1.98,0,0,0,0,0,-4,5,1034,1,1,38,38,0,0,0,2,0,3,1,0.54,0.57
286274,108665,0.61,-54.3,-56.5,-0.88,4,7,2.25,0,0,0,0,0,-4,5,1034,1,1,38,38,0,0,0,2,0,3,1,0.54,0.57
286280,108666,0.68,-62.7,-63.6,-0.70,4,7,1.86,0,0,0,0,0,-6,2,1034,1,1,38,38,0,0,0,-2,0,-1,1,0.60,0.57
286286,108667,0.53,-59.1,-59.6,-1.24,4,7,1.97,0,0,0,0,0,-6,2,1036,1,1,38,38,0,0,0,1,-1,3,1,0.60,0.57
286292,108668,0.63,-59.1,-59.7,-0.86,4,7,1.86,0,0,0,0,0,-6,2,1036,1,1,38,38,0,0,0,1,-1,3,1,0.61,0.58
286297,108669,0.60,-62.7,-63.3,-1.10,4,7,1.92,0,0,0,0,0,-6,2,1036,1,1,38,38,0,0,0,1,-1,3,1,0.61,0.58
286303,108670,0.64,-60.3,-60.4,-0.88,4,7,1.78,0,0,0,0,0,-5,2,1034,1,1,38,38,0,0,0,3,-1,4,1,0.63,0.58
286309,108671,0.54,-63.3,-63.7,-1.18,4,7,1.81,0,0,0,0,0,-5,2,1034,1,1,38,38,0,0,0,3,-1,4,1,0.60,0.58
286345,108672,0.55,-62.1,-63.1,-0.91,4,7,1.69,0,0,0,0,0,-5,2,1034,1,1,38,38,0,0,0,3,-1,4,1,0.60,0.58
286351,108673,0.55,-59.1,-59.4,-1.10,4,7,1.63,0,0,0,0,0,-4,3,1033,1,1,38,38,0,0,0,2,0,0,1,0.55,0.58
286387,108674,0.57,-62.7,-63.7,-1.10,4,7,1.22,0,0,0,0,0,-4,3,1033,1,1,38,38,0,0,0,2,0,0,1,0.55,0.58
286408,108675,0.65,-62.1,-63.1,-0.76,4,7,1.39,0,0,0,0,0,-4,3,1034,1,1,38,38,0,0,0,3,1,2,1,0.55,0.58
286414,108676,0.57,-58.1,-59.6,-1.09,4,7,2.34,0,0,0,0,0,-6,4,1033,1,1,38,38,0,0,0,2,-1,3,1,0.57,0.58
286420,108677,0.63,-62.7,-63.6,-0.76,4,7,1.22,0,0,0,0,0,-6,4,1033,1,1,38,38,0,0,0,2,-1,3,1,0.57,0.58
286426,108678,0.57,-59.1,-59.9,-1.10,4,7,1.47,0,0,0,0,0,-5,3,1035,1,1,38,38,0,0,0,0,0,-1,1,0.57,0.58
286432,108679,0.57,-58.1,-59.7,-1.03,4,7,1.59,0,0,0,0,0,-5,3,1035,1,1,38,38,0,0,0,0,0,-1,1,0.57,0.58
286438,108680,0.62,-59.1,-59.9,-0.92,4,7,2.34,0,0,0,0,0,-5,3,1035,1,1,38,38,0,0,0,0,0,-1,1,0.57,0.58
286444,108681,0.58,-59.1,-60.3,-1.16,4,7,2.30,0,0,0,0,0,-4,3,1034,1,1,38,38,0,0,0,2,0,1,1,0.58,0.58
286474,108682,0.58,-60.3,-60.4,-1.15,4,7,1.36,0,0,0,0,0,-4,3,1034,1,1,38,38,0,0,0,2,0,1,1,0.58,0.58
286480,108683,0.56,-59.1,-59.7,-1.22,4,7,1.67,0,0,0,0,0,-4,3,1033,1,1,38,38,0,0,0,1,-2,0,1,0.58,0.58
286486,108684,0.64,-62.1,-62.9,-0.75,4,7,1.67,0,0,0,0,0,-4,3,1034,1,1,38,38,0,0,0,4,-1,6,1,0.58,0.58
286492,108685,0.59,-62.1,-62.9,-0.70,4,7,1.67,0,0,0,0,0,-4,3,1034,1,1,38,38,0,0,0,4,-1,6,1,0.58,0.58
286500,108686,0.53,-58.1,-59.8,-1.00,4,7,2.00,0,0,0,0,0,-4,3,1034,1,1,38,38,0,0,0,4,-1,6,1,0.58,0.58
286508,108687,0.56,-59.1,-60.0,-1.27,4,7,2.22,0,0,0,0,0,-5,2,1033,1,1,38,38,0,0,0,1,-3,3,1,0.56,0.58
286515,108688,0.62,-62.7,-63.4,-0.79,4,7,1.84,0,0,0,0,0,-5,2,1033,1,1,38,38,0,0,0,1,-3,3,1,0.59,0.58
286521,108689,0.57,-63.3,-63.9,-1.28,4,7,1.83,0,0,0,0,0,-5,2,1033,1,1,38,38,0,0,0,1,-3,3,1,0.57,0.58
286527,108690,0.53,-59.1,-60.1,-1.45,4,7,2.13,0,0,0,0,0,-5,4,1034,1,1,38,38,0,0,0,1,0,1,1,0.56,0.58
286548,108691,0.57,-59.1,-60.3,-1.01,4,7,2.22,0,0,0,0,0,-5,4,1034,1,1,38,38,0,0,0,1,0,1,1,0.57,0.58
286554,108692,0.53,-59.1,-60.0,-1.21,4,7,2.13,0,0,0,0,0,-5,2,1034,1,1,38,38,0,0,0,4,2,4,1,0.57,0.58
286560,108693,0.65,-63.3,-63.8,-0.75,4,7,1.92,0,0,0,0,0,-5,2,1034,1,1,38,38,0,0,0,4,2,4,1,0.57,0.58
286690,108694,0.61,-58.1,-59.8,-0.79,4,7,1.45,0,0,0,0,0,-5,3,1033,1,1,38,38,0,0,0,3,0,1,1,0.57,0.58
286698,108695,0.61,-63.3,-63.9,-1.06,4,7,1.98,0,0,0,0,0,-6,3,1034,1,1,38,38,0,0,0,4,-1,1,1,0.61,0.58
286704,108696,0.55,-59.1,-60.2,-0.91,4,7,2.28,0,0,0,0,0,-4,2,1033,1,1,38,38,0,0,0,1,-2,2,1,0.61,0.58
286710,108697,0.55,-58.1,-59.7,-0.89,4,6,2.39,0,0,0,0,0,-4,2,1033,1,1,38,38,0,0,0,1,-2,2,1,0.61,0.58
286716,108698,0.63,-59.1,-60.5,-0.88,4,7,2.09,0,0,0,0,0,-4,2,1033,1,1,38,38,0,0,0,1,-2,2,1,0.61,0.58
286722,108699,0.60,-62.7,-63.7,-1.03,4,7,1.94,0,0,0,0,0,-4,4,1033,1,1,38,38,0,0,0,3,-1,1,1,0.60,0.58
286727,108700,0.67,-62.7,-63.6,-0.75,4,7,1.91,0,0,0,0,0,-4,4,1033,1,1,38,38,0,0,0,3,-1,1,1,0.60,0.58
286733,108701,0.63,-59.1,-60.2,-0.76,4,7,2.17,0,0,0,0,0,-4,4,1033,1,1,38,38,0,0,0,3,-1,1,1,0.63,0.59
286739,108702,0.52,-58.1,-60.0,-1.49,4,7,2.16,0,0,0,0,0,-4,4,1033,1,1,38,38,0,0,0,3,-1,1,1,0.63,0.59
286745,108703,0.51,-58.1,-59.7,-1.31,4,7,2.16,0,0,0,0,0,-5,4,1033,1,1,38,38,0,0,0,8,1,1,1,0.60,0.59
286753,108704,0.55,-59.1,-60.0,-1.13,4,7,1.69,0,0,0,0,0,-5,4,1033,1,1,38,38,0,0,0,8,1,1,1,0.55,0.59
286849,108705,0.59,-60.3,-60.7,-0.98,4,7,1.64,0,0,0,0,0,-5,4,1033,1,1,38,38,0,0,0,8,1,1,1,0.55,0.59
286874,108706,0.56,-58.1,-59.2,-0.98,4,7,1.98,0,0,0,0,0,-5,2,1033,1,1,38,38,0,0,0,7,-3,2,1,0.55,0.58
286898,108707,0.53,-62.1,-63.0,-1.03,4,7,1.77,0,0,0,0,0,-5,2,1034,1,1,38,38,0,0,0,4,0,3,1,0.55,0.58
286904,108708,0.51,-62.1,-62.9,-1.56,4,7,1.63,0,0,0,0,0,-5,4,1034,1,1,38,38,0,0,0,2,1,3,1,0.55,0.58
286910,108709,0.62,-58.1,-59.3,-1.00,4,7,1.63,0,0,0,0,0,-5,4,1034,1,1,38,38,0,0,0,2,1,3,1,0.56,0.58
286916,108710,0.53,-63.3,-63.9,-1.39,4,7,1.52,0,0,0,0,0,-5,4,1034,1,1,38,38,0,0,0,2,1,3,1,0.53,0.58
286922,108711,0.52,-63.3,-64.0,-1.48,4,7,1.58,0,0,0,0,0,-5,3,1034,1,1,38,38,0,0,0,3,0,0,1,0.53,0.58
286928,108712,0.55,-63.3,-63.9,-1.42,4,7,1.56,0,0,0,0,0,-5,3,1034,1,1,38,38,0,0,0,3,0,0,1,0.53,0.57
286934,108713,0.58,-59.1,-59.6,-1.16,4,7,1.67,0,0,0,0,0,-5,3,1034,1,1,38,38,0,0,0,3,0,0,1,0.55,0.57
286963,108714,0.58,-59.1,-59.7,-1.12,4,7,1.80,0,0,0,0,0,-5,3,1033,1,1,38,38,0,0,0,4,1,2,1,0.55,0.57
286970,108715,0.51,-62.1,-62.8,-1.64,4,7,1.72,0,0,0,0,0,-5,2,1034,1,1,38,38,0,0,0,3,2,1,1,0.55,0.57
286995,108716,0.55,-62.1,-62.9,-0.97,4,7,1.77,0,0,0,0,0,-5,2,1034,1,1,38,38,0,0,0,3,2,1,1,0.55,0.57
287001,108717,0.58,-59.1,-59.6,-0.94,4,7,1.66,0,0,0,0,0,-4,4,1035,1,1,38,38,0,0,0,3,-2,1,1,0.58,0.57
287009,108718,0.59,-59.1,-59.9,-0.95,4,7,1.34,0,0,0,0,0,-4,4,1035,1,1,38,38,0,0,0,3,-2,1,1,0.58,0.57
287015,108719,0.53,-63.3,-63.8,-1.49,4,7,1.41,0,0,0,0,0,-4,4,1035,1,1,38,38,0,0,0,3,-2,1,1,0.55,0.57
287094,108720,0.61,-62.7,-63.3,-0.86,4,7,1.20,0,0,0,0,0,-5,2,1033,1,1,38,38,0,0,0,1,1,-1,1,0.58,0.57
287100,108721,0.50,-62.1,-63.3,-1.34,4,7,1.39,0,0,0,0,0,-5,3,1033,1,1,38,38,0,0,0,4,1,6,1,0.58,0.57
287106,108722,0.49,-63.3,-64.1,-1.74,4,7,2.06,0,0,0,0,0,-5,3,1033,1,1,38,38,0,0,0,4,1,6,1,0.53,0.57
287117,108723,0.59,-59.1,-59.5,-1.15,4,7,1.53,0,0,0,0,0,-5,3,1033,1,1,38,38,0,0,0,4,1,6,1,0.53,0.57
287123,108724,0.60,-58.1,-59.4,-0.85,4,7,1.73,0,0,0,0,0,-5,2,1034,1,1,38,38,0,0,0,3,1,0,1,0.59,0.57
287129,108725,0.52,-58.1,-60.3,-1.12,4,7,2.16,0,0,0,0,0,-5,2,1034,1,1,38,38,0,0,0,3,1,0,1,0.52,0.56
287135,108726,0.54,-63.3,-63.9,-1.21,4,7,1.63,0,0,0,0,0,-5,2,1034,1,1,38,38,0,0,0,3,1,0,1,0.54,0.56
287141,108727,0.60,-60.3,-60.3,-0.95,4,7,1.42,0,0,0,0,0,-5,2,1034,1,1,38,38,0,0,0,4,-2,5,1,0.59,0.57
287147,108728,0.57,-59.1,-59.9,-1.06,4,7,1.66,0,0,0,0,0,-5,2,1034,1,1,38,38,0,0,0,4,-2,5,1,0.57,0.57
287166,108729,0.60,-59.1,-60.0,-0.92,4,7,2.22,0,0,0,0,0,-5,2,1034,1,1,38,38,0,0,0,4,-2,5,1,0.57,0.57
287172,108730,0.59,-59.1,-60.3,-0.92,4,7,2.28,0,0,0,0,0,-5,4,1033,1,1,38,38,0,0,0,3,-1,-2,1,0.59,0.57
287178,108731,0.59,-59.1,-60.2,-1.09,4,7,2.20,0,0,0,0,0,-5,4,1033,1,1,38,38,0,0,0,3,2,4,1,0.59,0.57
287184,108732,0.59,-59.1,-60.2,-0.97,4,7,2.27,0,0,0,0,0,-4,3,1033,1,1,38,38,0,0,0,1,2,4,1,0.59,0.57
287190,108733,0.54,-59.1,-60.2,-1.28,4,7,2.27,0,0,0,0,0,-4,3,1033,1,1,38,38,0,0,0,1,2,4,1,0.59,0.57
287196,108734,0.53,-63.3,-63.9,-1.76,4,7,1.89,0,0,0,0,0,-4,3,1033,1,1,38,38,0,0,0,1,2,4,1,0.59,0.57
287202,108735,0.56,-54.3,-55.7,-1.04,4,7,2.17,0,0,0,0,0,-5,2,1034,1,1,38,38,0,0,0,0,2,1,1,0.56,0.57
287208,108736,0.65,-60.3,-60.6,-1.12,4,7,1.81,0,0,0,0,0,-5,2,1034,1,1,38,38,0,0,0,0,2,1,1,0.56,0.57
287229,108737,0.57,-59.1,-60.1,-0.85,4,7,2.30,0,0,0,0,0,-5,2,1034,1,1,38,38,0,0,0,0,2,1,1,0.56,0.57
287235,108738,0.52,-63.3,-64.3,-1.52,4,7,2.05,0,0,0,0,0,-4,3,1034,1,1,38,38,0,0,0,5,-1,2,1,0.56,0.57
287241,108739,0.62,-63.3,-63.9,-0.98,4,7,2.08,0,0,0,0,0,-5,4,1034,1,1,38,38,0,0,0,1,3,2,1,0.57,0.57
287247,108740,0.58,-58.1,-59.8,-0.88,4,7,2.30,0,0,0,0,0,-5,4,1034,1,1,38,38,0,0,0,1,3,2,1,0.58,0.57
287253,108741,0.67,-59.1,-60.2,-0.73,4,7,2.11,0,0,0,0,0,-5,4,1034,1,1,38,38,0,0,0,1,3,2,1,0.58,0.57
287259,108742,0.60,-59.1,-60.1,-0.97,4,7,2.23,0,0,0,0,0,-4,3,1034,1,1,38,38,0,0,0,5,-1,2,1,0.60,0.57
287311,108743,0.68,-60.3,-60.3,-0.55,4,7,1.83,0,0,0,0,0,-4,3,1034,1,1,38,38,0,0,0,5,-1,2,1,0.62,0.57
287362,108744,0.63,-62.7,-63.4,-0.77,4,7,1.72,0,0,0,0,0,-5,2,1033,1,1,38,38,0,0,0,4,1,2,1,0.63,0.58
287387,108745,0.63,-60.3,-60.4,-0.67,4,7,1.59,0,0,0,0,0,-6,3,1033,1,1,38,38,0,0,0,2,3,-2,1,0.63,0.58
287393,108746,0.60,-62.1,-62.9,-0.72,4,7,1.75,0,0,0,0,0,-5,3,1034,1,1,38,38,0,0,0,4,5,1,1,0.63,0.58
287399,108747,0.51,-59.1,-59.9,-1.15,4,7,2.00,0,0,0,0,0,-5,3,1034,1,1,38,38,0,0,0,3,-1,2,1,0.63,0.58
287405,108748,0.53,-62.7,-63.4,-1.40,4,7,1.58,0,0,0,0,0,-5,3,1034,1,1,38,38,0,0,0,3,-1,2,1,0.60,0.59
287411,108749,0.53,-59.1,-59.7,-1.15,4,7,1.81,0,0,0,0,0,-5,3,1034,1,1,38,38,0,0,0,3,-1,2,1,0.53,0.58
287417,108750,0.54,-63.3,-63.7,-1.40,4,7,1.66,0,0,0,0,0,-5,3,1034,1,1,38,38,0,0,0,2,-2,4,1,0.53,0.58
287423,108751,0.56,-59.1,-59.5,-1.31,4,7,1.67,0,0,0,0,0,-4,3,1035,1,1,38,38,0,0,0,2,-2,4,1,0.53,0.58
287429,108752,0.52,-58.1,-59.5,-1.16,4,7,1.81,0,0,0,0,0,-4,3,1035,1,1,38,38,0,0,0,2,-2,4,1,0.53,0.58
287434,108753,0.56,-58.1,-59.5,-1.04,4,7,1.81,0,0,0,0,0,-4,3,1035,1,1,38,38,0,0,0,2,-2,4,1,0.54,0.57
287440,108754,0.53,-60.3,-60.4,-0.97,4,7,1.59,0,0,0,0,0,-4,3,1034,1,1,38,38,0,0,0,3,-1,2,1,0.54,0.57
287446,108755,0.57,-60.3,-60.3,-1.15,4,7,1.44,0,0,0,0,0,-4,3,1034,1,1,38,38,0,0,0,3,-1,2,1,0.56,0.57
287452,108756,0.61,-62.1,-62.8,-0.86,4,7,1.70,0,0,0,0,0,-4,3,1034,1,1,38,38,0,0,0,3,-1,2,1,0.56,0.57
287458,108757,0.55,-62.1,-63.0,-0.95,4,7,1.75,0,0,0,0,0,-6,3,1033,1,1,38,38,0,0,0,2,3,-1,1,0.56,0.57
287464,108758,0.55,-62.1,-63.0,-1.01,4,6,2.75,0,0,0,0,0,-6,3,1033,1,1,38,38,0,0,0,2,3,-1,1,0.55,0.57
287470,108759,0.53,-62.1,-62.7,-1.58,4,7,1.66,0,0,0,0,0,-6,3,1033,1,1,38,38,0,0,0,2,3,-1,1,0.55,0.57
287476,108760,0.49,-59.1,-59.5,-1.53,4,7,1.72,0,0,0,0,0,-6,3,1033,1,1,38,38,0,0,0,2,3,-1,1,0.55,0.57
287482,108761,0.57,-59.1,-59.8,-1.19,4,7,1.69,0,0,0,0,0,-4,3,1035,1,1,38,38,0,0,0,4,-1,3,1,0.55,0.57
287503,108762,0.53,-62.1,-62.9,-1.18,4,7,1.88,0,0,0,0,0,-4,3,1035,1,1,38,38,0,0,0,4,-1,3,1,0.53,0.57
287533,108763,0.47,-54.3,-55.9,-1.27,4,7,2.31,0,0,0,0,0,-6,4,1035,1,1,38,38,0,0,0,0,0,-1,1,0.53,0.56
287539,108764,0.63,-62.7,-63.8,-1.01,4,7,1.88,0,0,0,0,0,-5,3,1035,1,1,38,38,0,0,0,3,-2,7,1,0.53,0.56
287545,108765,0.61,-59.1,-59.9,-0.92,4,7,1.92,0,0,0,0,0,-5,3,1035,1,1,38,38,0,0,0,3,-2,7,1,0.57,0.56
287551,108766,0.55,-61.6,-63.5,-1.03,4,7,2.19,0,0,0,0,0,-5,3,1035,1,1,38,38,0,0,0,3,-2,7,1,0.55,0.56
287559,108767,0.57,-62.7,-63.5,-1.09,4,7,1.72,0,0,0,0,0,-5,3,1035,1,1,38,38,0,0,0,3,0,0,1,0.57,0.56
287567,108768,0.53,-59.1,-59.6,-1.51,4,7,1.53,0,0,0,0,0,-5,3,1035,1,1,38,38,0,0,0,3,0,0,1,0.57,0.56
287575,108769,0.60,-59.1,-60.0,-1.13,4,7,1.36,0,0,0,0,0,-5,3,1035,1,1,38,38,0,0,0,3,0,0,1,0.57,0.56
287581,108770,0.57,-63.3,-63.6,-1.06,4,7,2.22,0,0,0,0,0,-6,3,1032,1,1,38,38,0,0,0,1,4,3,1,0.57,0.56
287637,108771,0.54,-62.1,-63.1,-1.03,4,6,2.69,0,0,0,0,0,-6,3,1032,1,1,38,38,0,0,0,1,4,3,1,0.57,0.56
287662,108772,0.46,-58.1,-60.8,-1.10,4,7,2.13,0,0,0,0,0,-5,2,1034,1,1,38,38,0,0,0,3,2,2,1,0.54,0.56
287668,108773,0.53,-63.3,-63.8,-1.49,4,7,1.34,0,0,0,0,0,-5,3,1033,1,1,38,38,0,0,0,1,0,1,1,0.54,0.56
287674,108774,0.55,-63.3,-63.9,-1.43,4,7,1.44,0,0,0,0,0,-5,3,1033,1,1,38,38,0,0,0,1,0,1,1,0.54,0.56
287710,108775,0.60,-59.1,-60.1,-1.10,4,7,1.22,0,0,0,0,0,-5,2,1033,1,1,38,38,0,0,0,-2,-1,1,1,0.54,0.56
287723,108776,0.62,-59.1,-59.8,-0.76,4,7,1.36,0,0,0,0,0,-5,3,1035,1,1,38,38,0,0,0,1,0,-1,1,0.55,0.56
287748,108777,0.64,-62.7,-63.5,-0.82,4,7,1.28,0,0,0,0,0,-5,3,1035,1,1,38,38,0,0,0,1,0,-1,1,0.60,0.56
287756,108778,0.56,-59.1,-60.3,-0.94,4,7,2.27,0,0,0,0,0,-6,3,1034,1,1,38,38,0,0,0,1,-1,-2,1,0.60,0.56
287801,108779,0.54,-62.1,-62.8,-1.34,4,7,1.66,0,0,0,0,0,-6,2,1033,1,1,38,38,0,0,0,4,1,3,1,0.60,0.57
287807,108780,0.51,-63.3,-63.7,-1.58,4,7,1.45,0,0,0,0,0,-5,3,1034,1,1,38,38,0,0,0,2,-5,3,1,0.56,0.57
287813,108781,0.57,-59.1,-60.0,-1.46,4,7,1.36,0,0,0,0,0,-5,3,1034,1,1,38,38,0,0,0,2,-5,3,1,0.56,0.57
287854,108782,0.61,-59.1,-59.3,-1.07,4,7,1.61,0,0,0,0,0,-6,4,1035,1,1,38,38,0,0,0,4,-1,1,1,0.56,0.57
287868,108783,0.58,-58.1,-59.4,-1.01,4,7,1.97,0,0,0,0,0,-6,3,1034,1,1,38,38,0,0,0,4,0,0,1,0.57,0.57
287908,108784,0.53,-58.1,-60.4,-1.27,4,7,2.02,0,0,0,0,0,-6,3,1034,1,1,38,38,0,0,0,4,0,0,1,0.57,0.57
287913,108785,0.59,-59.1,-59.8,-1.07,4,7,1.89,0,0,0,0,0,-5,3,1034,1,1,38,38,0,0,0,2,0,-2,1,0.58,0.57
287961,108786,0.65,-62.7,-63.6,-0.86,4,7,1.34,0,0,0,0,0,-4,3,1033,1,1,38,38,0,0,0,3,-2,1,1,0.59,0.57
287968,108787,0.60,-59.1,-60.0,-0.70,4,7,1.34,0,0,0,0,0,-5,3,1032,1,1,38,38,0,0,0,4,1,0,1,0.59,0.57
287976,108788,0.54,-63.3,-64.0,-1.40,4,7,1.89,0,0,0,0,0,-5,2,1035,1,1,38,38,0,0,0,1,2,-3,1,0.59,0.57
287984,108789,0.63,-60.3,-60.3,-0.77,4,7,1.69,0,0,0,0,0,-5,2,1035,1,1,38,38,0,0,0,1,2,-3,1,0.60,0.57
287990,108790,0.57,-59.1,-60.0,-1.01,4,7,1.98,0,0,0,0,0,-5,2,1035,1,1,38,38,0,0,0,1,2,-3,1,0.60,0.57
287996,108791,0.61,-60.3,-60.5,-0.82,4,7,1.72,0,0,0,0,0,-6,2,1034,1,1,38,38,0,0,0,4,-1,-1,1,0.60,0.57
288002,108792,0.59,-60.3,-60.1,-1.15,4,7,1.64,0,0,0,0,0,-6,2,1034,1,1,38,38,0,0,0,4,-1,-1,1,0.59,0.58
288008,108793,0.55,-62.1,-63.2,-0.98,4,7,1.89,0,0,0,0,0,-6,2,1034,1,1,38,38,0,0,0,4,-1,-1,1,0.59,0.58
288014,108794,0.54,-60.3,-60.4,-1.30,4,7,1.64,0,0,0,0,0,-5,4,1034,1,1,38,38,0,0,0,1,-1,-3,1,0.57,0.58
288020,108795,0.60,-60.3,-60.2,-1.10,4,7,1.64,0,0,0,0,0,-5,4,1034,1,1,38,38,0,0,0,1,-1,-3,1,0.59,0.58
288026,108796,0.62,-60.3,-60.3,-0.88,4,7,1.69,0,0,0,0,0,-5,4,1034,1,1,38,38,0,0,0,1,-1,-3,1,0.59,0.58
288047,108797,0.55,-59.1,-60.2,-1.18,4,7,2.09,0,0,0,0,0,-5,4,1034,1,1,38,38,0,0,0,1,-1,-3,1,0.55,0.58
288053,108798,0.55,-63.3,-64.1,-1.34,4,7,1.83,0,0,0,0,0,-4,4,1032,1,1,38,38,0,0,0,3,-4,0,1,0.55,0.58
288059,108799,0.60,-62.7,-63.8,-0.92,4,7,1.89,0,0,0,0,0,-4,3,1033,1,1,38,38,0,0,0,3,-3,2,1,0.60,0.58
288065,108800,0.58,-59.1,-59.8,-1.07,4,7,1.80,0,0,0,0,0,-4,3,1033,1,1,38,38,0,0,0,3,-3,2,1,0.58,0.58
288070,108801,0.55,-58.1,-60.6,-0.97,4,7,2.23,0,0,0,0,0,-4,3,1033,1,1,38,38,0,0,0,3,-3,2,1,0.55,0.58
288076,108802,0.51,-61.6,-63.5,-1.16,4,7,2.17,0,0,0,0,0,-5,3,1034,1,1,38,38,0,0,0,2,0,1,1,0.55,0.57
288101,108803,0.56,-62.1,-63.2,-0.98,4,7,1.95,0,0,0,0,0,-5,3,1034,1,1,38,38,0,0,0,2,0,1,1,0.56,0.57
288109,108804,0.54,-63.3,-63.7,-1.21,4,7,1.67,0,0,0,0,0,-4,2,1034,1,1,38,38,0,0,0,4,4,1,1,0.55,0.57
288162,108805,0.59,-59.1,-60.0,-0.77,4,7,1.70,0,0,0,0,0,-5,4,1033,1,1,38,38,0,0,0,3,2,5,1,0.55,0.57
288183,108806,0.56,-62.1,-63.1,-1.24,4,7,1.73,0,0,0,0,0,-6,2,1034,1,1,38,38,0,0,0,1,3,2,1,0.56,0.57
288189,108807,0.55,-62.7,-63.6,-0.92,4,7,1.64,0,0,0,0,0,-5,4,1033,1,1,38,38,0,0,0,3,0,2,1,0.56,0.57
288196,108808,0.52,-58.1,-61.1,-1.12,4,7,2.06,0,0,0,0,0,-5,2,1034,1,1,38,38,0,0,0,4,1,0,1,0.55,0.57
288204,108809,0.50,-63.3,-64.1,-1.56,4,7,2.14,0,0,0,0,0,-5,2,1034,1,1,38,38,0,0,0,4,1,0,1,0.55,0.57
288210,108810,0.55,-58.1,-59.4,-1.34,4,6,2.38,0,0,0,0,0,-5,2,1034,1,1,38,38,0,0,0,4,1,0,1,0.55,0.57
288216,108811,0.54,-62.1,-63.5,-1.03,4,6,2.44,0,0,0,0,0,-5,2,1035,1,1,38,38,0,0,0,0,2,4,1,0.54,0.57
288222,108812,0.63,-63.3,-63.6,-0.98,4,7,2.14,0,0,0,0,0,-5,2,1035,1,1,38,38,0,0,0,0,2,4,1,0.54,0.57
288228,108813,0.53,-62.1,-63.1,-1.13,4,7,1.33,0,0,0,0,0,-5,2,1035,1,1,38,38,0,0,0,0,2,4,1,0.54,0.57
288234,108814,0.55,-58.1,-60.0,-1.15,4,6,2.63,0,0,0,0,0,-4,3,1035,1,1,38,38,0,0,0,4,3,5,1,0.55,0.56
288240,108815,0.56,-58.1,-59.5,-1.09,4,7,1.34,0,0,0,0,0,-4,3,1035,1,1,38,38,0,0,0,4,3,5,1,0.55,0.56
288246,108816,0.54,-59.1,-60.0,-1.09,4,7,1.42,0,0,0,0,0,-4,3,1035,1,1,38,38,0,0,0,4,3,5,1,0.55,0.56
288252,108817,0.59,-59.1,-60.1,-1.12,4,6,2.38,0,0,0,0,0,-8,2,1033,1,1,38,38,0,0,0,3,1,0,1,0.55,0.56
288271,108818,0.58,-59.1,-60.7,-0.82,4,7,2.09,0,0,0,0,0,-8,2,1033,1,1,38,38,0,0,0,3,1,0,1,0.56,0.56
288279,108819,0.56,-59.1,-60.1,-1.06,4,7,1.67,0,0,0,0,0,-5,3,1035,1,1,38,38,0,0,0,3,1,1,1,0.56,0.56
288318,108820,0.52,-58.1,-60.1,-0.98,4,7,2.25,0,0,0,0,0,-5,3,1035,1,1,38,38,0,0,0,3,1,1,1,0.56,0.56
288324,108821,0.48,-62.7,-63.3,-1.67,4,7,1.81,0,0,0,0,0,-3,3,1033,1,1,38,38,0,0,0,3,1,3,1,0.56,0.56
288332,108822,0.60,-59.1,-59.6,-0.83,4,7,1.58,0,0,0,0,0,-3,3,1033,1,1,38,38,0,0,0,3,1,3,1,0.56,0.56
288338,108823,0.60,-59.1,-59.9,-1.03,4,7,1.56,0,0,0,0,0,-4,3,1033,1,1,38,38,0,0,0,3,-3,0,1,0.56,0.56
288346,108824,0.61,-62.1,-63.0,-0.76,4,7,1.50,0,0,0,0,0,-4,3,1033,1,1,38,38,0,0,0,3,-3,0,1,0.60,0.56
288352,108825,0.62,-62.1,-62.9,-0.79,4,7,1.44,0,0,0,0,0,-5,3,1036,1,1,38,38,0,0,0,2,-2,1,1,0.60,0.57
288358,108826,0.65,-62.7,-63.5,-0.79,4,7,1.31,0,0,0,0,0,-5,3,1036,1,1,38,38,0,0,0,2,-2,1,1,0.61,0.57
288364,108827,0.60,-63.3,-63.8,-1.16,4,7,1.39,0,0,0,0,0,-5,3,1036,1,1,38,38,0,0,0,2,-2,1,1,0.61,0.57
288370,108828,0.55,-63.3,-64.0,-1.19,4,7,1.47,0,0,0,0,0,-5,3,1036,1,1,38,38,0,0,0,2,-2,1,1,0.61,0.57
288376,108829,0.55,-58.1,-59.6,-0.82,4,7,1.72,0,0,0,0,0,-7,2,1033,1,1,38,38,0,0,0,2,2,0,1,0.60,0.57
288417,108830,0.59,-62.1,-63.0,-0.77,4,7,1.77,0,0,0,0,0,-7,2,1033,1,1,38,38,0,0,0,2,2,0,1,0.59,0.57
288425,108831,0.59,-59.1,-60.0,-0.77,4,7,1.63,0,0,0,0,0,-4,2,1035,1,1,38,38,0,0,0,6,-1,2,1,0.59,0.58
288433,108832,0.64,-62.1,-63.5,-0.75,4,7,1.39,0,0,0,0,0,-4,3,1034,1,1,38,38,0,0,0,3,-1,3,1,0.59,0.58
288461,108833,0.53,-58.1,-59.3,-1.21,4,7,1.59,0,0,0,0,0,-4,3,1034,1,1,38,38,0,0,0,3,-1,3,1,0.59,0.58
288548,108834,0.53,-63.3,-63.7,-1.40,4,7,1.73,0,0,0,0,0,-5,2,1035,1,1,38,38,0,0,0,4,0,3,1,0.59,0.58
288554,108835,0.57,-58.1,-60.3,-1.04,4,7,2.02,0,0,0,0,0,-5,3,1035,1,1,38,38,0,0,0,3,0,1,1,0.57,0.58
288599,108836,0.60,-62.1,-63.3,-0.89,4,6,2.45,0,0,0,0,0,-5,3,1035,1,1,38,38,0,0,0,3,0,1,1,0.57,0.58
288657,108837,0.65,-60.3,-60.4,-0.86,4,7,1.50,0,0,0,0,0,-5,4,1034,1,1,38,38,0,0,0,4,3,0,1,0.57,0.58
288693,108838,0.56,-59.1,-59.8,-1.13,4,7,1.34,0,0,0,0,0,-4,1,1035,1,1,38,38,0,0,0,2,-1,-1,1,0.57,0.58
288750,108839,0.56,-62.1,-63.0,-1.13,4,7,1.84,0,0,0,0,0,-6,3,1035,1,1,38,38,0,0,0,4,-1,1,1,0.57,0.58
288756,108840,0.61,-62.7,-63.4,-0.92,4,7,1.75,0,0,0,0,0,-6,3,1035,1,1,38,38,0,0,0,3,0,1,1,0.60,0.58
288762,108841,0.58,-62.7,-63.6,-1.21,4,7,1.78,0,0,0,0,0,-6,3,1035,1,1,38,38,0,0,0,3,0,1,1,0.58,0.58
288803,108842,0.53,-58.1,-59.9,-1.10,4,7,2.19,0,0,0,0,0,-6,3,1035,1,1,38,38,0,0,0,3,0,1,1,0.56,0.58
288809,108843,0.53,-58.1,-59.8,-1.25,4,7,2.08,0,0,0,0,0,-5,3,1034,1,1,38,38,0,0,0,3,2,2,1,0.56,0.58
288815,108844,0.60,-62.7,-63.9,-0.92,4,7,2.19,0,0,0,0,0,-5,3,1034,1,1,38,38,0,0,0,3,2,2,1,0.58,0.58
288821,108845,0.57,-59.1,-60.3,-0.89,4,7,2.19,0,0,0,0,0,-5,3,1034,1,1,38,38,0,0,0,3,2,2,1,0.57,0.58
288827,108846,0.64,-62.7,-63.6,-0.83,4,7,1.92,0,0,0,0,0,-5,3,1034,1,1,38,38,0,0,0,3,2,2,1,0.57,0.58
288833,108847,0.59,-62.7,-64.1,-1.10,4,7,2.09,0,0,0,0,0,-4,2,1033,1,1,38,38,0,0,0,1,3,-1,1,0.59,0.58
288839,108848,0.55,-57.3,-59.6,-0.85,4,6,2.48,0,0,0,0,0,-4,2,1033,1,1,38,38,0,0,0,1,3,-1,1,0.59,0.58
288860,108849,0.55,-59.1,-60.3,-1.16,4,7,2.31,0,0,0,0,0,-4,2,1033,1,1,38,38,0,0,0,1,3,-1,1,0.57,0.58
288885,108850,0.60,-58.1,-59.6,-1.10,4,7,2.25,0,0,0,0,0,-5,3,1034,1,1,38,38,0,0,0,4,1,1,1,0.59,0.58
288915,108851,0.59,-63.3,-63.7,-1.22,4,7,1.50,0,0,0,0,0,-6,2,1035,1,1,38,38,0,0,0,4,0,1,1,0.59,0.58
288939,108852,0.61,-62.1,-63.0,-0.69,4,7,1.59,0,0,0,0,0,-5,3,1034,1,1,38,38,0,0,0,2,-2,4,1,0.59,0.58
289013,108853,0.60,-63.3,-63.7,-0.86,4,7,1.84,0,0,0,0,0,-6,3,1034,1,1,38,38,0,0,0,1,-3,2,1,0.60,0.58
289066,108854,0.55,-62.1,-62.9,-1.15,4,7,1.94,0,0,0,0,0,-5,3,1035,1,1,38,38,0,0,0,1,-1,1,1,0.60,0.58
289085,108855,0.57,-59.1,-59.6,-0.83,4,7,1.63,0,0,0,0,0,-5,2,1033,1,1,38,38,0,0,0,2,1,1,1,0.59,0.58
289104,108856,0.58,-59.1,-60.5,-1.25,4,7,2.17,0,0,0,0,0,-6,2,1035,1,1,38,38,0,0,0,6,-2,2,1,0.58,0.58
289166,108857,0.66,-59.1,-59.7,-0.73,4,7,1.58,0,0,0,0,0,-5,2,1034,1,1,38,38,0,0,0,3,0,3,1,0.58,0.58
289207,108858,0.54,-61.6,-63.7,-1.25,4,7,2.05,0,0,0,0,0,-4,2,1035,1,1,38,38,0,0,0,3,0,4,1,0.57,0.58
289213,108859,0.57,-60.3,-60.3,-1.19,4,7,1.66,0,0,0,0,0,-7,3,1034,1,1,38,38,0,0,0,4,0,-2,1,0.57,0.58
289219,108860,0.55,-60.3,-60.3,-1.24,4,7,1.78,0,0,0,0,0,-7,3,1034,1,1,38,38,0,0,0,4,0,-2,1,0.57,0.58
289225,108861,0.63,-62.7,-63.2,-0.80,4,7,1.78,0,0,0,0,0,-7,3,1034,1,1,38,38,0,0,0,4,0,-2,1,0.57,0.58
289231,108862,0.64,-62.7,-63.4,-0.83,4,7,1.80,0,0,0,0,0,-5,2,1034,1,1,38,38,0,0,0,1,2,3,1,0.57,0.58
289237,108863,0.61,-62.7,-63.7,-0.92,4,7,1.84,0,0,0,0,0,-5,2,1034,1,1,38,38,0,0,0,1,2,3,1,0.61,0.58
289245,108864,0.60,-59.1,-59.7,-0.79,4,7,1.66,0,0,0,0,0,-5,2,1034,1,1,38,38,0,0,0,1,2,3,1,0.61,0.58
289273,108865,0.48,-54.3,-56.0,-1.27,4,7,2.34,0,0,0,0,0,-6,3,1034,1,1,38,38,0,0,0,2,0,3,1,0.61,0.58
289279,108866,0.54,-54.3,-56.0,-1.10,4,7,2.33,0,0,0,0,0,-5,3,1033,1,1,38,38,0,0,0,-1,-1,-1,1,0.60,0.58
289285,108867,0.53,-58.1,-60.1,-1.01,4,7,2.19,0,0,0,0,0,-5,3,1033,1,1,38,38,0,0,0,-1,-1,-1,1,0.54,0.58
289338,108868,0.56,-61.6,-63.6,-1.00,4,7,2.14,0,0,0,0,0,-5,3,1035,1,1,38,38,0,0,0,4,-2,1,1,0.54,0.58
289357,108869,0.62,-60.3,-60.4,-0.80,4,7,1.33,0,0,0,0,0,-5,3,1035,1,1,38,38,0,0,0,3,3,0,1,0.54,0.58
289397,108870,0.53,-63.3,-63.7,-1.56,4,7,1.58,0,0,0,0,0,-6,4,1034,1,1,38,38,0,0,0,1,0,1,1,0.54,0.58
289405,108871,0.53,-62.1,-63.0,-1.07,4,7,1.58,0,0,0,0,0,-5,2,1035,1,1,38,38,0,0,0,4,1,3,1,0.53,0.58
289429,108872,0.57,-63.3,-63.9,-1.31,4,7,1.38,0,0,0,0,0,-6,2,1034,1,1,38,38,0,0,0,1,0,2,1,0.56,0.57
289471,108873,0.54,-63.3,-63.8,-1.65,4,7,1.34,0,0,0,0,0,-5,3,1035,1,1,38,38,0,0,0,4,0,-1,1,0.54,0.57
289539,108874,0.58,-59.1,-59.6,-1.00,4,7,1.44,0,0,0,0,0,-6,3,1034,1,1,38,38,0,0,0,0,1,-1,1,0.54,0.57
289569,108875,0.60,-60.3,-60.1,-1.15,4,7,1.75,0,0,0,0,0,-6,2,1034,1,1,38,38,0,0,0,4,-1,1,1,0.57,0.57
289575,108876,0.61,-62.7,-63.6,-1.03,4,7,1.81,0,0,0,0,0,-5,2,1033,1,1,38,38,0,0,0,3,2,1,1,0.58,0.57
289581,108877,0.48,-58.1,-60.0,-1.48,4,7,2.34,0,0,0,0,0,-5,2,1033,1,1,38,38,0,0,0,3,2,1,1,0.58,0.57
289587,108878,0.50,-58.1,-60.0,-1.33,4,7,2.31,0,0,0,0,0,-5,3,1035,1,1,38,38,0,0,0,7,0,0,1,0.58,0.57
289593,108879,0.55,-62.1,-62.9,-1.34,4,7,1.84,0,0,0,0,0,-5,3,1035,1,1,38,38,0,0,0,7,0,0,1,0.55,0.57
289599,108880,0.53,-62.1,-62.8,-1.43,4,7,1.86,0,0,0,0,0,-5,3,1035,1,1,38,38,0,0,0,7,0,0,1,0.53,0.57
289605,108881,0.49,-58.1,-59.4,-1.43,4,7,1.97,0,0,0,0,0,-5,3,1033,1,1,38,38,0,0,0,2,1,-3,1,0.50,0.57
289611,108882,0.53,-58.1,-60.4,-1.10,4,7,2.03,0,0,0,0,0,-5,3,1033,1,1,38,38,0,0,0,2,1,-3,1,0.53,0.56
289616,108883,0.53,-62.7,-63.6,-1.31,4,7,1.78,0,0,0,0,0,-5,3,1033,1,1,38,38,0,0,0,2,1,-3,1,0.53,0.56
289622,108884,0.53,-62.7,-63.6,-1.28,4,7,1.81,0,0,0,0,0,-5,3,1033,1,1,38,38,0,0,0,2,1,-3,1,0.53,0.56
289628,108885,0.60,-62.7,-63.6,-1.09,4,7,1.78,0,0,0,0,0,-6,3,1034,1,1,38,38,0,0,0,3,2,0,1,0.53,0.56
289634,108886,0.61,-62.7,-63.5,-0.94,4,7,1.75,0,0,0,0,0,-6,3,1034,1,1,38,38,0,0,0,3,2,0,1,0.53,0.56
289640,108887,0.60,-63.3,-63.6,-1.10,4,7,1.77,0,0,0,0,0,-6,3,1034,1,1,38,38,0,0,0,3,2,0,1,0.60,0.56
289680,108888,0.55,-63.3,-63.7,-1.18,4,7,1.84,0,0,0,0,0,-5,2,1034,1,1,38,38,0,0,0,2,-1,-2,1,0.60,0.56
289699,108889,0.56,-62.1,-63.1,-1.01,4,7,1.63,0,0,0,0,0,-6,3,1036,1,1,38,38,0,0,0,3,2,2,1,0.60,0.57
289741,108890,0.57,-59.1,-59.7,-1.06,4,7,1.83,0,0,0,0,0,-6,3,1034,1,1,38,38,0,0,0,2,3,1,1,0.57,0.57
289746,108891,0.59,-59.1,-59.8,-0.97,4,7,1.80,0,0,0,0,0,-5,2,1034,1,1,38,38,0,0,0,4,1,-1,1,0.57,0.57
289752,108892,0.53,-59.1,-59.7,-0.91,4,7,1.84,0,0,0,0,0,-5,2,1034,1,1,38,38,0,0,0,4,1,-1,1,0.56,0.57
289758,108893,0.53,-59.1,-59.8,-1.03,4,7,1.80,0,0,0,0,0,-5,2,1034,1,1,38,38,0,0,0,4,1,-1,1,0.56,0.57
289764,108894,0.54,-62.1,-63.0,-0.98,4,6,2.80,0,0,0,0,0,-4,2,1035,1,1,38,38,0,0,0,2,-1,3,1,0.54,0.56
289770,108895,0.58,-59.1,-59.5,-0.97,4,7,1.75,0,0,0,0,0,-4,2,1035,1,1,38,38,0,0,0,2,-1,3,1,0.54,0.56
289776,108896,0.49,-58.1,-60.6,-0.94,4,7,2.16,0,0,0,0,0,-4,2,1035,1,1,38,38,0,0,0,2,-1,3,1,0.53,0.56
289816,108897,0.56,-62.1,-62.9,-1.18,4,7,1.77,0,0,0,0,0,-4,2,1035,1,1,38,38,0,0,0,2,-1,3,1,0.54,0.56
289822,108898,0.52,-62.1,-62.9,-1.28,4,7,1.72,0,0,0,0,0,-5,3,1034,1,1,38,38,0,0,0,-1,0,1,1,0.54,0.56
289828,108899,0.57,-60.3,-60.4,-1.06,4,7,1.61,0,0,0,0,0,-5,2,1034,1,1,38,38,0,0,0,5,1,4,1,0.56,0.56
289834,108900,0.60,-59.1,-59.8,-0.73,4,7,1.75,0,0,0,0,0,-5,2,1034,1,1,38,38,0,0,0,5,1,4,1,0.56,0.56
289840,108901,0.63,-60.3,-60.4,-0.92,4,7,1.53,0,0,0,0,0,-5,2,1034,1,1,38,38,0,0,0,5,1,4,1,0.57,0.56
289846,108902,0.61,-59.1,-59.8,-0.79,4,7,1.75,0,0,0,0,0,-5,3,1033,1,1,38,38,0,0,0,2,0,-1,1,0.60,0.56
289852,108903,0.58,-59.1,-60.1,-1.15,4,7,1.42,0,0,0,0,0,-5,3,1033,1,1,38,38,0,0,0,2,0,-1,1,0.60,0.56
289858,108904,0.61,-59.1,-59.8,-0.77,4,7,1.67,0,0,0,0,0,-5,3,1033,1,1,38,38,0,0,0,2,0,-1,1,0.61,0.57
289864,108905,0.61,-60.3,-60.3,-1.00,4,7,1.50,0,0,0,0,0,-6,3,1034,1,1,38,38,0,0,0,2,-1,1,1,0.61,0.57
289870,108906,0.60,-60.3,-60.1,-0.92,4,7,1.53,0,0,0,0,0,-6,3,1034,1,1,38,38,0,0,0,2,-1,1,1,0.61,0.57
289875,108907,0.61,-60.3,-60.1,-1.09,4,7,1.39,0,0,0,0,0,-6,3,1034,1,1,38,38,0,0,0,2,-1,1,1,0.61,0.57
289881,108908,0.61,-60.3,-60.4,-1.01,4,7,1.56,0,0,0,0,0,-6,3,1034,1,1,38,38,0,0,0,2,-1,1,1,0.61,0.57
289887,108909,0.63,-59.1,-60.0,-1.21,4,7,1.38,0,0,0,0,0,-5,3,1033,1,1,38,38,0,0,0,3,2,0,1,0.61,0.58
289893,108910,0.54,-59.1,-59.9,-0.97,4,7,1.81,0,0,0,0,0,-5,3,1033,1,1,38,38,0,0,0,3,2,0,1,0.61,0.58
289899,108911,0.61,-60.3,-60.3,-1.01,4,7,1.44,0,0,0,0,0,-5,3,1033,1,1,38,38,0,0,0,3,2,0,1,0.61,0.58
289905,108912,0.56,-60.3,-60.4,-1.15,4,7,1.53,0,0,0,0,0,-4,3,1035,1,1,38,38,0,0,0,4,1,0,1,0.61,0.58
289911,108913,0.58,-62.1,-62.9,-0.70,4,7,1.73,0,0,0,0,0,-4,3,1035,1,1,38,38,0,0,0,4,1,0,1,0.58,0.58
289917,108914,0.50,-62.1,-63.1,-1.30,4,7,1.77,0,0,0,0,0,-4,3,1035,1,1,38,38,0,0,0,4,1,0,1,0.56,0.58
289923,108915,0.56,-62.1,-63.0,-1.00,4,7,1.75,0,0,0,0,0,-5,3,1034,1,1,38,38,0,0,0,5,1,3,1,0.56,0.58
289929,108916,0.63,-62.1,-62.8,-0.49,4,7,1.72,0,0,0,0,0,-5,3,1034,1,1,38,38,0,0,0,5,1,3,1,0.56,0.58
289950,108917,0.54,-58.1,-60.5,-1.04,4,7,2.13,0,0,0,0,0,-5,3,1034,1,1,38,38,0,0,0,5,1,3,1,0.56,0.58
289956,108918,0.62,-58.1,-59.4,-0.79,4,7,1.86,0,0,0,0,0,-5,4,1034,1,1,38,38,0,0,0,2,0,-1,1,0.56,0.58
289962,108919,0.62,-59.1,-59.5,-0.73,4,7,1.88,0,0,0,0,0,-5,2,1033,1,1,38,38,0,0,0,3,2,1,1,0.62,0.58
289968,108920,0.53,-59.1,-59.7,-1.15,4,7,1.80,0,0,0,0,0,-5,2,1033,1,1,38,38,0,0,0,3,2,1,1,0.62,0.58
289974,108921,0.52,-62.7,-63.3,-1.40,4,7,1.69,0,0,0,0,0,-5,2,1033,1,1,38,38,0,0,0,3,2,1,1,0.54,0.58
289980,108922,0.59,-62.7,-63.5,-1.06,4,7,1.70,0,0,0,0,0,-5,2,1033,1,1,38,38,0,0,0,3,2,1,1,0.59,0.58
289986,108923,0.63,-62.7,-63.4,-0.85,4,7,1.70,0,0,0,0,0,-6,2,1034,1,1,38,38,0,0,0,-1,-1,5,1,0.59,0.58
290005,108924,0.56,-59.1,-60.2,-1.13,4,7,1.14,0,0,0,0,0,-6,2,1034,1,1,38,38,0,0,0,-1,-1,5,1,0.56,0.58
290057,108925,0.53,-54.3,-55.4,-0.97,4,6,2.45,0,0,0,0,0,-5,2,1034,1,1,38,38,0,0,0,2,1,1,1,0.56,0.58
290063,108926,0.62,-60.3,-60.3,-1.13,4,7,2.11,0,0,0,0,0,-5,2,1035,1,1,38,38,0,0,0,1,2,1,1,0.59,0.58
290096,108927,0.62,-59.1,-60.2,-0.85,4,7,2.25,0,0,0,0,0,-5,2,1035,1,1,38,38,0,0,0,1,2,1,1,0.62,0.58
290102,108928,0.59,-59.1,-60.2,-0.97,4,7,2.27,0,0,0,0,0,-5,2,1034,1,1,38,38,0,0,0,4,-5,-1,1,0.59,0.58
290108,108929,0.68,-62.7,-63.6,-0.77,4,7,1.03,0,0,0,0,0,-5,2,1034,1,1,38,38,0,0,0,4,-5,-1,1,0.62,0.58
290114,108930,0.63,-62.7,-63.8,-1.00,4,7,1.02,0,0,0,0,0,-5,2,1034,1,1,38,38,0,0,0,4,-5,-1,1,0.62,0.59
290119,108931,0.58,-59.1,-60.1,-1.04,4,7,2.27,0,0,0,0,0,-5,2,1034,1,1,38,38,0,0,0,4,-5,-1,1,0.62,0.59
290125,108932,0.57,-59.1,-60.4,-1.12,4,7,2.22,0,0,0,0,0,-5,3,1034,1,1,38,38,0,0,0,-2,-2,-1,1,0.59,0.59
290131,108933,0.48,-59.1,-60.0,-1.37,4,7,2.25,0,0,0,0,0,-5,3,1034,1,1,38,38,0,0,0,-2,-2,-1,1,0.58,0.59
290137,108934,0.52,-59.1,-60.0,-1.64,4,7,2.17,0,0,0,0,0,-5,3,1034,1,1,38,38,0,0,0,-2,-2,-1,1,0.57,0.59
290143,108935,0.55,-59.1,-60.0,-1.12,4,7,2.11,0,0,0,0,0,-5,3,1034,1,1,38,38,0,0,0,0,1,3,1,0.55,0.58
290149,108936,0.53,-58.1,-59.9,-1.15,4,7,2.20,0,0,0,0,0,-5,3,1034,1,1,38,38,0,0,0,0,1,3,1,0.53,0.58
290155,108937,0.61,-59.1,-60.3,-1.03,4,7,2.06,0,0,0,0,0,-5,3,1034,1,1,38,38,0,0,0,0,1,3,1,0.53,0.58
290161,108938,0.62,-62.7,-63.7,-0.98,4,7,1.94,0,0,0,0,0,-5,1,1034,1,1,38,38,0,0,0,0,2,2,1,0.55,0.58
290167,108939,0.61,-59.1,-60.3,-0.92,4,7,2.02,0,0,0,0,0,-5,1,1034,1,1,38,38,0,0,0,0,2,2,1,0.61,0.58
290173,108940,0.61,-63.3,-64.0,-1.24,4,7,1.95,0,0,0,0,0,-5,1,1034,1,1,38,38,0,0,0,0,2,2,1,0.61,0.58
290222,108941,0.58,-58.1,-59.9,-0.80,4,7,2.22,0,0,0,0,0,-5,1,1034,1,1,38,38,0,0,0,0,2,2,1,0.61,0.58
290236,108942,0.59,-59.1,-60.1,-1.00,4,7,1.14,0,0,0,0,0,-5,5,1034,1,1,38,38,0,0,0,2,1,0,1,0.61,0.58
290277,108943,0.60,-62.1,-62.9,-0.82,4,7,1.45,0,0,0,0,0,-4,2,1034,1,1,38,38,0,0,0,2,0,2,1,0.60,0.58
290283,108944,0.65,-62.1,-62.9,-0.73,4,7,1.44,0,0,0,0,0,-5,2,1033,1,1,38,38,0,0,0,1,0,3,1,0.60,0.59
290289,108945,0.60,-62.1,-62.9,-0.70,4,7,1.45,0,0,0,0,0,-5,2,1033,1,1,38,38,0,0,0,1,0,3,1,0.60,0.59
290295,108946,0.63,-59.1,-60.0,-0.82,4,7,1.45,0,0,0,0,0,-5,2,1033,1,1,38,38,0,0,0,1,0,3,1,0.60,0.59
290301,108947,0.63,-62.1,-62.9,-0.83,4,7,1.50,0,0,0,0,0,-5,2,1034,1,1,38,38,0,0,0,4,-1,1,1,0.63,0.59
290307,108948,0.68,-60.3,-60.5,-0.69,4,7,1.23,0,0,0,0,0,-5,2,1034,1,1,38,38,0,0,0,4,-1,1,1,0.63,0.59
290313,108949,0.64,-60.3,-60.1,-1.10,4,7,1.23,0,0,0,0,0,-5,2,1034,1,1,38,38,0,0,0,4,-1,1,1,0.63,0.59
290337,108950,0.51,-63.3,-64.1,-1.80,4,7,1.34,0,0,0,0,0,-5,2,1034,1,1,38,38,0,0,0,4,-1,1,1,0.63,0.59
290358,108951,0.53,-58.1,-59.3,-0.98,4,7,1.86,0,0,0,0,0,-5,3,1035,1,1,38,38,0,0,0,2,-1,-1,1,0.63,0.60
290377,108952,0.55,-58.1,-59.9,-1.01,4,7,2.30,0,0,0,0,0,-6,3,1034,1,1,38,38,0,0,0,6,3,2,1,0.55,0.59
290408,108953,0.62,-62.1,-62.9,-0.70,4,7,1.47,0,0,0,0,0,-5,2,1034,1,1,38,38,0,0,0,4,1,1,1,0.55,0.59
290427,108954,0.60,-59.1,-60.1,-0.82,4,7,1.97,0,0,0,0,0,-4,3,1034,1,1,38,38,0,0,0,-1,-1,-2,1,0.55,0.59
290451,108955,0.51,-58.1,-59.7,-1.13,4,6,2.48,0,0,0,0,0,-5,3,1034,1,1,38,38,0,0,0,4,2,2,1,0.55,0.59
290457,108956,0.60,-59.1,-60.3,-0.75,4,7,2.25,0,0,0,0,0,-5,4,1034,1,1,38,38,0,0,0,2,0,1,1,0.60,0.59
290508,108957,0.46,-58.1,-60.2,-1.36,4,7,2.23,0,0,0,0,0,-4,3,1034,1,1,38,38,0,0,0,1,1,0,1,0.60,0.59
290514,108958,0.56,-62.7,-63.6,-1.13,4,7,1.75,0,0,0,0,0,-5,3,1034,1,1,38,38,0,0,0,0,-1,2,1,0.56,0.59
290520,108959,0.60,-60.3,-60.1,-1.21,4,7,1.63,0,0,0,0,0,-6,4,1034,1,1,38,38,0,0,0,-1,-1,3,1,0.56,0.59
290526,108960,0.54,-62.1,-63.2,-1.10,4,7,0.91,0,0,0,0,0,-6,4,1034,1,1,38,38,0,0,0,-1,-1,3,1,0.56,0.59
290532,108961,0.59,-59.1,-59.6,-1.01,4,7,1.84,0,0,0,0,0,-6,4,1034,1,1,38,38,0,0,0,-1,-1,3,1,0.56,0.58
290557,108962,0.59,-62.1,-63.2,-0.94,4,7,1.83,0,0,0,0,0,-5,3,1034,1,1,38,38,0,0,0,1,2,2,1,0.59,0.58
290563,108963,0.56,-62.1,-63.1,-0.92,4,7,1.83,0,0,0,0,0,-5,2,1034,1,1,38,38,0,0,0,2,1,2,1,0.59,0.59
290569,108964,0.50,-62.1,-62.7,-1.51,4,7,1.70,0,0,0,0,0,-5,2,1034,1,1,38,38,0,0,0,2,1,2,1,0.56,0.58
290575,108965,0.56,-59.1,-59.5,-0.92,4,7,1.77,0,0,0,0,0,-5,2,1034,1,1,38,38,0,0,0,2,1,2,1,0.56,0.58
290581,108966,0.50,-63.3,-63.8,-1.79,4,7,1.66,0,0,0,0,0,-5,2,1034,1,1,38,38,0,0,0,2,2,4,1,0.56,0.58
290587,108967,0.59,-54.3,-55.1,-0.97,4,7,1.80,0,0,0,0,0,-5,2,1034,1,1,38,38,0,0,0,2,2,4,1,0.56,0.58
290593,108968,0.51,-58.1,-59.3,-1.45,4,7,1.69,0,0,0,0,0,-5,2,1034,1,1,38,38,0,0,0,2,2,4,1,0.51,0.58
290598,108969,0.49,-62.1,-62.8,-1.40,4,7,1.78,0,0,0,0,0,-5,4,1035,1,1,38,38,0,0,0,1,2,5,1,0.51,0.57
290604,108970,0.64,-59.1,-59.8,-1.01,4,7,1.50,0,0,0,0,0,-5,4,1035,1,1,38,38,0,0,0,1,2,5,1,0.51,0.57
290610,108971,0.53,-62.1,-62.8,-1.51,4,7,1.77,0,0,0,0,0,-5,4,1035,1,1,38,38,0,0,0,1,2,5,1,0.53,0.57
290661,108972,0.54,-58.1,-59.3,-1.00,4,7,1.95,0,0,0,0,0,-5,4,1035,1,1,38,38,0,0,0,1,2,5,1,0.53,0.57
290680,108973,0.59,-59.1,-59.9,-1.00,4,7,2.05,0,0,0,0,0,-6,3,1035,1,1,38,38,0,0,0,1,-1,2,1,0.54,0.57
290686,108974,0.56,-58.1,-59.9,-1.04,4,7,2.30,0,0,0,0,0,-6,3,1035,1,1,38,38,0,0,0,5,0,1,1,0.56,0.57
290692,108975,0.56,-54.3,-56.2,-0.91,4,6,2.38,0,0,0,0,0,-6,3,1035,1,1,38,38,0,0,0,5,0,1,1,0.56,0.57
290723,108976,0.50,-58.1,-59.4,-1.42,4,7,1.78,0,0,0,0,0,-5,3,1035,1,1,38,38,0,0,0,1,0,2,1,0.56,0.57
290729,108977,0.54,-62.1,-63.2,-1.33,4,7,1.55,0,0,0,0,0,-5,2,1033,1,1,38,38,0,0,0,2,-1,0,1,0.56,0.57
290748,108978,0.53,-54.3,-56.3,-1.22,4,7,2.33,0,0,0,0,0,-5,2,1033,1,1,38,38,0,0,0,2,-1,0,1,0.54,0.56
290770,108979,0.57,-58.1,-59.3,-1.07,4,7,1.94,0,0,0,0,0,-7,2,1034,1,1,38,38,0,0,0,3,-2,0,1,0.54,0.56
290776,108980,0.59,-59.1,-59.6,-1.09,4,7,1.86,0,0,0,0,0,-5,4,1035,1,1,38,38,0,0,0,3,2,6,1,0.54,0.56
290824,108981,0.54,-63.3,-63.9,-1.64,4,7,2.19,0,0,0,0,0,-5,4,1034,1,1,38,38,0,0,0,2,2,2,1,0.54,0.56
290829,108982,0.55,-63.3,-63.9,-1.49,4,7,1.30,0,0,0,0,0,-6,3,1035,1,1,38,38,0,0,0,5,0,1,1,0.55,0.56
290835,108983,0.61,-59.1,-59.9,-1.21,4,7,1.22,0,0,0,0,0,-6,3,1035,1,1,38,38,0,0,0,5,0,1,1,0.57,0.56
290841,108984,0.60,-62.7,-63.7,-1.18,4,7,1.23,0,0,0,0,0,-6,4,1035,1,1,38,38,0,0,0,1,1,2,1,0.59,0.56
290866,108985,0.68,-62.7,-63.4,-0.63,4,7,2.22,0,0,0,0,0,-6,4,1035,1,1,38,38,0,0,0,1,1,2,1,0.60,0.56
290923,108986,0.55,-63.3,-63.8,-1.58,4,7,1.39,0,0,0,0,0,-6,3,1034,1,1,38,38,0,0,0,5,0,2,1,0.60,0.57
290947,108987,0.54,-59.1,-59.9,-1.15,4,7,1.47,0,0,0,0,0,-6,3,1034,1,1,38,38,0,0,0,1,1,2,1,0.60,0.57
290972,108988,0.60,-59.1,-59.8,-0.83,4,6,2.56,0,0,0,0,0,-6,3,1035,1,1,38,38,0,0,0,5,2,1,1,0.60,0.57
290978,108989,0.57,-58.1,-59.6,-0.80,4,7,1.45,0,0,0,0,0,-7,2,1033,1,1,38,38,0,0,0,-1,-1,0,1,0.57,0.57
290984,108990,0.60,-59.1,-59.9,-0.88,4,7,2.27,0,0,0,0,0,-7,2,1033,1,1,38,38,0,0,0,-1,-1,0,1,0.57,0.57
291040,108991,0.51,-63.3,-63.8,-1.40,4,7,1.63,0,0,0,0,0,-7,2,1033,1,1,38,38,0,0,0,-1,-1,0,1,0.57,0.57
291048,108992,0.58,-58.1,-59.4,-0.88,4,7,1.44,0,0,0,0,0,-6,4,1034,1,1,38,38,0,0,0,5,-2,1,1,0.58,0.57
291054,108993,0.53,-59.1,-59.8,-1.39,4,6,2.48,0,0,0,0,0,-6,4,1034,1,1,38,38,0,0,0,5,-2,1,1,0.57,0.57
291060,108994,0.58,-58.1,-59.8,-0.95,4,7,1.41,0,0,0,0,0,-4,3,1034,1,1,38,38,0,0,0,2,1,-2,1,0.58,0.57
291066,108995,0.60,-58.1,-59.6,-0.75,4,6,2.41,0,0,0,0,0,-4,3,1034,1,1,38,38,0,0,0,2,1,-2,1,0.58,0.57
291072,108996,0.55,-63.3,-63.9,-1.40,4,7,1.41,0,0,0,0,0,-4,3,1034,1,1,38,38,0,0,0,2,1,-2,1,0.58,0.57
291114,108997,0.60,-58.1,-59.4,-0.94,4,7,1.61,0,0,0,0,0,-5,2,1034,1,1,38,38,0,0,0,4,2,1,1,0.58,0.57
291138,108998,0.60,-63.3,-64.0,-1.10,4,7,1.45,0,0,0,0,0,-7,2,1034,1,1,38,38,0,0,0,2,1,0,1,0.60,0.57
291206,108999,0.57,-54.3,-55.9,-1.01,4,7,1.77,0,0,0,0,0,-6,3,1035,1,1,38,38,0,0,0,2,1,-1,1,0.60,0.58
291236,109000,0.61,-62.7,-63.4,-0.91,4,7,1.73,0,0,0,0,0,-5,3,1034,1,1,38,38,0,0,0,5,0,1,1,0.60,0.58
291244,109001,0.61,-58.1,-59.6,-0.86,4,7,1.77,0,0,0,0,0,-5,2,1034,1,1,38,38,0,0,0,7,-2,5,1,0.60,0.58
291252,109002,0.62,-62.1,-63.3,-0.85,4,6,2.56,0,0,0,0,0,-5,2,1034,1,1,38,38,0,0,0,7,-2,5,1,0.61,0.58
291265,109003,0.60,-59.1,-59.5,-0.91,4,7,1.70,0,0,0,0,0,-5,2,1035,1,1,38,38,0,0,0,1,0,3,1,0.61,0.58
291273,109004,0.52,-58.1,-61.1,-0.98,4,7,2.03,0,0,0,0,0,-5,2,1035,1,1,38,38,0,0,0,1,0,3,1,0.61,0.58
291279,109005,0.58,-62.7,-63.3,-1.03,4,6,2.58,0,0,0,0,0,-4,2,1034,1,1,38,38,0,0,0,0,0,3,1,0.60,0.58
291308,109006,0.57,-62.1,-62.9,-1.03,4,7,1.81,0,0,0,0,0,-4,2,1034,1,1,38,38,0,0,0,0,0,3,1,0.58,0.58
291360,109007,0.64,-60.3,-60.2,-1.12,4,7,1.34,0,0,0,0,0,-5,3,1034,1,1,38,38,0,0,0,2,1,7,1,0.58,0.58
291366,109008,0.51,-58.1,-59.5,-1.34,4,7,1.75,0,0,0,0,0,-5,3,1035,1,1,38,38,0,0,0,5,2,4,1,0.57,0.58
291372,109009,0.59,-62.1,-62.9,-1.03,4,7,1.75,0,0,0,0,0,-5,3,1035,1,1,38,38,0,0,0,5,2,4,1,0.58,0.58
291408,109010,0.56,-58.1,-59.3,-1.01,4,7,1.50,0,0,0,0,0,-5,2,1033,1,1,38,38,0,0,0,2,-3,0,1,0.57,0.58
291416,109011,0.53,-62.1,-63.1,-1.48,4,7,1.36,0,0,0,0,0,-5,2,1035,1,1,38,38,0,0,0,4,1,2,1,0.56,0.58
291450,109012,0.60,-59.1,-60.5,-0.92,4,7,2.11,0,0,0,0,0,-5,2,1035,1,1,38,38,0,0,0,4,1,2,1,0.56,0.58
291475,109013,0.64,-59.1,-59.7,-0.83,4,7,1.84,0,0,0,0,0,-5,3,1034,1,1,38,38,0,0,0,1,1,1,1,0.59,0.58
291511,109014,0.57,-62.1,-62.8,-1.18,4,7,1.75,0,0,0,0,0,-5,3,1034,1,1,38,38,0,0,0,7,-3,0,1,0.57,0.58
291517,109015,0.56,-58.1,-59.3,-1.10,4,7,1.92,0,0,0,0,0,-6,2,1034,1,1,38,38,0,0,0,3,3,3,1,0.57,0.58
291523,109016,0.57,-58.1,-59.4,-1.10,4,7,1.78,0,0,0,0,0,-6,2,1034,1,1,38,38,0,0,0,3,3,3,1,0.57,0.58
291528,109017,0.53,-58.1,-59.6,-1.13,4,7,2.00,0,0,0,0,0,-6,2,1034,1,1,38,38,0,0,0,3,3,3,1,0.57,0.58
291559,109018,0.59,-58.1,-59.8,-0.91,4,7,2.28,0,0,0,0,0,-5,2,1034,1,1,38,38,0,0,0,4,-1,0,1,0.57,0.58
291574,109019,0.58,-63.3,-63.7,-0.97,4,7,1.80,0,0,0,0,0,-5,3,1034,1,1,38,38,0,0,0,4,0,4,1,0.57,0.58
291580,109020,0.62,-60.3,-60.3,-0.98,4,7,1.67,0,0,0,0,0,-5,3,1033,1,1,38,38,0,0,0,1,0,3,1,0.58,0.58
291586,109021,0.56,-60.3,-60.5,-1.48,4,7,1.61,0,0,0,0,0,-5,3,1033,1,1,38,38,0,0,0,1,0,3,1,0.58,0.58
291592,109022,0.55,-62.1,-63.2,-0.98,4,7,0.88,0,0,0,0,0,-5,2,1034,1,1,38,38,0,0,0,3,1,0,1,0.58,0.58
291598,109023,0.55,-61.6,-62.7,-1.28,4,7,1.88,0,0,0,0,0,-5,2,1034,1,1,38,38,0,0,0,3,1,0,1,0.56,0.58
291604,109024,0.55,-59.1,-59.4,-1.16,4,7,1.72,0,0,0,0,0,-5,2,1034,1,1,38,38,0,0,0,3,1,0,1,0.55,0.58
291610,109025,0.60,-59.1,-59.9,-1.09,4,7,1.78,0,0,0,0,0,-5,2,1034,1,1,38,38,0,0,0,3,1,0,1,0.55,0.58
291616,109026,0.61,-63.3,-63.5,-1.01,4,7,1.70,0,0,0,0,0,-5,2,1035,1,1,38,38,0,0,0,4,1,0,1,0.55,0.57
291646,109027,0.51,-59.1,-60.1,-1.52,4,7,2.28,0,0,0,0,0,-5,2,1035,1,1,38,38,0,0,0,4,1,0,1,0.55,0.57
291652,109028,0.52,-59.1,-60.1,-1.24,4,7,2.19,0,0,0,0,0,-6,2,1034,1,1,38,38,0,0,0,5,-1,0,1,0.55,0.57
291658,109029,0.57,-62.7,-63.7,-1.04,4,7,1.94,0,0,0,0,0,-6,2,1034,1,1,38,38,0,0,0,5,-1,0,1,0.57,0.57
291664,109030,0.55,-58.1,-60.1,-0.83,4,7,2.27,0,0,0,0,0,-6,2,1034,1,1,38,38,0,0,0,5,-1,0,1,0.55,0.57
291670,109031,0.58,-58.1,-59.6,-0.92,4,7,2.22,0,0,0,0,0,-6,2,1034,1,1,38,38,0,0,0,5,-1,0,1,0.55,0.57
291676,109032,0.57,-58.1,-59.8,-1.03,4,7,2.17,0,0,0,0,0,-7,2,1034,1,1,38,38,0,0,0,3,3,3,1,0.57,0.57
291682,109033,0.62,-54.3,-56.0,-0.75,4,6,2.38,0,0,0,0,0,-7,2,1034,1,1,38,38,0,0,0,3,3,3,1,0.57,0.57
291688,109034,0.54,-59.1,-60.3,-1.15,4,7,2.30,0,0,0,0,0,-7,2,1034,1,1,38,38,0,0,0,3,3,3,1,0.57,0.57
291694,109035,0.54,-59.1,-60.2,-0.89,4,7,2.25,0,0,0,0,0,-5,3,1033,1,1,38,38,0,0,0,5,3,-3,1,0.57,0.57
291715,109036,0.58,-58.1,-59.6,-1.10,4,7,2.27,0,0,0,0,0,-5,3,1033,1,1,38,38,0,0,0,5,3,-3,1,0.57,0.57
291721,109037,0.52,-54.3,-55.6,-1.45,4,6,2.42,0,0,0,0,0,-5,2,1033,1,1,38,38,0,0,0,3,3,0,1,0.54,0.57
291727,109038,0.57,-58.1,-59.8,-0.67,4,7,2.34,0,0,0,0,0,-5,2,1033,1,1,38,38,0,0,0,3,3,0,1,0.54,0.57
291733,109039,0.58,-58.1,-59.8,-0.91,4,7,2.33,0,0,0,0,0,-4,2,1036,1,1,38,38,0,0,0,2,1,4,1,0.57,0.57
291738,109040,0.60,-59.1,-60.1,-1.12,4,7,2.16,0,0,0,0,0,-4,2,1036,1,1,38,38,0,0,0,2,1,4,1,0.58,0.57
291744,109041,0.56,-59.1,-60.1,-1.15,4,7,2.30,0,0,0,0,0,-4,2,1036,1,1,38,38,0,0,0,2,1,4,1,0.57,0.57
291750,109042,0.53,-59.1,-60.5,-1.13,4,7,2.25,0,0,0,0,0,-4,2,1036,1,1,38,38,0,0,0,2,1,4,1,0.57,0.57
291756,109043,0.59,-58.1,-59.9,-1.06,4,7,2.22,0,0,0,0,0,-4,3,1034,1,1,38,38,0,0,0,4,-1,4,1,0.58,0.57
291762,109044,0.52,-59.1,-60.0,-1.30,4,7,2.25,0,0,0,0,0,-4,3,1034,1,1,38,38,0,0,0,4,-1,4,1,0.56,0.57
291768,109045,0.62,-59.1,-60.2,-1.04,4,7,2.02,0,0,0,0,0,-4,3,1034,1,1,38,38,0,0,0,4,-1,4,1,0.56,0.57
291774,109046,0.61,-58.1,-60.0,-0.85,4,7,2.22,0,0,0,0,0,-5,3,1033,1,1,38,38,0,0,0,3,0,0,1,0.59,0.57
291780,109047,0.58,-59.1,-60.3,-0.79,4,7,2.31,0,0,0,0,0,-5,3,1033,1,1,38,38,0,0,0,3,0,0,1,0.59,0.57
291822,109048,0.60,-59.1,-60.0,-0.92,4,6,2.39,0,0,0,0,0,-5,3,1033,1,1,38,38,0,0,0,3,0,0,1,0.60,0.57
291828,109049,0.57,-59.1,-60.0,-0.88,4,6,2.38,0,0,0,0,0,-7,3,1035,1,1,38,38,0,0,0,1,-1,2,1,0.60,0.57
291834,109050,0.59,-58.1,-59.6,-1.01,4,6,2.41,0,0,0,0,0,-5,3,1033,1,1,38,38,0,0,0,2,0,2,1,0.59,0.58
291855,109051,0.58,-62.7,-63.5,-1.31,4,7,1.19,0,0,0,0,0,-5,3,1033,1,1,38,38,0,0,0,2,0,2,1,0.58,0.58
291862,109052,0.54,-62.1,-63.3,-1.52,4,7,2.09,0,0,0,0,0,-5,3,1035,1,1,38,38,0,0,0,2,3,4,1,0.58,0.58
291868,109053,0.59,-62.7,-63.8,-0.98,4,7,1.97,0,0,0,0,0,-5,3,1035,1,1,38,38,0,0,0,2,3,4,1,0.58,0.58
291874,109054,0.56,-58.1,-59.8,-1.10,4,7,2.27,0,0,0,0,0,-4,2,1035,1,1,38,38,0,0,0,3,1,0,1,0.58,0.58
291880,109055,0.57,-58.1,-60.1,-1.01,4,7,2.28,0,0,0,0,0,-4,2,1035,1,1,38,38,0,0,0,3,1,0,1,0.57,0.58
291911,109056,0.51,-58.1,-59.5,-1.19,4,7,2.00,0,0,0,0,0,-4,2,1035,1,1,38,38,0,0,0,3,1,0,1,0.56,0.58
291916,109057,0.53,-58.1,-59.6,-1.03,4,7,1.95,0,0,0,0,0,-5,3,1033,1,1,38,38,0,0,0,2,0,1,1,0.56,0.57
291922,109058,0.47,-58.1,-59.3,-1.18,4,7,1.84,0,0,0,0,0,-5,3,1033,1,1,38,38,0,0,0,2,0,1,1,0.53,0.57
291928,109059,0.56,-59.1,-59.4,-1.10,4,7,1.39,0,0,0,0,0,-5,3,1033,1,1,38,38,0,0,0,2,0,1,1,0.53,0.57
291934,109060,0.48,-58.1,-59.4,-1.43,4,7,1.88,0,0,0,0,0,-6,3,1033,1,1,38,38,0,0,0,2,1,3,1,0.51,0.57
291940,109061,0.50,-62.1,-62.9,-1.42,4,7,1.56,0,0,0,0,0,-6,3,1033,1,1,38,38,0,0,0,2,1,3,1,0.50,0.56
291946,109062,0.50,-62.1,-62.8,-1.42,4,7,1.44,0,0,0,0,0,-6,3,1033,1,1,38,38,0,0,0,2,1,3,1,0.50,0.56
291952,109063,0.46,-58.1,-59.4,-1.18,4,7,1.98,0,0,0,0,0,-6,1,1034,1,1,38,38,0,0,0,3,0,0,1,0.50,0.56
291958,109064,0.51,-58.1,-59.5,-1.28,4,7,1.91,0,0,0,0,0,-6,1,1034,1,1,38,38,0,0,0,3,0,0,1,0.50,0.55
291964,109065,0.52,-59.1,-59.5,-1.31,4,7,1.39,0,0,0,0,0,-6,1,1034,1,1,38,38,0,0,0,3,0,0,1,0.50,0.55
291970,109066,0.51,-63.3,-64.0,-1.52,4,7,1.36,0,0,0,0,0,-5,2,1034,1,1,38,38,0,0,0,3,3,2,1,0.51,0.55
291991,109067,0.53,-62.7,-63.2,-1.10,4,6,2.69,0,0,0,0,0,-5,2,1034,1,1,38,38,0,0,0,3,3,2,1,0.51,0.55
291997,109068,0.64,-59.1,-59.7,-0.89,4,7,1.34,0,0,0,0,0,-4,3,1034,1,1,38,38,0,0,0,6,2,3,1,0.52,0.55
292003,109069,0.50,-58.1,-61.2,-0.88,4,7,2.05,0,0,0,0,0,-4,3,1034,1,1,38,38,0,0,0,6,2,3,1,0.52,0.54
292028,109070,0.52,-58.1,-61.7,-0.94,4,6,3.08,0,0,0,0,0,-4,3,1034,1,1,38,38,0,0,0,6,2,3,1,0.52,0.54
292047,109071,0.53,-59.1,-60.3,-1.34,4,7,2.06,0,0,0,0,0,-5,3,1034,1,1,38,38,0,0,0,3,-2,2,1,0.53,0.54
292066,109072,0.59,-63.3,-63.6,-0.89,4,7,1.42,0,0,0,0,0,-6,2,1033,1,1,38,38,0,0,0,2,-2,0,1,0.53,0.54
292085,109073,0.56,-59.1,-60.1,-0.79,4,7,2.27,0,0,0,0,0,-6,2,1038,1,1,38,38,0,0,0,4,1,2,1,0.53,0.54
292104,109074,0.56,-62.1,-62.9,-0.95,4,7,1.73,0,0,0,0,0,-4,3,1031,1,1,38,38,0,0,0,-3,0,1,1,0.56,0.54
292110,109075,0.60,-62.1,-62.9,-1.00,4,7,1.73,0,0,0,0,0,-7,2,1035,1,1,38,38,0,0,0,6,1,-1,1,0.56,0.54
292125,109076,0.57,-59.1,-60.0,-1.12,4,7,1.55,0,0,0,0,0,-7,2,1035,1,1,38,38,0,0,0,6,1,-1,1,0.57,0.55
292155,109077,0.55,-58.1,-59.3,-0.80,4,7,1.94,0,0,0,0,0,-3,2,1035,1,1,38,38,0,0,0,-1,-1,2,1,0.56,0.55
292161,109078,0.62,-59.1,-59.7,-0.75,4,7,1.89,0,0,0,0,0,-6,2,1035,1,1,38,38,0,0,0,3,0,2,1,0.57,0.55
292167,109079,0.54,-59.1,-60.8,-0.97,4,7,2.03,0,0,0,0,0,-6,2,1035,1,1,38,38,0,0,0,3,0,2,1,0.57,0.55
292173,109080,0.59,-62.1,-63.0,-1.12,4,7,1.72,0,0,0,0,0,-5,4,1033,1,1,38,38,0,0,0,3,0,1,1,0.57,0.55
292179,109081,0.53,-63.3,-63.8,-1.27,4,7,1.66,0,0,0,0,0,-5,4,1033,1,1,38,38,0,0,0,3,0,1,1,0.55,0.55
292185,109082,0.56,-59.1,-59.6,-0.89,4,7,1.70,0,0,0,0,0,-5,4,1033,1,1,38,38,0,0,0,3,0,1,1,0.56,0.55
292221,109083,0.59,-59.1,-59.6,-1.24,4,7,1.41,0,0,0,0,0,-6,3,1036,1,1,38,38,0,0,0,4,0,2,1,0.56,0.55
292229,109084,0.60,-59.1,-60.1,-0.97,4,7,2.30,0,0,0,0,0,-5,2,1033,1,1,38,38,0,0,0,0,0,2,1,0.59,0.55
292269,109085,0.53,-58.1,-59.8,-0.98,4,6,2.88,0,0,0,0,0,-5,3,1034,1,1,38,38,0,0,0,1,-3,2,1,0.56,0.55
292275,109086,0.56,-59.1,-59.9,-0.88,4,6,2.56,0,0,0,0,0,-5,4,1034,1,1,38,38,0,0,0,2,0,-2,1,0.56,0.55
292281,109087,0.57,-58.1,-59.6,-1.07,4,7,1.42,0,0,0,0,0,-5,4,1034,1,1,38,38,0,0,0,2,0,-2,1,0.57,0.56
292286,109088,0.60,-58.1,-59.6,-0.98,4,7,2.34,0,0,0,0,0,-5,4,1034,1,1,38,38,0,0,0,2,0,-2,1,0.57,0.56
292292,109089,0.61,-59.1,-59.9,-1.00,4,7,2.27,0,0,0,0,0,-5,3,1033,1,1,38,38,0,0,0,1,3,-3,1,0.57,0.56
292298,109090,0.63,-59.1,-60.3,-0.70,4,7,2.14,0,0,0,0,0,-5,3,1033,1,1,38,38,0,0,0,1,3,-3,1,0.60,0.56
292312,109091,0.52,-58.1,-60.8,-1.07,4,7,2.11,0,0,0,0,0,-5,3,1033,1,1,38,38,0,0,0,1,3,-3,1,0.60,0.56
292318,109092,0.57,-59.1,-59.4,-1.27,4,7,1.47,0,0,0,0,0,-6,1,1034,1,1,38,38,0,0,0,5,-1,4,1,0.60,0.56
292376,109093,0.63,-60.3,-60.3,-0.75,4,7,1.69,0,0,0,0,0,-6,1,1034,1,1,38,38,0,0,0,5,-1,4,1,0.61,0.57
292427,109094,0.57,-58.1,-59.3,-0.92,4,7,1.89,0,0,0,0,0,-5,4,1035,1,1,38,38,0,0,0,3,-3,2,1,0.57,0.57
292433,109095,0.53,-58.1,-60.3,-1.12,4,7,2.09,0,0,0,0,0,-6,3,1034,1,1,38,38,0,0,0,2,2,4,1,0.57,0.57
292439,109096,0.61,-60.3,-60.4,-0.92,4,7,1.34,0,0,0,0,0,-6,3,1034,1,1,38,38,0,0,0,2,2,4,1,0.57,0.57
292475,109097,0.56,-63.3,-64.0,-1.04,4,7,1.28,0,0,0,0,0,-6,3,1034,1,1,38,38,0,0,0,2,2,4,1,0.57,0.57
292488,109098,0.53,-58.1,-61.2,-0.91,4,7,2.13,0,0,0,0,0,-6,2,1035,1,1,38,38,0,0,0,3,0,-1,1,0.56,0.57
292494,109099,0.61,-54.3,-55.7,-0.51,4,6,2.58,0,0,0,0,0,-6,3,1033,1,1,38,38,0,0,0,0,-2,0,1,0.56,0.57
292500,109100,0.61,-60.3,-60.2,-0.91,4,7,1.25,0,0,0,0,0,-6,3,1033,1,1,38,38,0,0,0,0,-2,0,1,0.61,0.57
292506,109101,0.64,-62.1,-62.9,-0.75,4,7,1.53,0,0,0,0,0,-6,3,1033,1,1,38,38,0,0,0,0,-1,3,1,0.61,0.57
292512,109102,0.59,-62.7,-63.3,-0.98,4,6,2.55,0,0,0,0,0,-6,2,1034,1,1,38,38,0,0,0,4,-1,3,1,0.61,0.57
292563,109103,0.53,-58.1,-59.6,-1.01,4,6,2.39,0,0,0,0,0,-6,2,1034,1,1,38,38,0,0,0,4,-1,3,1,0.61,0.57
292569,109104,0.54,-58.1,-59.6,-1.01,4,7,2.34,0,0,0,0,0,-6,3,1034,1,1,38,38,0,0,0,2,2,0,1,0.59,0.58
292575,109105,0.58,-58.1,-59.9,-1.03,4,7,2.30,0,0,0,0,0,-6,3,1034,1,1,38,38,0,0,0,2,2,0,1,0.58,0.58
292581,109106,0.61,-59.1,-60.1,-0.98,4,7,2.20,0,0,0,0,0,-6,3,1034,1,1,38,38,0,0,0,2,2,0,1,0.58,0.58
292587,109107,0.58,-59.1,-60.2,-1.10,4,7,2.23,0,0,0,0,0,-6,2,1036,1,1,38,38,0,0,0,1,0,-2,1,0.58,0.58
292651,109108,0.52,-62.7,-63.3,-1.51,4,7,1.78,0,0,0,0,0,-6,2,1036,1,1,38,38,0,0,0,1,0,-2,1,0.58,0.58
292696,109109,0.59,-58.1,-59.7,-0.94,4,7,2.31,0,0,0,0,0,-5,4,1034,1,1,38,38,0,0,0,3,1,2,1,0.58,0.58
292727,109110,0.53,-58.1,-59.6,-1.06,4,7,2.00,0,0,0,0,0,-6,3,1034,1,1,38,38,0,0,0,3,-3,2,1,0.58,0.58
292733,109111,0.42,-58.1,-60.9,-1.33,4,7,2.09,0,0,0,0,0,-6,3,1033,1,1,38,38,0,0,0,-1,2,6,1,0.53,0.57
292738,109112,0.42,-58.1,-60.9,-1.37,4,7,2.06,0,0,0,0,0,-6,3,1033,1,1,38,38,0,0,0,-1,2,6,1,0.52,0.57
292769,109113,0.53,-61.6,-63.6,-1.18,4,7,2.06,0,0,0,0,0,-6,3,1033,1,1,38,38,0,0,0,-1,2,6,1,0.53,0.57
292820,109114,0.55,-62.1,-63.2,-1.00,4,7,1.78,0,0,0,0,0,-6,3,1036,1,1,38,38,0,0,0,4,-3,2,1,0.53,0.57
292856,109115,0.55,-58.1,-59.5,-0.92,4,7,1.47,0,0,0,0,0,-4,4,1033,1,1,38,38,0,0,0,4,-1,-1,1,0.53,0.57
292862,109116,0.55,-58.1,-59.3,-0.79,4,7,1.67,0,0,0,0,0,-4,2,1034,1,1,38,38,0,0,0,0,-2,2,1,0.55,0.57
292897,109117,0.59,-59.1,-60.1,-0.94,4,7,2.19,0,0,0,0,0,-5,2,1033,1,1,38,38,0,0,0,3,-3,-1,1,0.55,0.57
292982,109118,0.60,-59.1,-60.0,-1.01,4,7,2.28,0,0,0,0,0,-4,2,1034,1,1,38,38,0,0,0,2,3,3,1,0.55,0.56
292988,109119,0.61,-59.1,-60.1,-0.92,4,7,2.30,0,0,0,0,0,-5,4,1034,1,1,38,38,0,0,0,2,-3,3,1,0.59,0.57
293013,109120,0.55,-59.1,-60.1,-1.01,4,7,2.31,0,0,0,0,0,-5,4,1034,1,1,38,38,0,0,0,2,-3,3,1,0.59,0.57
293032,109121,0.55,-59.1,-59.5,-1.04,4,7,1.73,0,0,0,0,0,-4,2,1034,1,1,38,38,0,0,0,0,1,1,1,0.59,0.57
293038,109122,0.55,-58.1,-59.4,-1.34,4,7,1.69,0,0,0,0,0,-4,4,1034,1,1,38,38,0,0,0,4,-1,3,1,0.55,0.57
293044,109123,0.52,-62.1,-62.8,-1.33,4,7,1.70,0,0,0,0,0,-6,3,1033,1,1,38,38,0,0,0,2,-2,4,1,0.55,0.57
293050,109124,0.47,-62.1,-62.7,-1.68,4,7,1.75,0,0,0,0,0,-6,3,1033,1,1,38,38,0,0,0,2,-2,4,1,0.55,0.57
293056,109125,0.53,-59.1,-59.4,-1.16,4,7,1.73,0,0,0,0,0,-6,3,1033,1,1,38,38,0,0,0,2,-2,4,1,0.53,0.56
293077,109126,0.51,-58.1,-60.7,-1.19,4,7,2.05,0,0,0,0,0,-6,3,1033,1,1,38,38,0,0,0,2,-2,4,1,0.52,0.56
293083,109127,0.54,-58.1,-60.6,-0.80,4,7,2.06,0,0,0,0,0,-5,3,1039,1,1,38,38,0,0,0,3,2,2,1,0.52,0.56
293088,109128,0.56,-62.1,-64.1,-0.91,4,7,2.03,0,0,0,0,0,-5,3,1032,1,1,38,38,0,0,0,-1,1,1,1,0.53,0.56
293136,109129,0.55,-60.3,-60.4,-1.22,4,7,1.31,0,0,0,0,0,-5,3,1032,1,1,38,38,0,0,0,-1,1,1,1,0.54,0.56
293142,109130,0.60,-54.3,-55.4,-0.92,4,6,2.48,0,0,0,0,0,-5,2,1036,1,1,38,38,0,0,0,5,-1,0,1,0.55,0.56
293147,109131,0.49,-58.1,-59.3,-1.27,4,7,1.86,0,0,0,0,0,-7,4,1034,1,1,38,38,0,0,0,3,-1,1,1,0.55,0.56
293153,109132,0.59,-62.1,-63.0,-0.80,4,6,2.53,0,0,0,0,0,-7,4,1034,1,1,38,38,0,0,0,3,-1,1,1,0.56,0.56
293159,109133,0.60,-59.1,-60.0,-1.04,4,7,1.45,0,0,0,0,0,-7,4,1034,1,1,38,38,0,0,0,3,-1,1,1,0.59,0.56
293165,109134,0.65,-60.3,-60.4,-0.91,4,7,1.20,0,0,0,0,0,-6,3,1034,1,1,38,38,0,0,0,4,1,0,1,0.60,0.56
293190,109135,0.54,-63.3,-63.7,-1.56,4,6,2.44,0,0,0,0,0,-6,3,1034,1,1,38,38,0,0,0,4,1,0,1,0.59,0.56
293213,109136,0.56,-63.3,-64.0,-1.39,4,6,2.36,0,0,0,0,0,-4,2,1035,1,1,38,38,0,0,0,2,0,-3,1,0.59,0.56
293221,109137,0.53,-54.3,-55.5,-0.97,4,6,2.42,0,0,0,0,0,-3,3,1036,1,1,38,38,0,0,0,3,1,3,1,0.56,0.56
293229,109138,0.53,-58.1,-60.1,-1.43,4,7,2.13,0,0,0,0,0,-5,4,1034,1,1,38,38,0,0,0,4,2,-2,1,0.54,0.56
293281,109139,0.58,-59.1,-59.9,-0.85,4,7,1.95,0,0,0,0,0,-5,4,1034,1,1,38,38,0,0,0,4,2,-2,1,0.54,0.56
293287,109140,0.58,-62.7,-63.6,-0.89,4,7,1.84,0,0,0,0,0,-5,2,1034,1,1,38,38,0,0,0,2,3,3,1,0.56,0.56
293293,109141,0.61,-59.1,-60.8,-0.72,4,7,2.08,0,0,0,0,0,-5,2,1034,1,1,38,38,0,0,0,2,3,3,1,0.58,0.56
293361,109142,0.51,-58.1,-60.0,-1.45,4,7,2.06,0,0,0,0,0,-5,2,1034,1,1,38,38,0,0,0,2,3,3,1,0.58,0.56
293367,109143,0.56,-59.1,-59.5,-1.36,4,7,2.00,0,0,0,0,0,-6,3,1035,1,1,38,38,0,0,0,4,1,2,1,0.58,0.57
293373,109144,0.52,-58.1,-60.0,-1.22,4,7,2.13,0,0,0,0,0,-6,3,1035,1,1,38,38,0,0,0,4,1,2,1,0.56,0.56
293379,109145,0.52,-58.1,-60.3,-1.25,4,7,2.13,0,0,0,0,0,-6,3,1035,1,1,38,38,0,0,0,4,1,2,1,0.52,0.56
293385,109146,0.48,-58.1,-60.1,-1.25,4,6,2.36,0,0,0,0,0,-6,4,1035,1,1,38,38,0,0,0,4,-2,1,1,0.52,0.56
293391,109147,0.59,-59.1,-60.6,-0.97,4,7,2.17,0,0,0,0,0,-6,4,1035,1,1,38,38,0,0,0,4,-2,1,1,0.52,0.56
293397,109148,0.59,-59.1,-60.6,-0.77,4,7,2.13,0,0,0,0,0,-6,4,1035,1,1,38,38,0,0,0,4,-2,1,1,0.52,0.56
293403,109149,0.61,-62.7,-63.8,-1.04,4,7,1.91,0,0,0,0,0,-5,4,1031,1,1,38,38,0,0,0,1,1,3,1,0.59,0.56
293409,109150,0.58,-59.1,-60.5,-1.10,4,7,2.08,0,0,0,0,0,-5,4,1031,1,1,38,38,0,0,0,1,1,3,1,0.59,0.56
293415,109151,0.55,-62.1,-63.9,-1.36,4,7,2.03,0,0,0,0,0,-5,4,1031,1,1,38,38,0,0,0,1,1,3,1,0.59,0.56
293420,109152,0.61,-63.3,-63.8,-1.12,4,7,1.91,0,0,0,0,0,-5,4,1031,1,1,38,38,0,0,0,1,1,3,1,0.59,0.56
293426,109153,0.65,-62.7,-63.4,-0.69,4,7,1.89,0,0,0,0,0,-5,4,1037,1,1,38,38,0,0,0,4,4,3,1,0.61,0.56
293432,109154,0.62,-60.3,-60.4,-1.10,4,7,1.80,0,0,0,0,0,-5,4,1037,1,1,38,38,0,0,0,4,4,3,1,0.61,0.57
293438,109155,0.60,-63.3,-63.8,-1.10,4,7,1.89,0,0,0,0,0,-5,4,1037,1,1,38,38,0,0,0,4,4,3,1,0.61,0.57
293444,109156,0.52,-59.1,-60.2,-1.33,4,7,2.11,0,0,0,0,0,-4,2,1035,1,1,38,38,0,0,0,-2,3,1,1,0.61,0.57
293450,109157,0.57,-59.1,-59.5,-1.24,4,7,2.00,0,0,0,0,0,-4,2,1035,1,1,38,38,0,0,0,-2,3,1,1,0.60,0.57
293456,109158,0.54,-58.1,-60.1,-1.06,4,7,2.03,0,0,0,0,0,-4,2,1035,1,1,38,38,0,0,0,-2,3,1,1,0.57,0.57
293462,109159,0.58,-59.1,-59.6,-1.15,4,7,1.95,0,0,0,0,0,-6,3,1032,1,1,38,38,0,0,0,0,-1,0,1,0.57,0.57
293468,109160,0.59,-58.1,-59.5,-1.10,4,7,2.00,0,0,0,0,0,-6,3,1032,1,1,38,38,0,0,0,0,-1,0,1,0.57,0.57
293530,109161,0.60,-62.1,-62.9,-0.75,4,7,1.56,0,0,0,0,0,-6,3,1032,1,1,38,38,0,0,0,0,-1,0,1,0.58,0.57
293555,109162,0.51,-58.1,-59.9,-0.82,4,7,1.97,0,0,0,0,0,-5,2,1034,1,1,38,38,0,0,0,6,-2,2,1,0.58,0.57
293585,109163,0.62,-62.7,-63.5,-0.70,4,7,1.75,0,0,0,0,0,-4,4,1036,1,1,38,38,0,0,0,2,0,1,1,0.59,0.57
293591,109164,0.58,-62.7,-63.6,-1.00,4,7,1.80,0,0,0,0,0,-6,3,1034,1,1,38,38,0,0,0,6,3,1,1,0.59,0.58
293597,109165,0.61,-59.1,-59.6,-0.79,4,7,1.89,0,0,0,0,0,-6,3,1034,1,1,38,38,0,0,0,6,3,1,1,0.60,0.58
293603,109166,0.53,-62.7,-63.3,-1.49,4,7,1.83,0,0,0,0,0,-6,2,1032,1,1,38,38,0,0,0,2,2,3,1,0.58,0.58
293618,109167,0.62,-59.1,-59.7,-1.01,4,7,1.45,0,0,0,0,0,-6,2,1032,1,1,38,38,0,0,0,2,2,3,1,0.61,0.58
293643,109168,0.53,-59.1,-59.9,-1.39,4,7,1.34,0,0,0,0,0,-5,2,1034,1,1,38,38,0,0,0,3,-3,0,1,0.58,0.58
293649,109169,0.61,-58.1,-59.3,-0.89,4,7,1.48,0,0,0,0,0,-5,3,1035,1,1,38,38,0,0,0,0,-2,-3,1,0.61,0.58
293655,109170,0.56,-59.1,-59.5,-0.92,4,7,1.55,0,0,0,0,0,-5,3,1035,1,1,38,38,0,0,0,0,-2,-3,1,0.56,0.58
293661,109171,0.64,-60.3,-60.6,-0.98,4,7,1.19,0,0,0,0,0,-4,3,1032,1,1,38,38,0,0,0,3,1,1,1,0.61,0.58
293669,109172,0.66,-59.1,-59.8,-0.77,4,7,2.20,0,0,0,0,0,-4,3,1032,1,1,38,38,0,0,0,3,1,1,1,0.61,0.58
293693,109173,0.59,-59.1,-60.2,-1.04,4,7,2.23,0,0,0,0,0,-4,3,1032,1,1,38,38,0,0,0,3,1,1,1,0.61,0.58
293699,109174,0.57,-59.1,-60.1,-1.09,4,7,2.22,0,0,0,0,0,-5,4,1034,1,1,38,38,0,0,0,2,1,3,1,0.59,0.58
293705,109175,0.53,-59.1,-60.0,-1.15,4,7,2.22,0,0,0,0,0,-5,4,1034,1,1,38,38,0,0,0,2,1,3,1,0.59,0.58
293773,109176,0.58,-58.1,-60.2,-1.03,4,7,2.17,0,0,0,0,0,-5,4,1034,1,1,38,38,0,0,0,2,1,3,1,0.58,0.58
293781,109177,0.57,-59.1,-59.8,-0.92,4,7,1.80,0,0,0,0,0,-4,4,1036,1,1,38,38,0,0,0,0,2,3,1,0.57,0.58
293789,109178,0.45,-58.1,-60.7,-1.33,4,7,2.09,0,0,0,0,0,-4,4,1036,1,1,38,38,0,0,0,0,2,3,1,0.57,0.58
293813,109179,0.57,-63.3,-63.8,-1.40,4,7,1.33,0,0,0,0,0,-4,4,1036,1,1,38,38,0,0,0,0,2,3,1,0.57,0.58
293819,109180,0.60,-59.1,-59.9,-0.92,4,7,1.34,0,0,0,0,0,-5,4,1034,1,1,38,38,0,0,0,3,-1,0,1,0.57,0.58
293825,109181,0.59,-59.1,-59.8,-0.89,4,7,1.64,0,0,0,0,0,-5,4,1034,1,1,38,38,0,0,0,3,-1,0,1,0.57,0.58
293831,109182,0.49,-58.1,-61.2,-1.22,4,7,2.06,0,0,0,0,0,-5,4,1034,1,1,38,38,0,0,0,3,-1,0,1,0.57,0.58
293837,109183,0.53,-58.1,-59.2,-1.01,4,7,1.77,0,0,0,0,0,-5,4,1034,1,1,38,38,0,0,0,3,-1,0,1,0.57,0.58
293843,109184,0.65,-60.3,-60.5,-1.04,4,7,1.25,0,0,0,0,0,-6,2,1032,1,1,38,38,0,0,0,2,1,0,1,0.59,0.58
293862,109185,0.52,-58.1,-59.7,-1.07,4,6,2.44,0,0,0,0,0,-6,2,1032,1,1,38,38,0,0,0,2,1,0,1,0.53,0.58
293868,109186,0.67,-59.1,-59.6,-0.63,4,7,1.98,0,0,0,0,0,-6,3,1033,1,1,38,38,0,0,0,3,1,0,1,0.53,0.58
293874,109187,0.53,-63.3,-63.9,-1.31,4,7,1.95,0,0,0,0,0,-6,3,1033,1,1,38,38,0,0,0,3,1,0,1,0.53,0.57
293895,109188,0.67,-62.7,-63.6,-0.72,4,7,1.91,0,0,0,0,0,-4,4,1033,1,1,38,38,0,0,0,2,-1,0,1,0.65,0.58
293901,109189,0.57,-58.1,-59.8,-1.10,4,7,2.14,0,0,0,0,0,-5,3,1033,1,1,38,38,0,0,0,2,-1,4,1,0.57,0.58
293907,109190,0.63,-59.1,-60.3,-0.82,4,7,1.97,0,0,0,0,0,-5,3,1033,1,1,38,38,0,0,0,2,-1,4,1,0.63,0.58
293913,109191,0.53,-62.1,-63.8,-1.27,4,7,2.06,0,0,0,0,0,-5,3,1033,1,1,38,38,0,0,0,2,-1,4,1,0.57,0.58
293919,109192,0.66,-62.7,-63.6,-0.72,4,7,1.83,0,0,0,0,0,-5,1,1034,1,1,38,38,0,0,0,2,-3,2,1,0.63,0.58
293927,109193,0.57,-62.7,-63.5,-1.10,4,7,1.70,0,0,0,0,0,-5,1,1034,1,1,38,38,0,0,0,2,-3,2,1,0.57,0.58
293991,109194,0.54,-58.1,-59.8,-1.12,4,7,1.78,0,0,0,0,0,-5,1,1034,1,1,38,38,0,0,0,2,-3,2,1,0.57,0.58
294042,109195,0.53,-59.1,-60.4,-1.18,4,7,2.22,0,0,0,0,0,-5,2,1035,1,1,38,38,0,0,0,2,-2,0,1,0.54,0.58
294145,109196,0.59,-62.1,-63.1,-0.75,4,6,2.61,0,0,0,0,0,-4,2,1034,1,1,38,38,0,0,0,1,3,1,1,0.57,0.58
294160,109197,0.56,-58.1,-59.5,-0.80,4,7,2.31,0,0,0,0,0,-6,3,1034,1,1,38,38,0,0,0,3,3,0,1,0.56,0.58
294166,109198,0.58,-59.1,-60.1,-1.19,4,7,2.30,0,0,0,0,0,-5,3,1034,1,1,38,38,0,0,0,3,1,-3,1,0.56,0.58
294172,109199,0.60,-59.1,-60.0,-0.95,4,7,2.25,0,0,0,0,0,-5,3,1034,1,1,38,38,0,0,0,3,1,-3,1,0.58,0.58
294178,109200,0.51,-58.1,-59.8,-1.52,4,7,2.33,0,0,0,0,0,-4,3,1033,1,1,38,38,0,0,0,2,-1,1,1,0.58,0.58
294184,109201,0.58,-59.1,-60.4,-1.31,4,7,2.14,0,0,0,0,0,-4,3,1033,1,1,38,38,0,0,0,2,-1,1,1,0.58,0.58
294190,109202,0.64,-58.1,-59.8,-0.77,4,7,2.27,0,0,0,0,0,-4,3,1033,1,1,38,38,0,0,0,2,-1,1,1,0.58,0.58
294196,109203,0.50,-54.3,-56.1,-1.22,4,6,2.45,0,0,0,0,0,-4,3,1033,1,1,38,38,0,0,0,2,1,1,1,0.58,0.58
294202,109204,0.59,-59.1,-60.0,-1.03,4,7,2.14,0,0,0,0,0,-5,3,1036,1,1,38,38,0,0,0,2,1,1,1,0.58,0.58
294208,109205,0.61,-59.1,-60.2,-0.89,4,7,2.23,0,0,0,0,0,-5,3,1036,1,1,38,38,0,0,0,2,1,1,1,0.59,0.58
294227,109206,0.56,-62.1,-62.8,-1.13,4,7,1.80,0,0,0,0,0,-5,3,1036,1,1,38,38,0,0,0,2,1,1,1,0.59,0.58
294233,109207,0.58,-60.3,-60.5,-1.09,4,7,1.55,0,0,0,0,0,-5,4,1034,1,1,38,38,0,0,0,5,-1,0,1,0.58,0.58
294239,109208,0.60,-62.1,-62.9,-0.92,4,7,1.70,0,0,0,0,0,-5,2,1034,1,1,38,38,0,0,0,1,2,3,1,0.59,0.58
294245,109209,0.55,-62.1,-63.0,-0.97,4,7,1.77,0,0,0,0,0,-5,2,1034,1,1,38,38,0,0,0,1,2,3,1,0.58,0.58
294251,109210,0.38,-58.1,-60.5,-1.65,4,7,2.23,0,0,0,0,0,-5,2,1034,1,1,38,38,0,0,0,1,2,3,1,0.56,0.58
294257,109211,0.60,-59.1,-59.9,-1.21,4,7,1.45,0,0,0,0,0,-6,3,1035,1,1,38,38,0,0,0,2,0,6,1,0.58,0.58
294302,109212,0.56,-59.1,-60.3,-0.92,4,7,2.09,0,0,0,0,0,-6,3,1035,1,1,38,38,0,0,0,2,0,6,1,0.56,0.58
294310,109213,0.59,-58.1,-60.6,-0.85,4,7,2.09,0,0,0,0,0,-5,2,1034,1,1,38,38,0,0,0,1,-3,3,1,0.56,0.58
294316,109214,0.53,-61.6,-63.7,-1.12,4,7,2.13,0,0,0,0,0,-6,3,1035,1,1,38,38,0,0,0,4,-1,5,1,0.56,0.58
294324,109215,0.58,-59.1,-59.6,-0.91,4,7,1.81,0,0,0,0,0,-6,3,1035,1,1,38,38,0,0,0,4,-1,5,1,0.58,0.58
294331,109216,0.62,-59.1,-60.1,-1.13,4,7,1.25,0,0,0,0,0,-6,3,1035,1,1,38,38,0,0,0,4,-1,5,1,0.58,0.58
294337,109217,0.62,-59.1,-59.6,-0.91,4,7,1.34,0,0,0,0,0,-5,3,1034,1,1,38,38,0,0,0,-1,1,2,1,0.59,0.58
294345,109218,0.57,-59.1,-60.1,-1.19,4,7,2.25,0,0,0,0,0,-5,3,1034,1,1,38,38,0,0,0,-1,1,2,1,0.58,0.58
294351,109219,0.60,-58.1,-59.7,-0.97,4,7,2.30,0,0,0,0,0,-5,3,1034,1,1,38,38,0,0,0,-1,1,2,1,0.60,0.58
294365,109220,0.53,-63.3,-63.9,-1.30,4,7,1.19,0,0,0,0,0,-5,3,1035,1,1,38,38,0,0,0,4,1,3,1,0.60,0.58
294372,109221,0.53,-59.1,-60.3,-1.46,4,7,2.23,0,0,0,0,0,-5,3,1035,1,1,38,38,0,0,0,4,1,3,1,0.57,0.58
294378,109222,0.53,-63.3,-63.9,-1.52,4,7,1.86,0,0,0,0,0,-6,2,1035,1,1,38,38,0,0,0,2,-1,5,1,0.53,0.58
294384,109223,0.60,-62.7,-63.9,-1.19,4,7,1.97,0,0,0,0,0,-6,2,1035,1,1,38,38,0,0,0,2,-1,5,1,0.53,0.58
294409,109224,0.53,-63.3,-63.8,-1.28,4,7,1.91,0,0,0,0,0,-6,2,1035,1,1,38,38,0,0,0,2,-1,5,1,0.53,0.57
294415,109225,0.50,-54.3,-56.0,-1.33,4,7,2.34,0,0,0,0,0,-4,4,1035,1,1,38,38,0,0,0,2,1,3,1,0.53,0.57
294438,109226,0.46,-58.1,-59.9,-1.58,4,7,2.31,0,0,0,0,0,-5,4,1035,1,1,38,38,0,0,0,2,1,3,1,0.53,0.57
294444,109227,0.62,-59.1,-59.6,-0.79,4,7,1.84,0,0,0,0,0,-6,3,1035,1,1,38,38,0,0,0,2,-2,-1,1,0.53,0.57
294452,109228,0.62,-59.1,-59.6,-0.92,4,7,1.55,0,0,0,0,0,-6,3,1035,1,1,38,38,0,0,0,2,-2,-1,1,0.53,0.57
294459,109229,0.58,-59.1,-59.7,-0.97,4,7,1.31,0,0,0,0,0,-6,4,1034,1,1,38,38,0,0,0,3,1,1,1,0.58,0.57
294467,109230,0.56,-59.1,-60.0,-1.36,4,7,2.25,0,0,0,0,0,-6,4,1034,1,1,38,38,0,0,0,3,1,1,1,0.58,0.57
294475,109231,0.55,-58.1,-59.9,-1.16,4,7,2.13,0,0,0,0,0,-6,4,1034,1,1,38,38,0,0,0,3,1,1,1,0.58,0.57
294516,109232,0.52,-58.1,-60.0,-1.51,4,7,2.09,0,0,0,0,0,-5,3,1037,1,1,38,38,0,0,0,1,3,3,1,0.56,0.57
294522,109233,0.58,-59.1,-60.1,-1.10,4,7,1.89,0,0,0,0,0,-4,4,1033,1,1,38,38,0,0,0,2,0,-2,1,0.56,0.57
294528,109234,0.53,-54.3,-56.0,-1.21,4,7,2.27,0,0,0,0,0,-4,4,1033,1,1,38,38,0,0,0,2,0,-2,1,0.55,0.57
294574,109235,0.59,-62.7,-63.2,-1.06,4,7,1.59,0,0,0,0,0,-5,3,1034,1,1,38,38,0,0,0,4,-2,-1,1,0.55,0.57
294580,109236,0.60,-59.1,-60.1,-1.21,4,7,1.31,0,0,0,0,0,-4,2,1034,1,1,38,38,0,0,0,4,1,1,1,0.58,0.57
294586,109237,0.58,-59.1,-59.8,-0.89,4,6,2.58,0,0,0,0,0,-4,2,1034,1,1,38,38,0,0,0,4,1,1,1,0.58,0.57
294592,109238,0.58,-63.3,-63.8,-0.97,4,7,1.31,0,0,0,0,0,-4,2,1034,1,1,38,38,0,0,0,4,1,1,1,0.58,0.57
294598,109239,0.65,-63.3,-63.5,-0.85,4,7,1.30,0,0,0,0,0,-4,3,1034,1,1,38,38,0,0,0,6,2,2,1,0.59,0.57
294639,109240,0.59,-59.1,-60.2,-1.10,4,7,1.25,0,0,0,0,0,-4,3,1034,1,1,38,38,0,0,0,6,2,2,1,0.59,0.57
294645,109241,0.62,-59.1,-59.7,-0.80,4,7,1.19,0,0,0,0,0,-6,2,1034,1,1,38,38,0,0,0,-2,2,-2,1,0.59,0.57
294651,109242,0.60,-58.1,-59.4,-0.92,4,7,1.44,0,0,0,0,0,-6,2,1034,1,1,38,38,0,0,0,-2,2,-2,1,0.60,0.57
294692,109243,0.55,-63.3,-63.9,-1.51,4,7,1.39,0,0,0,0,0,-4,2,1033,1,1,38,38,0,0,0,2,2,4,1,0.60,0.57
294715,109244,0.58,-62.7,-63.6,-1.16,4,7,1.36,0,0,0,0,0,-5,5,1035,1,1,38,38,0,0,0,3,1,4,1,0.59,0.58
294757,109245,0.56,-63.3,-63.8,-1.49,4,7,1.34,0,0,0,0,0,-5,3,1034,1,1,38,38,0,0,0,3,-2,6,1,0.58,0.58
294763,109246,0.57,-58.1,-59.4,-1.15,4,7,1.48,0,0,0,0,0,-6,3,1035,1,1,38,38,0,0,0,3,-2,2,1,0.57,0.58
294769,109247,0.57,-58.1,-59.7,-1.10,4,7,1.53,0,0,0,0,0,-6,3,1035,1,1,38,38,0,0,0,3,-2,2,1,0.57,0.58
294821,109248,0.61,-62.7,-63.8,-1.10,4,7,1.16,0,0,0,0,0,-7,4,1034,1,1,38,38,0,0,0,3,0,1,1,0.57,0.58
294844,109249,0.54,-59.1,-60.0,-1.33,4,7,2.19,0,0,0,0,0,-4,2,1035,1,1,38,38,0,0,0,-1,4,4,1,0.57,0.57
294850,109250,0.58,-58.1,-60.0,-1.06,4,7,2.23,0,0,0,0,0,-4,2,1035,1,1,38,38,0,0,0,3,-2,0,1,0.57,0.57
294858,109251,0.60,-59.1,-59.6,-0.95,4,7,1.84,0,0,0,0,0,-5,3,1034,1,1,38,38,0,0,0,2,1,-1,1,0.58,0.58
294866,109252,0.62,-59.1,-59.9,-0.82,4,7,1.45,0,0,0,0,0,-5,3,1034,1,1,38,38,0,0,0,2,1,-1,1,0.60,0.58
294874,109253,0.56,-63.3,-63.9,-1.45,4,7,1.31,0,0,0,0,0,-5,3,1034,1,1,38,38,0,0,0,2,1,-1,1,0.58,0.58
294932,109254,0.59,-59.1,-59.6,-0.92,4,7,1.73,0,0,0,0,0,-6,3,1035,1,1,38,38,0,0,0,0,0,1,1,0.59,0.58
294951,109255,0.60,-58.1,-59.8,-0.98,4,7,2.34,0,0,0,0,0,-5,4,1033,1,1,38,38,0,0,0,0,-1,2,1,0.60,0.58
294980,109256,0.59,-62.7,-63.4,-1.10,4,6,2.59,0,0,0,0,0,-5,4,1035,1,1,38,38,0,0,0,2,1,2,1,0.59,0.58
294986,109257,0.64,-62.7,-63.4,-0.91,4,7,1.27,0,0,0,0,0,-6,2,1034,1,1,38,38,0,0,0,3,1,0,1,0.59,0.58
294992,109258,0.50,-63.3,-64.0,-1.39,4,6,2.48,0,0,0,0,0,-4,3,1034,1,1,38,38,0,0,0,1,1,3,1,0.59,0.58
295115,109259,0.51,-54.3,-55.7,-1.30,4,6,2.42,0,0,0,0,0,-4,3,1034,1,1,38,38,0,0,0,1,1,3,1,0.59,0.58
295146,109260,0.56,-58.1,-59.7,-1.01,4,7,1.53,0,0,0,0,0,-5,4,1032,1,1,38,38,0,0,0,3,-2,-1,1,0.56,0.58
295154,109261,0.58,-62.7,-63.8,-0.91,4,7,1.06,0,0,0,0,0,-5,1,1036,1,1,38,38,0,0,0,2,0,0,1,0.56,0.58
295212,109262,0.59,-63.3,-63.9,-1.24,4,7,1.36,0,0,0,0,0,-5,1,1036,1,1,38,38,0,0,0,2,0,0,1,0.56,0.58
295218,109263,0.65,-63.3,-63.6,-0.88,4,7,1.31,0,0,0,0,0,-4,3,1034,1,1,38,38,0,0,0,1,0,2,1,0.58,0.58
295224,109264,0.68,-62.7,-63.4,-0.77,4,7,1.25,0,0,0,0,0,-4,3,1034,1,1,38,38,0,0,0,1,0,2,1,0.59,0.58
295247,109265,0.63,-59.1,-60.1,-1.06,4,7,2.13,0,0,0,0,0,-4,3,1034,1,1,38,38,0,0,0,1,0,2,1,0.63,0.58
295350,109266,0.60,-59.1,-59.5,-0.94,4,7,1.56,0,0,0,0,0,-4,2,1034,1,1,38,38,0,0,0,1,-2,0,1,0.63,0.58
295358,109267,0.58,-63.3,-63.8,-1.00,4,7,1.20,0,0,0,0,0,-4,3,1034,1,1,38,38,0,0,0,2,-2,4,1,0.63,0.59
295381,109268,0.54,-63.3,-64.1,-1.65,4,7,2.02,0,0,0,0,0,-4,3,1034,1,1,38,38,0,0,0,2,-2,4,1,0.60,0.59
295387,109269,0.58,-58.1,-59.8,-1.06,4,7,2.31,0,0,0,0,0,-4,3,1035,1,1,38,38,0,0,0,5,1,5,1,0.58,0.59
295393,109270,0.60,-58.1,-59.9,-0.83,4,6,2.38,0,0,0,0,0,-4,3,1033,1,1,38,38,0,0,0,0,1,0,1,0.58,0.59
295398,109271,0.61,-59.1,-60.3,-0.82,4,7,2.25,0,0,0,0,0,-4,3,1033,1,1,38,38,0,0,0,0,1,0,1,0.58,0.59
295423,109272,0.62,-59.1,-60.3,-0.83,4,7,2.20,0,0,0,0,0,-4,3,1033,1,1,38,38,0,0,0,0,1,0,1,0.60,0.59
295465,109273,0.59,-59.1,-60.2,-1.04,4,7,2.22,0,0,0,0,0,-4,2,1035,1,1,38,38,0,0,0,0,1,1,1,0.60,0.59
295489,109274,0.58,-58.1,-59.8,-1.15,4,7,2.17,0,0,0,0,0,-5,4,1034,1,1,38,38,0,0,0,0,5,1,1,0.60,0.59
295518,109275,0.50,-58.1,-61.5,-0.83,4,7,2.02,0,0,0,0,0,-4,2,1034,1,1,38,38,0,0,0,3,-2,-3,1,0.59,0.59
295531,109276,0.63,-59.1,-59.7,-0.92,4,7,1.50,0,0,0,0,0,-4,3,1034,1,1,38,38,0,0,0,5,0,1,1,0.59,0.59
295573,109277,0.55,-58.1,-60.6,-0.86,4,7,2.13,0,0,0,0,0,-4,3,1035,1,1,38,38,0,0,0,1,0,3,1,0.58,0.59
295579,109278,0.57,-60.3,-60.2,-1.13,4,7,1.45,0,0,0,0,0,-6,3,1036,1,1,38,38,0,0,0,1,0,0,1,0.57,0.59
295585,109279,0.57,-59.1,-59.8,-1.04,4,7,1.70,0,0,0,0,0,-6,3,1036,1,1,38,38,0,0,0,1,0,0,1,0.57,0.59
295592,109280,0.55,-58.1,-59.5,-1.03,4,6,2.78,0,0,0,0,0,-6,2,1034,1,1,38,38,0,0,0,2,-1,1,1,0.57,0.59
295600,109281,0.56,-54.3,-56.1,-1.12,4,6,2.50,0,0,0,0,0,-6,2,1034,1,1,38,38,0,0,0,2,-1,1,1,0.56,0.58
295608,109282,0.56,-59.1,-60.4,-0.86,4,7,2.11,0,0,0,0,0,-6,2,1034,1,1,38,38,0,0,0,2,-1,1,1,0.56,0.58
295653,109283,0.58,-62.1,-63.4,-0.82,4,6,2.45,0,0,0,0,0,-5,3,1034,1,1,38,38,0,0,0,2,3,4,1,0.56,0.58
295659,109284,0.58,-59.1,-60.0,-1.16,4,7,1.17,0,0,0,0,0,-5,3,1035,1,1,38,38,0,0,0,4,1,3,1,0.56,0.58
295665,109285,0.55,-58.1,-59.6,-0.92,4,6,2.41,0,0,0,0,0,-5,3,1035,1,1,38,38,0,0,0,4,1,3,1,0.56,0.58
295671,109286,0.59,-54.3,-55.7,-0.85,4,7,1.28,0,0,0,0,0,-5,3,1034,1,1,38,38,0,0,0,4,0,1,1,0.58,0.58
295677,109287,0.63,-62.7,-63.5,-0.94,4,7,1.19,0,0,0,0,0,-5,3,1034,1,1,38,38,0,0,0,4,0,1,1,0.58,0.58
295683,109288,0.65,-63.3,-63.7,-0.79,4,7,2.16,0,0,0,0,0,-5,3,1034,1,1,38,38,0,0,0,4,0,1,1,0.59,0.58
295689,109289,0.54,-62.1,-63.1,-1.52,4,7,1.33,0,0,0,0,0,-6,3,1034,1,1,38,38,0,0,0,2,1,-2,1,0.59,0.58
295695,109290,0.48,-54.3,-55.5,-1.49,4,6,2.45,0,0,0,0,0,-6,3,1034,1,1,38,38,0,0,0,2,1,-2,1,0.59,0.58
295701,109291,0.60,-58.1,-59.7,-0.92,4,6,2.36,0,0,0,0,0,-6,3,1034,1,1,38,38,0,0,0,2,1,-2,1,0.60,0.58
295707,109292,0.59,-58.1,-59.9,-0.89,4,7,1.31,0,0,0,0,0,-6,3,1034,1,1,38,38,0,0,0,2,1,-2,1,0.59,0.58
295791,109293,0.56,-59.1,-59.9,-1.39,4,7,1.22,0,0,0,0,0,-6,2,1034,1,1,38,38,0,0,0,2,0,2,1,0.56,0.58
295797,109294,0.64,-59.1,-59.8,-1.01,4,7,1.17,0,0,0,0,0,-4,2,1034,1,1,38,38,0,0,0,1,0,3,1,0.59,0.58
295803,109295,0.55,-59.1,-59.9,-0.97,4,6,2.41,0,0,0,0,0,-4,2,1034,1,1,38,38,0,0,0,1,0,3,1,0.59,0.58
295809,109296,0.56,-54.3,-56.0,-0.91,4,7,1.34,0,0,0,0,0,-6,2,1035,1,1,38,38,0,0,0,1,-1,3,1,0.56,0.58
295815,109297,0.53,-59.1,-59.9,-1.09,4,7,2.33,0,0,0,0,0,-6,2,1035,1,1,38,38,0,0,0,1,-1,3,1,0.56,0.58
295821,109298,0.48,-62.1,-63.0,-1.67,4,7,2.30,0,0,0,0,0,-6,2,1035,1,1,38,38,0,0,0,1,-1,3,1,0.55,0.58
295827,109299,0.64,-59.1,-60.1,-1.07,4,7,1.13,0,0,0,0,0,-4,3,1035,1,1,38,38,0,0,0,2,2,-1,1,0.55,0.58
295833,109300,0.53,-54.3,-55.7,-1.37,4,6,2.41,0,0,0,0,0,-4,3,1035,1,1,38,38,0,0,0,2,2,-1,1,0.53,0.58
295891,109301,0.62,-59.1,-60.1,-1.09,4,7,1.36,0,0,0,0,0,-4,3,1035,1,1,38,38,0,0,0,2,2,-1,1,0.53,0.57
295897,109302,0.56,-59.1,-59.6,-1.21,4,7,1.38,0,0,0,0,0,-6,4,1032,1,1,38,38,0,0,0,3,1,0,1,0.56,0.57
295903,109303,0.53,-58.1,-61.2,-0.92,4,7,2.09,0,0,0,0,0,-6,4,1032,1,1,38,38,0,0,0,3,1,0,1,0.56,0.57
295909,109304,0.58,-59.1,-59.6,-1.10,4,7,1.41,0,0,0,0,0,-5,2,1035,1,1,38,38,0,0,0,2,1,4,1,0.56,0.57
295925,109305,0.56,-58.1,-59.8,-0.92,4,7,2.25,0,0,0,0,0,-5,2,1035,1,1,38,38,0,0,0,2,1,4,1,0.56,0.57
295931,109306,0.58,-59.1,-60.2,-1.03,4,7,2.28,0,0,0,0,0,-5,2,1033,1,1,38,38,0,0,0,3,2,5,1,0.56,0.57
295936,109307,0.57,-59.1,-60.1,-1.34,4,7,2.16,0,0,0,0,0,-5,2,1033,1,1,38,38,0,0,0,3,2,5,1,0.57,0.57
295942,109308,0.60,-54.3,-56.0,-0.83,4,7,2.34,0,0,0,0,0,-5,2,1033,1,1,38,38,0,0,0,3,2,5,1,0.58,0.57
295948,109309,0.59,-59.1,-60.6,-0.70,4,7,2.17,0,0,0,0,0,-5,3,1034,1,1,38,38,0,0,0,3,-2,2,1,0.58,0.57
295954,109310,0.54,-62.1,-63.8,-1.30,4,7,1.14,0,0,0,0,0,-5,3,1034,1,1,38,38,0,0,0,3,-2,2,1,0.58,0.57
295960,109311,0.63,-63.3,-63.8,-0.98,4,7,1.88,0,0,0,0,0,-5,3,1034,1,1,38,38,0,0,0,3,-2,2,1,0.59,0.57
295966,109312,0.53,-58.1,-59.8,-1.07,4,7,2.34,0,0,0,0,0,-4,4,1034,1,1,38,38,0,0,0,4,0,3,1,0.59,0.57
295996,109313,0.59,-62.7,-63.6,-1.03,4,6,2.44,0,0,0,0,0,-4,4,1034,1,1,38,38,0,0,0,4,0,3,1,0.59,0.58
296015,109314,0.56,-62.1,-62.8,-1.21,4,7,1.86,0,0,0,0,0,-6,2,1034,1,1,38,38,0,0,0,5,1,4,1,0.56,0.58
296021,109315,0.52,-59.1,-60.0,-1.37,4,7,1.72,0,0,0,0,0,-5,3,1034,1,1,38,38,0,0,0,4,1,1,1,0.56,0.57
296027,109316,0.61,-59.1,-59.6,-0.92,4,7,1.69,0,0,0,0,0,-4,4,1035,1,1,38,38,0,0,0,3,-1,0,1,0.56,0.57
296067,109317,0.57,-62.7,-63.6,-1.06,4,7,1.70,0,0,0,0,0,-4,4,1035,1,1,38,38,0,0,0,3,-1,0,1,0.57,0.57
296075,109318,0.59,-59.1,-59.9,-1.01,4,7,1.41,0,0,0,0,0,-5,4,1034,1,1,38,38,0,0,0,4,0,2,1,0.57,0.57
296105,109319,0.61,-60.3,-60.1,-0.98,4,7,1.63,0,0,0,0,0,-5,4,1034,1,1,38,38,0,0,0,4,0,2,1,0.59,0.57
296158,109320,0.59,-60.3,-60.4,-0.92,4,7,1.41,0,0,0,0,0,-4,2,1034,1,1,38,38,0,0,0,2,0,0,1,0.59,0.58
296164,109321,0.58,-62.1,-63.1,-0.95,4,7,1.70,0,0,0,0,0,-6,4,1034,1,1,38,38,0,0,0,2,2,2,1,0.59,0.58
296170,109322,0.46,-62.1,-62.8,-1.64,4,7,1.66,0,0,0,0,0,-6,2,1035,1,1,38,38,0,0,0,3,-1,3,1,0.59,0.58
296176,109323,0.58,-59.1,-59.8,-1.07,4,7,1.44,0,0,0,0,0,-6,2,1035,1,1,38,38,0,0,0,3,-1,3,1,0.58,0.58
296182,109324,0.48,-58.1,-61.4,-1.09,4,7,2.11,0,0,0,0,0,-6,2,1035,1,1,38,38,0,0,0,3,-1,3,1,0.58,0.58
296238,109325,0.55,-59.1,-59.4,-1.10,4,7,1.72,0,0,0,0,0,-5,2,1034,1,1,38,38,0,0,0,4,0,3,1,0.55,0.58
296244,109326,0.61,-60.3,-60.4,-0.94,4,7,1.47,0,0,0,0,0,-5,2,1033,1,1,38,38,0,0,0,1,3,3,1,0.55,0.58
296252,109327,0.54,-58.1,-59.9,-0.91,4,7,2.00,0,0,0,0,0,-5,2,1033,1,1,38,38,0,0,0,1,3,3,1,0.55,0.57
296282,109328,0.61,-60.3,-60.1,-1.22,4,7,1.48,0,0,0,0,0,-5,2,1033,1,1,38,38,0,0,0,1,3,3,1,0.55,0.57
296367,109329,0.56,-59.1,-59.5,-1.07,4,7,1.78,0,0,0,0,0,-6,3,1034,1,1,38,38,0,0,0,1,1,0,1,0.56,0.57
296397,109330,0.54,-59.1,-60.0,-1.40,4,7,2.16,0,0,0,0,0,-5,3,1034,1,1,38,38,0,0,0,3,3,0,1,0.56,0.57
296405,109331,0.66,-62.7,-63.3,-0.54,4,7,1.77,0,0,0,0,0,-5,4,1035,1,1,38,38,0,0,0,2,0,1,1,0.56,0.57
296430,109332,0.57,-62.7,-63.3,-1.19,4,7,1.83,0,0,0,0,0,-5,4,1035,1,1,38,38,0,0,0,2,0,1,1,0.57,0.57
296437,109333,0.61,-59.1,-59.6,-0.80,4,7,1.52,0,0,0,0,0,-6,2,1034,1,1,38,38,0,0,0,1,0,-3,1,0.57,0.57
296466,109334,0.58,-59.1,-59.8,-0.82,4,7,1.94,0,0,0,0,0,-5,2,1034,1,1,38,38,0,0,0,-1,0,-1,1,0.58,0.57
296472,109335,0.62,-62.7,-63.4,-0.77,4,7,1.77,0,0,0,0,0,-4,2,1034,1,1,38,38,0,0,0,3,2,3,1,0.61,0.57
296485,109336,0.55,-59.1,-60.5,-1.34,4,7,2.23,0,0,0,0,0,-4,2,1034,1,1,38,38,0,0,0,3,2,3,1,0.58,0.57
296493,109337,0.55,-60.3,-60.1,-1.28,4,7,1.72,0,0,0,0,0,-6,3,1034,1,1,38,38,0,0,0,-1,2,3,1,0.58,0.57
296501,109338,0.62,-60.3,-60.2,-0.70,4,7,1.52,0,0,0,0,0,-6,3,1034,1,1,38,38,0,0,0,-1,2,3,1,0.58,0.58
296509,109339,0.54,-63.3,-64.0,-1.53,4,7,1.33,0,0,0,0,0,-6,3,1034,1,1,38,38,0,0,0,2,1,1,1,0.55,0.57
296516,109340,0.57,-59.1,-60.0,-1.06,4,7,2.34,0,0,0,0,0,-6,3,1034,1,1,38,38,0,0,0,2,1,1,1,0.55,0.57
296522,109341,0.52,-58.1,-60.0,-1.03,4,6,2.41,0,0,0,0,0,-5,3,1034,1,1,38,38,0,0,0,1,-2,3,1,0.55,0.57
296541,109342,0.56,-58.1,-59.5,-1.07,4,7,1.92,0,0,0,0,0,-5,3,1034,1,1,38,38,0,0,0,1,-2,3,1,0.56,0.57
296604,109343,0.59,-60.3,-60.4,-1.34,4,7,2.13,0,0,0,0,0,-4,2,1034,1,1,38,38,0,0,0,2,1,0,1,0.56,0.57
296610,109344,0.63,-59.1,-60.0,-0.72,4,6,2.41,0,0,0,0,0,-4,3,1035,1,1,38,38,0,0,0,1,2,3,1,0.57,0.57
296623,109345,0.57,-58.1,-59.6,-0.83,4,7,1.55,0,0,0,0,0,-4,3,1035,1,1,38,38,0,0,0,1,2,3,1,0.57,0.57
296636,109346,0.57,-58.1,-59.3,-1.03,4,7,1.72,0,0,0,0,0,-5,4,1035,1,1,38,38,0,0,0,1,1,4,1,0.57,0.57
296642,109347,0.56,-58.1,-59.3,-1.01,4,7,1.61,0,0,0,0,0,-6,3,1035,1,1,38,38,0,0,0,3,1,2,1,0.57,0.57
296648,109348,0.68,-60.3,-60.5,-0.77,4,7,1.30,0,0,0,0,0,-6,3,1035,1,1,38,38,0,0,0,3,1,2,1,0.57,0.57
296654,109349,0.61,-62.1,-63.0,-0.88,4,6,2.66,0,0,0,0,0,-6,3,1035,1,1,38,38,0,0,0,3,1,2,1,0.57,0.57
296660,109350,0.53,-58.1,-59.4,-1.25,4,7,1.86,0,0,0,0,0,-6,3,1035,1,1,38,38,0,0,0,3,1,2,1,0.57,0.57
296666,109351,0.51,-63.3,-63.9,-1.56,4,7,1.39,0,0,0,0,0,-5,3,1035,1,1,38,38,0,0,0,2,2,2,1,0.56,0.57
296672,109352,0.60,-59.1,-60.0,-1.04,4,7,1.27,0,0,0,0,0,-5,3,1035,1,1,38,38,0,0,0,2,2,2,1,0.60,0.57
296702,109353,0.56,-54.3,-56.4,-1.01,4,7,2.03,0,0,0,0,0,-5,3,1035,1,1,38,38,0,0,0,2,2,2,1,0.56,0.57
296721,109354,0.64,-54.3,-55.4,-0.88,4,7,1.33,0,0,0,0,0,-5,3,1035,1,1,38,38,0,0,0,5,0,3,1,0.56,0.57
296742,109355,0.57,-62.1,-63.2,-0.88,4,6,2.53,0,0,0,0,0,-5,3,1035,1,1,38,38,0,0,0,0,1,5,1,0.57,0.57
296806,109356,0.57,-59.1,-59.4,-1.21,4,7,1.98,0,0,0,0,0,-5,3,1035,1,1,38,38,0,0,0,5,0,1,1,0.57,0.57
296831,109357,0.53,-59.1,-59.6,-1.31,4,7,1.95,0,0,0,0,0,-4,2,1035,1,1,38,38,0,0,0,4,2,1,1,0.57,0.57
296837,109358,0.66,-59.1,-59.6,-0.72,4,7,1.80,0,0,0,0,0,-6,2,1035,1,1,38,38,0,0,0,4,2,6,1,0.57,0.57
296843,109359,0.60,-58.1,-60.5,-0.70,4,7,2.05,0,0,0,0,0,-5,4,1034,1,1,38,38,0,0,0,2,-2,3,1,0.57,0.57
296849,109360,0.56,-59.1,-59.7,-1.24,4,7,1.91,0,0,0,0,0,-5,4,1034,1,1,38,38,0,0,0,2,-2,3,1,0.57,0.57
296855,109361,0.63,-60.3,-60.3,-1.01,4,7,1.67,0,0,0,0,0,-5,4,1034,1,1,38,38,0,0,0,2,-2,3,1,0.60,0.57
296876,109362,0.54,-60.3,-60.3,-1.39,4,7,1.78,0,0,0,0,0,-5,4,1033,1,1,38,38,0,0,0,1,2,0,1,0.60,0.57
296882,109363,0.53,-63.3,-63.8,-1.40,4,7,1.72,0,0,0,0,0,-5,2,1035,1,1,38,38,0,0,0,3,-3,3,1,0.56,0.57
296888,109364,0.52,-58.1,-60.1,-1.24,4,7,2.03,0,0,0,0,0,-5,2,1035,1,1,38,38,0,0,0,3,-3,3,1,0.54,0.57
296912,109365,0.54,-62.1,-62.8,-1.28,4,7,1.78,0,0,0,0,0,-5,2,1035,1,1,38,38,0,0,0,3,-3,3,1,0.54,0.57
296954,109366,0.60,-58.1,-59.4,-0.79,4,7,1.92,0,0,0,0,0,-5,4,1034,1,1,38,38,0,0,0,1,1,3,1,0.54,0.57
296984,109367,0.58,-62.7,-63.6,-1.04,4,7,1.89,0,0,0,0,0,-4,2,1036,1,1,38,38,0,0,0,3,0,2,1,0.54,0.57
297114,109368,0.55,-62.7,-63.9,-1.15,4,7,2.08,0,0,0,0,0,-5,3,1033,1,1,38,38,0,0,0,2,2,1,1,0.55,0.57
297120,109369,0.55,-62.7,-63.7,-1.37,4,7,1.92,0,0,0,0,0,-6,3,1035,1,1,38,38,0,0,0,4,1,-2,1,0.55,0.57
297143,109370,0.53,-58.1,-60.4,-1.12,4,7,2.02,0,0,0,0,0,-6,3,1035,1,1,38,38,0,0,0,4,1,-2,1,0.55,0.57
297148,109371,0.61,-62.7,-63.2,-0.89,4,7,1.77,0,0,0,0,0,-5,4,1034,1,1,38,38,0,0,0,2,1,1,1,0.55,0.57
297154,109372,0.53,-61.6,-63.8,-0.94,4,7,2.06,0,0,0,0,0,-5,4,1034,1,1,38,38,0,0,0,2,1,1,1,0.55,0.57
297162,109373,0.53,-58.1,-60.6,-0.92,4,7,2.16,0,0,0,0,0,-4,2,1034,1,1,38,38,0,0,0,3,-3,1,1,0.53,0.56
297170,109374,0.51,-58.1,-59.6,-0.97,4,7,1.81,0,0,0,0,0,-4,2,1034,1,1,38,38,0,0,0,3,-3,1,1,0.53,0.56
297176,109375,0.64,-62.7,-63.5,-0.94,4,7,1.30,0,0,0,0,0,-4,2,1034,1,1,38,38,0,0,0,3,-3,1,1,0.53,0.56
297212,109376,0.56,-63.3,-63.8,-1.15,4,7,1.88,0,0,0,0,0,-5,3,1034,1,1,38,38,0,0,0,1,1,3,1,0.53,0.56
297220,109377,0.55,-62.7,-63.7,-1.21,4,7,1.69,0,0,0,0,0,-4,2,1033,1,1,38,38,0,0,0,1,-2,2,1,0.55,0.56
297226,109378,0.55,-58.1,-60.3,-1.00,4,7,2.05,0,0,0,0,0,-4,3,1034,1,1,38,38,0,0,0,2,1,1,1,0.55,0.56
297233,109379,0.58,-59.1,-59.5,-0.92,4,7,1.47,0,0,0,0,0,-4,3,1034,1,1,38,38,0,0,0,2,1,1,1,0.56,0.56
297241,109380,0.56,-59.1,-60.2,-1.21,4,7,1.20,0,0,0,0,0,-6,3,1033,1,1,38,38,0,0,0,3,3,1,1,0.56,0.56
297247,109381,0.60,-58.1,-59.7,-0.95,4,6,2.38,0,0,0,0,0,-6,3,1033,1,1,38,38,0,0,0,3,3,1,1,0.56,0.56
297281,109382,0.61,-59.1,-59.7,-1.06,4,7,1.86,0,0,0,0,0,-6,3,1033,1,1,38,38,0,0,0,3,3,1,1,0.58,0.56
297289,109383,0.58,-58.1,-59.4,-1.04,4,7,1.77,0,0,0,0,0,-5,3,1035,1,1,38,38,0,0,0,3,-4,2,1,0.58,0.56
297297,109384,0.60,-59.1,-59.6,-1.16,4,7,1.42,0,0,0,0,0,-5,3,1035,1,1,38,38,0,0,0,3,-4,2,1,0.60,0.56
297303,109385,0.59,-62.1,-63.1,-1.03,4,6,2.53,0,0,0,0,0,-6,2,1034,1,1,38,38,0,0,0,3,0,2,1,0.60,0.57
297316,109386,0.59,-63.3,-63.8,-1.21,4,7,1.52,0,0,0,0,0,-6,2,1034,1,1,38,38,0,0,0,3,0,2,1,0.59,0.57
297341,109387,0.61,-54.3,-55.5,-0.89,4,6,2.53,0,0,0,0,0,-4,1,1035,1,1,38,38,0,0,0,4,2,3,1,0.59,0.57
297347,109388,0.63,-62.1,-63.1,-0.79,4,7,1.45,0,0,0,0,0,-5,3,1034,1,1,38,38,0,0,0,4,1,3,1,0.60,0.57
297360,109389,0.66,-60.3,-60.5,-0.70,4,7,1.45,0,0,0,0,0,-5,3,1034,1,1,38,38,0,0,0,4,1,3,1,0.61,0.57
297368,109390,0.52,-63.3,-64.0,-1.61,4,6,2.41,0,0,0,0,0,-6,4,1035,1,1,38,38,0,0,0,2,-2,3,1,0.61,0.57
297374,109391,0.64,-62.1,-63.0,-0.77,4,7,1.41,0,0,0,0,0,-6,4,1035,1,1,38,38,0,0,0,2,-2,3,1,0.63,0.58
297380,109392,0.45,-58.1,-60.2,-1.27,4,7,1.84,0,0,0,0,0,-5,3,1035,1,1,38,38,0,0,0,2,1,-1,1,0.63,0.58
297386,109393,0.53,-62.1,-63.0,-1.31,4,7,2.34,0,0,0,0,0,-5,3,1035,1,1,38,38,0,0,0,2,1,-1,1,0.53,0.58
297394,109394,0.59,-59.1,-60.3,-0.88,4,7,2.25,0,0,0,0,0,-5,3,1035,1,1,38,38,0,0,0,2,1,-1,1,0.53,0.57
297400,109395,0.60,-59.1,-60.1,-0.92,4,7,2.23,0,0,0,0,0,-4,2,1035,1,1,38,38,0,0,0,5,3,2,1,0.59,0.57
297425,109396,0.58,-62.1,-63.2,-1.12,4,7,1.89,0,0,0,0,0,-4,2,1035,1,1,38,38,0,0,0,5,3,2,1,0.58,0.57
297432,109397,0.59,-62.1,-63.1,-0.76,4,6,2.69,0,0,0,0,0,-5,4,1035,1,1,38,38,0,0,0,4,-2,1,1,0.59,0.58
297438,109398,0.55,-59.1,-59.7,-1.34,4,7,1.59,0,0,0,0,0,-6,3,1033,1,1,38,38,0,0,0,3,0,1,1,0.59,0.58
297452,109399,0.54,-63.3,-63.7,-1.58,4,7,1.61,0,0,0,0,0,-6,3,1033,1,1,38,38,0,0,0,3,0,1,1,0.58,0.58
297488,109400,0.54,-54.3,-55.7,-1.10,4,7,1.61,0,0,0,0,0,-5,3,1034,1,1,38,38,0,0,0,0,2,-3,1,0.55,0.58
297537,109401,0.56,-59.1,-60.1,-1.30,4,7,1.47,0,0,0,0,0,-6,2,1034,1,1,38,38,0,0,0,0,1,-1,1,0.55,0.57
297616,109402,0.57,-58.1,-59.6,-1.27,4,7,1.34,0,0,0,0,0,-5,2,1034,1,1,38,38,0,0,0,2,-1,1,1,0.55,0.57
297623,109403,0.52,-54.3,-56.0,-1.10,4,6,2.39,0,0,0,0,0,-5,2,1034,1,1,38,38,0,0,0,4,2,-1,1,0.54,0.57
297629,109404,0.58,-58.1,-60.0,-0.95,4,7,2.25,0,0,0,0,0,-5,2,1034,1,1,38,38,0,0,0,4,2,-1,1,0.56,0.57
297686,109405,0.53,-63.3,-64.0,-1.76,4,7,2.06,0,0,0,0,0,-5,2,1034,1,1,38,38,0,0,0,4,2,-1,1,0.56,0.57
297727,109406,0.57,-58.1,-59.5,-0.95,4,6,2.39,0,0,0,0,0,-6,2,1034,1,1,38,38,0,0,0,2,-1,-1,1,0.57,0.57
297735,109407,0.53,-54.3,-55.8,-1.31,4,7,2.31,0,0,0,0,0,-5,3,1033,1,1,38,38,0,0,0,2,3,1,1,0.53,0.57
297749,109408,0.59,-58.1,-59.6,-1.12,4,7,2.31,0,0,0,0,0,-4,3,1033,1,1,38,38,0,0,0,3,2,-1,1,0.57,0.57
297756,109409,0.60,-59.1,-60.4,-0.95,4,7,2.23,0,0,0,0,0,-4,3,1033,1,1,38,38,0,0,0,3,2,-1,1,0.57,0.57
297762,109410,0.58,-59.1,-60.7,-1.04,4,7,2.14,0,0,0,0,0,-4,2,1034,1,1,38,38,0,0,0,2,0,2,1,0.58,0.57
297781,109411,0.56,-58.1,-61.0,-0.86,4,7,2.05,0,0,0,0,0,-4,2,1034,1,1,38,38,0,0,0,2,0,2,1,0.58,0.57
297802,109412,0.63,-62.7,-63.6,-0.95,4,7,1.86,0,0,0,0,0,-6,3,1034,1,1,38,38,0,0,0,-1,-1,2,1,0.59,0.57
297842,109413,0.55,-61.6,-63.5,-1.22,4,7,2.11,0,0,0,0,0,-4,3,1034,1,1,38,38,0,0,0,1,0,2,1,0.58,0.57
297848,109414,0.59,-63.3,-63.8,-1.19,4,7,1.86,0,0,0,0,0,-4,2,1034,1,1,38,38,0,0,0,2,-2,4,1,0.58,0.57
297854,109415,0.63,-59.1,-59.7,-0.83,4,7,1.89,0,0,0,0,0,-4,2,1034,1,1,38,38,0,0,0,2,-2,4,1,0.59,0.57
297860,109416,0.55,-62.1,-63.2,-1.03,4,7,1.97,0,0,0,0,0,-5,3,1034,1,1,38,38,0,0,0,3,1,2,1,0.59,0.57
297866,109417,0.64,-62.7,-63.4,-0.75,4,7,1.81,0,0,0,0,0,-5,3,1034,1,1,38,38,0,0,0,3,1,2,1,0.59,0.58
297872,109418,0.60,-60.3,-60.4,-1.24,4,7,1.72,0,0,0,0,0,-5,3,1034,1,1,38,38,0,0,0,3,1,2,1,0.60,0.58
297878,109419,0.49,-58.1,-59.3,-1.46,4,7,1.98,0,0,0,0,0,-5,2,1034,1,1,38,38,0,0,0,2,1,3,1,0.60,0.58
297884,109420,0.58,-62.7,-63.4,-1.16,4,7,1.77,0,0,0,0,0,-5,2,1034,1,1,38,38,0,0,0,2,1,3,1,0.58,0.58
297890,109421,0.60,-58.1,-60.4,-0.75,4,7,2.05,0,0,0,0,0,-5,2,1034,1,1,38,38,0,0,0,2,1,3,1,0.60,0.58
297896,109422,0.59,-59.1,-59.7,-1.00,4,7,1.92,0,0,0,0,0,-5,2,1034,1,1,38,38,0,0,0,1,-2,2,1,0.59,0.58
297901,109423,0.64,-60.3,-60.2,-0.79,4,7,1.70,0,0,0,0,0,-5,2,1034,1,1,38,38,0,0,0,1,-2,2,1,0.59,0.58
297907,109424,0.53,-62.1,-63.1,-1.13,4,7,1.91,0,0,0,0,0,-5,2,1034,1,1,38,38,0,0,0,1,-2,2,1,0.59,0.58
297913,109425,0.61,-59.1,-59.4,-0.98,4,7,1.80,0,0,0,0,0,-5,2,1034,1,1,38,38,0,0,0,1,-2,2,1,0.60,0.58
297919,109426,0.55,-59.1,-59.8,-1.01,4,7,1.86,0,0,0,0,0,-6,5,1033,1,1,38,38,0,0,0,3,0,2,1,0.59,0.58
297970,109427,0.60,-60.3,-60.4,-0.91,4,7,1.38,0,0,0,0,0,-6,5,1033,1,1,38,38,0,0,0,3,0,2,1,0.60,0.58
297995,109428,0.50,-58.1,-59.6,-1.18,4,7,1.98,0,0,0,0,0,-4,3,1034,1,1,38,38,0,0,0,3,-1,3,1,0.55,0.58
298001,109429,0.54,-59.1,-60.0,-1.28,4,7,1.27,0,0,0,0,0,-4,3,1034,1,1,38,38,0,0,0,4,0,0,1,0.55,0.58
298007,109430,0.54,-54.3,-55.5,-1.34,4,7,1.52,0,0,0,0,0,-4,3,1034,1,1,38,38,0,0,0,4,0,0,1,0.54,0.58
298031,109431,0.53,-58.1,-59.8,-1.03,4,6,2.63,0,0,0,0,0,-4,3,1034,1,1,38,38,0,0,0,4,0,0,1,0.54,0.58
298037,109432,0.59,-58.1,-59.5,-0.92,4,6,2.41,0,0,0,0,0,-4,3,1034,1,1,38,38,0,0,0,4,-1,1,1,0.54,0.57
298043,109433,0.53,-63.3,-64.0,-1.33,4,7,1.30,0,0,0,0,0,-4,3,1034,1,1,38,38,0,0,0,4,-1,1,1,0.54,0.57
298049,109434,0.66,-62.7,-63.6,-0.82,4,7,1.16,0,0,0,0,0,-4,3,1034,1,1,38,38,0,0,0,4,-1,1,1,0.54,0.57
298080,109435,0.61,-59.1,-59.6,-0.95,4,7,1.56,0,0,0,0,0,-4,3,1034,1,1,38,38,0,0,0,5,-2,0,1,0.59,0.57
298125,109436,0.55,-58.1,-60.0,-1.21,4,7,2.08,0,0,0,0,0,-4,2,1034,1,1,38,38,0,0,0,2,-2,2,1,0.59,0.57
298131,109437,0.62,-62.7,-63.5,-0.92,4,7,1.83,0,0,0,0,0,-4,3,1031,1,1,38,38,0,0,0,-3,3,7,1,0.61,0.58
298137,109438,0.51,-54.3,-56.8,-1.16,4,7,2.30,0,0,0,0,0,-4,2,1036,1,1,38,38,0,0,0,13,-3,2,1,0.61,0.58
298143,109439,0.58,-59.1,-60.6,-0.91,4,7,2.02,0,0,0,0,0,-4,2,1036,1,1,38,38,0,0,0,13,-3,2,1,0.58,0.58
298149,109440,0.52,-61.6,-63.6,-1.36,4,7,2.08,0,0,0,0,0,-4,2,1036,1,1,38,38,0,0,0,13,-3,2,1,0.55,0.58
298155,109441,0.58,-59.1,-59.7,-1.10,4,7,1.78,0,0,0,0,0,-6,4,1034,1,1,38,38,0,0,0,-3,-1,1,1,0.58,0.58
298161,109442,0.53,-58.1,-60.3,-0.95,4,7,2.11,0,0,0,0,0,-6,4,1034,1,1,38,38,0,0,0,-3,-1,1,1,0.53,0.57
298167,109443,0.57,-63.3,-63.7,-1.16,4,7,1.77,0,0,0,0,0,-6,4,1034,1,1,38,38,0,0,0,-3,-1,1,1,0.57,0.57
298173,109444,0.66,-60.3,-60.2,-0.85,4,7,1.63,0,0,0,0,0,-5,2,1033,1,1,38,38,0,0,0,1,3,-1,1,0.57,0.57
298208,109445,0.56,-58.1,-59.4,-0.98,4,7,1.61,0,0,0,0,0,-5,2,1033,1,1,38,38,0,0,0,1,3,-1,1,0.57,0.57
298216,109446,0.57,-58.1,-59.7,-1.16,4,7,2.31,0,0,0,0,0,-4,2,1033,1,1,38,38,0,0,0,5,1,3,1,0.57,0.57
298232,109447,0.59,-62.7,-63.7,-1.22,4,7,1.83,0,0,0,0,0,-4,2,1033,1,1,38,38,0,0,0,5,1,3,1,0.57,0.57
298239,109448,0.58,-59.1,-59.9,-1.06,4,7,1.63,0,0,0,0,0,-5,4,1034,1,1,38,38,0,0,0,5,1,2,1,0.58,0.57
298247,109449,0.58,-63.3,-63.9,-1.34,4,7,1.42,0,0,0,0,0,-5,4,1034,1,1,38,38,0,0,0,5,1,2,1,0.58,0.57
298261,109450,0.56,-59.1,-59.6,-1.03,4,7,1.58,0,0,0,0,0,-5,3,1035,1,1,38,38,0,0,0,4,0,-2,1,0.58,0.57
298280,109451,0.58,-59.1,-59.9,-1.03,4,7,2.28,0,0,0,0,0,-5,3,1035,1,1,38,38,0,0,0,4,0,-2,1,0.58,0.58
298332,109452,0.56,-59.1,-60.4,-1.25,4,7,2.02,0,0,0,0,0,-6,3,1033,1,1,38,38,0,0,0,-1,-1,5,1,0.58,0.58
298338,109453,0.56,-63.3,-63.7,-1.18,4,7,1.83,0,0,0,0,0,-6,3,1032,1,1,38,38,0,0,0,4,2,1,1,0.56,0.57
298344,109454,0.61,-59.1,-59.7,-0.88,4,7,1.92,0,0,0,0,0,-6,3,1032,1,1,38,38,0,0,0,4,2,1,1,0.56,0.57
298352,109455,0.52,-59.1,-59.9,-1.34,4,7,1.69,0,0,0,0,0,-6,3,1032,1,1,38,38,0,0,0,4,2,1,1,0.56,0.57
298397,109456,0.60,-62.7,-64.0,-0.92,4,7,2.17,0,0,0,0,0,-6,2,1035,1,1,38,38,0,0,0,3,0,5,1,0.56,0.57
298461,109457,0.60,-58.1,-59.4,-0.85,4,7,1.83,0,0,0,0,0,-4,3,1034,1,1,38,38,0,0,0,4,1,0,1,0.60,0.57
298467,109458,0.49,-58.1,-60.5,-1.00,4,7,2.14,0,0,0,0,0,-4,1,1035,1,1,38,38,0,0,0,1,-2,0,1,0.60,0.58
298473,109459,0.53,-63.3,-63.6,-1.25,4,7,1.59,0,0,0,0,0,-5,2,1035,1,1,38,38,0,0,0,1,2,0,1,0.53,0.57
298519,109460,0.57,-60.3,-60.1,-1.13,4,7,1.81,0,0,0,0,0,-5,2,1035,1,1,38,38,0,0,0,1,2,0,1,0.57,0.57
298549,109461,0.59,-54.3,-55.4,-1.10,4,7,2.34,0,0,0,0,0,-5,4,1035,1,1,38,38,0,0,0,4,1,0,1,0.57,0.57
298555,109462,0.60,-58.1,-59.7,-0.89,4,7,2.34,0,0,0,0,0,-5,3,1035,1,1,38,38,0,0,0,4,2,2,1,0.57,0.57
298561,109463,0.53,-58.1,-59.4,-1.03,4,7,1.31,0,0,0,0,0,-5,3,1035,1,1,38,38,0,0,0,4,2,2,1,0.57,0.57
298569,109464,0.61,-62.7,-63.7,-0.85,4,7,1.91,0,0,0,0,0,-5,3,1035,1,1,38,38,0,0,0,4,2,2,1,0.59,0.57
298576,109465,0.53,-59.1,-59.6,-1.48,4,7,1.86,0,0,0,0,0,-5,4,1034,1,1,38,38,0,0,0,4,0,4,1,0.59,0.58
298584,109466,0.54,-59.1,-59.7,-1.10,4,7,1.66,0,0,0,0,0,-5,4,1034,1,1,38,38,0,0,0,4,0,4,1,0.54,0.57
298592,109467,0.51,-59.1,-60.0,-1.37,4,7,1.39,0,0,0,0,0,-6,3,1034,1,1,38,38,0,0,0,5,0,1,1,0.53,0.57
298637,109468,0.64,-60.3,-60.2,-0.75,4,7,1.63,0,0,0,0,0,-6,3,1034,1,1,38,38,0,0,0,5,0,1,1,0.54,0.57
298645,109469,0.60,-60.3,-60.3,-0.98,4,7,1.31,0,0,0,0,0,-6,3,1033,1,1,38,38,0,0,0,3,4,1,1,0.54,0.57
298653,109470,0.55,-63.3,-63.8,-1.58,4,7,2.22,0,0,0,0,0,-5,3,1034,1,1,38,38,0,0,0,0,4,-1,1,0.55,0.57
298661,109471,0.55,-61.6,-63.3,-1.21,4,7,2.25,0,0,0,0,0,-5,3,1034,1,1,38,38,0,0,0,0,4,-1,1,0.55,0.57
298669,109472,0.64,-59.1,-59.6,-0.80,4,7,1.80,0,0,0,0,0,-5,3,1034,1,1,38,38,0,0,0,0,4,-1,1,0.60,0.57
298675,109473,0.53,-58.1,-60.3,-0.91,4,7,2.02,0,0,0,0,0,-4,4,1035,1,1,38,38,0,0,0,4,3,0,1,0.55,0.57
298682,109474,0.58,-59.1,-60.0,-0.95,4,7,1.52,0,0,0,0,0,-4,4,1035,1,1,38,38,0,0,0,4,3,0,1,0.55,0.57
298690,109475,0.53,-62.1,-62.9,-1.58,4,6,2.42,0,0,0,0,0,-4,4,1035,1,1,38,38,0,0,0,4,3,0,1,0.55,0.57
298698,109476,0.60,-59.1,-60.2,-1.06,4,7,2.27,0,0,0,0,0,-5,3,1034,1,1,38,38,0,0,0,1,0,1,1,0.58,0.57
298706,109477,0.60,-62.7,-63.6,-1.01,4,7,1.94,0,0,0,0,0,-5,3,1034,1,1,38,38,0,0,0,1,0,1,1,0.58,0.57
298712,109478,0.60,-60.3,-60.3,-1.15,4,7,1.77,0,0,0,0,0,-5,2,1035,1,1,38,38,0,0,0,5,1,4,1,0.60,0.57
298725,109479,0.66,-62.7,-63.8,-0.73,4,7,1.02,0,0,0,0,0,-5,2,1035,1,1,38,38,0,0,0,5,1,4,1,0.60,0.57
298778,109480,0.64,-60.3,-60.3,-0.75,4,7,1.44,0,0,0,0,0,-6,2,1035,1,1,38,38,0,0,0,0,-2,1,1,0.60,0.57
298784,109481,0.55,-58.1,-59.4,-1.25,4,7,1.59,0,0,0,0,0,-5,4,1035,1,1,38,38,0,0,0,4,0,3,1,0.60,0.57
298797,109482,0.51,-58.1,-59.2,-1.27,4,7,1.89,0,0,0,0,0,-3,3,1033,1,1,38,38,0,0,0,0,-2,2,1,0.60,0.58
298805,109483,0.55,-58.1,-59.5,-1.09,4,7,1.66,0,0,0,0,0,-3,3,1033,1,1,38,38,0,0,0,0,-2,2,1,0.55,0.57
298813,109484,0.52,-54.3,-55.4,-1.16,4,6,2.48,0,0,0,0,0,-5,3,1034,1,1,38,38,0,0,0,4,0,1,1,0.55,0.57
298819,109485,0.58,-58.1,-59.8,-0.89,4,7,1.45,0,0,0,0,0,-5,3,1034,1,1,38,38,0,0,0,4,0,1,1,0.55,0.57
298844,109486,0.62,-63.3,-64.1,-0.95,4,7,1.17,0,0,0,0,0,-5,3,1034,1,1,38,38,0,0,0,4,0,1,1,0.55,0.57
298880,109487,0.67,-62.7,-63.4,-0.76,4,7,1.80,0,0,0,0,0,-7,3,1034,1,1,38,38,0,0,0,4,3,1,1,0.58,0.57
298885,109488,0.60,-59.1,-60.2,-1.07,4,7,1.77,0,0,0,0,0,-6,2,1034,1,1,38,38,0,0,0,2,2,4,1,0.60,0.57
298914,109489,0.59,-58.1,-59.8,-0.92,4,7,2.30,0,0,0,0,0,-5,3,1036,1,1,38,38,0,0,0,4,1,3,1,0.60,0.57
298927,109490,0.60,-58.1,-59.8,-1.01,4,6,2.45,0,0,0,0,0,-4,3,1033,1,1,38,38,0,0,0,1,2,6,1,0.60,0.58
298933,109491,0.59,-54.3,-55.7,-1.10,4,7,1.48,0,0,0,0,0,-5,4,1032,1,1,38,38,0,0,0,5,4,4,1,0.60,0.58
298941,109492,0.53,-58.1,-59.8,-0.92,4,7,2.28,0,0,0,0,0,-5,4,1032,1,1,38,38,0,0,0,5,4,4,1,0.59,0.58
298949,109493,0.54,-62.7,-63.7,-1.31,4,7,1.75,0,0,0,0,0,-5,4,1032,1,1,38,38,0,0,0,5,4,4,1,0.59,0.58
298957,109494,0.53,-62.1,-62.7,-1.55,4,7,1.67,0,0,0,0,0,-6,3,1034,1,1,38,38,0,0,0,2,2,4,1,0.54,0.58
299004,109495,0.57,-58.1,-60.1,-1.13,4,7,2.23,0,0,0,0,0,-6,3,1034,1,1,38,38,0,0,0,2,2,4,1,0.54,0.58
299010,109496,0.56,-58.1,-59.6,-0.86,4,6,2.39,0,0,0,0,0,-6,3,1034,1,1,38,38,0,0,0,4,-1,7,1,0.54,0.57
299018,109497,0.63,-58.1,-60.2,-0.57,4,7,2.08,0,0,0,0,0,-6,3,1034,1,1,38,38,0,0,0,4,-1,7,1,0.56,0.57
299024,109498,0.60,-59.1,-60.0,-0.75,4,7,1.83,0,0,0,0,0,-6,3,1034,1,1,38,38,0,0,0,4,-1,7,1,0.57,0.57
299046,109499,0.56,-59.1,-59.9,-1.27,4,7,1.55,0,0,0,0,0,-4,5,1034,1,1,38,38,0,0,0,5,0,1,1,0.57,0.57
299060,109500,0.56,-58.1,-59.5,-1.15,4,7,1.98,0,0,0,0,0,-5,3,1034,1,1,38,38,0,0,0,4,1,4,1,0.56,0.57
299066,109501,0.61,-59.1,-59.6,-0.92,4,7,1.78,0,0,0,0,0,-5,3,1034,1,1,38,38,0,0,0,4,1,4,1,0.60,0.57
299102,109502,0.64,-60.3,-60.4,-0.95,4,7,1.33,0,0,0,0,0,-4,2,1034,1,1,38,38,0,0,0,4,-1,5,1,0.60,0.58
299132,109503,0.57,-59.1,-59.6,-1.21,4,7,1.78,0,0,0,0,0,-5,4,1035,1,1,38,38,0,0,0,1,2,3,1,0.57,0.58
299151,109504,0.57,-63.3,-63.9,-1.48,4,7,1.25,0,0,0,0,0,-4,3,1034,1,1,38,38,0,0,0,1,0,5,1,0.57,0.57
299157,109505,0.60,-58.1,-59.5,-0.91,4,6,2.41,0,0,0,0,0,-6,3,1035,1,1,38,38,0,0,0,3,-1,3,1,0.60,0.58
299163,109506,0.58,-58.1,-59.5,-0.82,4,7,1.36,0,0,0,0,0,-6,3,1035,1,1,38,38,0,0,0,3,-1,3,1,0.58,0.58
299225,109507,0.64,-60.3,-60.3,-0.88,4,7,1.61,0,0,0,0,0,-6,4,1036,1,1,38,38,0,0,0,0,-1,1,1,0.58,0.58
299231,109508,0.59,-62.1,-62.9,-0.89,4,7,1.80,0,0,0,0,0,-6,3,1032,1,1,38,38,0,0,0,0,2,2,1,0.59,0.58
299267,109509,0.55,-59.1,-59.9,-1.27,4,7,1.22,0,0,0,0,0,-6,3,1032,1,1,38,38,0,0,0,0,2,2,1,0.59,0.58
299273,109510,0.56,-58.1,-59.4,-1.21,4,7,1.55,0,0,0,0,0,-4,3,1034,1,1,38,38,0,0,0,1,0,4,1,0.58,0.58
299279,109511,0.53,-58.1,-61.6,-1.06,4,7,2.05,0,0,0,0,0,-4,3,1034,1,1,38,38,0,0,0,1,0,4,1,0.56,0.58
299285,109512,0.55,-58.1,-59.4,-0.94,4,7,1.80,0,0,0,0,0,-4,3,1034,1,1,38,38,0,0,0,1,0,4,1,0.55,0.58
299291,109513,0.61,-63.3,-63.9,-1.07,4,7,1.39,0,0,0,0,0,-3,5,1034,1,1,38,38,0,0,0,4,2,0,1,0.55,0.58
299297,109514,0.59,-62.1,-63.2,-0.69,4,7,1.41,0,0,0,0,0,-3,5,1034,1,1,38,38,0,0,0,4,2,0,1,0.56,0.57
299303,109515,0.53,-62.1,-63.2,-1.15,4,6,2.44,0,0,0,0,0,-3,5,1034,1,1,38,38,0,0,0,4,2,0,1,0.55,0.57
299318,109516,0.53,-59.1,-60.6,-1.33,4,7,2.16,0,0,0,0,0,-5,3,1034,1,1,38,38,0,0,0,3,1,2,1,0.55,0.57
299324,109517,0.64,-59.1,-59.9,-0.80,4,7,1.98,0,0,0,0,0,-5,3,1034,1,1,38,38,0,0,0,3,1,2,1,0.59,0.57
299330,109518,0.53,-61.6,-63.5,-1.34,4,7,2.17,0,0,0,0,0,-6,3,1034,1,1,38,38,0,0,0,2,1,8,1,0.53,0.57
299336,109519,0.67,-62.7,-63.5,-0.75,4,7,1.83,0,0,0,0,0,-6,3,1034,1,1,38,38,0,0,0,2,1,8,1,0.53,0.57
299342,109520,0.48,-62.1,-63.1,-1.70,4,7,1.92,0,0,0,0,0,-6,3,1034,1,1,38,38,0,0,0,2,1,8,1,0.53,0.57
299348,109521,0.64,-59.1,-59.6,-0.82,4,7,1.88,0,0,0,0,0,-4,2,1034,1,1,38,38,0,0,0,1,3,0,1,0.64,0.57
299354,109522,0.54,-62.7,-63.2,-1.42,4,7,1.92,0,0,0,0,0,-4,2,1034,1,1,38,38,0,0,0,1,3,0,1,0.54,0.57
299379,109523,0.61,-60.3,-60.2,-1.12,4,7,1.70,0,0,0,0,0,-4,2,1034,1,1,38,38,0,0,0,1,3,0,1,0.61,0.57
299386,109524,0.57,-62.1,-62.9,-0.91,4,7,1.64,0,0,0,0,0,-5,4,1034,1,1,38,38,0,0,0,4,-5,1,1,0.57,0.57
299394,109525,0.61,-62.1,-62.9,-0.98,4,7,1.41,0,0,0,0,0,-5,3,1033,1,1,38,38,0,0,0,1,1,0,1,0.61,0.57
299402,109526,0.64,-59.1,-60.2,-0.85,4,7,2.09,0,0,0,0,0,-5,3,1033,1,1,38,38,0,0,0,1,1,0,1,0.61,0.58
299438,109527,0.53,-63.3,-63.7,-1.51,4,7,1.77,0,0,0,0,0,-6,4,1035,1,1,38,38,0,0,0,1,0,0,1,0.61,0.58
299461,109528,0.55,-63.3,-63.8,-1.37,4,7,1.63,0,0,0,0,0,-5,3,1034,1,1,38,38,0,0,0,2,-2,2,1,0.57,0.58
299469,109529,0.65,-60.3,-60.5,-1.04,4,7,1.23,0,0,0,0,0,-6,3,1035,1,1,38,38,0,0,0,4,1,2,1,0.61,0.58
299475,109530,0.59,-62.1,-63.2,-0.89,4,6,2.56,0,0,0,0,0,-6,3,1035,1,1,38,38,0,0,0,4,1,2,1,0.59,0.58
299480,109531,0.54,-63.3,-63.8,-1.52,4,7,1.31,0,0,0,0,0,-6,3,1035,1,1,38,38,0,0,0,4,1,2,1,0.55,0.58
299488,109532,0.53,-59.1,-59.9,-1.37,4,7,2.28,0,0,0,0,0,-5,3,1036,1,1,38,38,0,0,0,6,0,0,1,0.55,0.58
299496,109533,0.57,-59.1,-59.6,-1.19,4,7,1.98,0,0,0,0,0,-5,3,1036,1,1,38,38,0,0,0,6,0,0,1,0.57,0.58
299504,109534,0.51,-62.1,-62.7,-1.43,4,7,1.73,0,0,0,0,0,-5,3,1036,1,1,38,38,0,0,0,6,0,0,1,0.54,0.58
299510,109535,0.55,-63.3,-63.7,-1.19,4,7,1.66,0,0,0,0,0,-5,3,1034,1,1,38,38,0,0,0,3,-1,-3,1,0.54,0.57
299518,109536,0.54,-62.1,-62.9,-1.46,4,7,1.52,0,0,0,0,0,-5,3,1034,1,1,38,38,0,0,0,3,-1,-3,1,0.54,0.57
299526,109537,0.52,-59.1,-60.3,-1.30,4,7,2.31,0,0,0,0,0,-5,3,1034,1,1,38,38,0,0,0,3,-1,-3,1,0.54,0.57
299531,109538,0.60,-60.3,-60.8,-1.12,4,7,1.98,0,0,0,0,0,-5,3,1033,1,1,38,38,0,0,0,3,1,3,1,0.54,0.57
299537,109539,0.64,-59.1,-60.0,-1.06,4,7,2.11,0,0,0,0,0,-5,3,1033,1,1,38,38,0,0,0,3,1,3,1,0.55,0.57
299543,109540,0.58,-58.1,-59.7,-1.09,4,7,2.31,0,0,0,0,0,-5,3,1033,1,1,38,38,0,0,0,3,1,3,1,0.58,0.57
299557,109541,0.58,-59.1,-59.6,-0.85,4,7,1.44,0,0,0,0,0,-5,3,1035,1,1,38,38,0,0,0,5,-2,2,1,0.58,0.57
299565,109542,0.59,-59.1,-60.1,-0.91,4,7,2.11,0,0,0,0,0,-5,3,1035,1,1,38,38,0,0,0,5,-2,2,1,0.59,0.57
299572,109543,0.55,-59.1,-59.7,-1.34,4,7,1.95,0,0,0,0,0,-5,4,1033,1,1,38,38,0,0,0,4,-2,2,1,0.58,0.57
299578,109544,0.55,-62.7,-63.8,-1.22,4,7,1.84,0,0,0,0,0,-5,4,1033,1,1,38,38,0,0,0,4,-2,2,1,0.58,0.57
299594,109545,0.58,-59.1,-59.6,-0.98,4,7,1.48,0,0,0,0,0,-6,1,1033,1,1,38,38,0,0,0,3,-3,3,1,0.58,0.57
299600,109546,0.53,-58.1,-60.7,-1.09,4,7,2.05,0,0,0,0,0,-6,1,1033,1,1,38,38,0,0,0,3,-3,3,1,0.55,0.57
299606,109547,0.58,-62.1,-63.0,-1.09,4,7,1.66,0,0,0,0,0,-5,2,1034,1,1,38,38,0,0,0,5,2,2,1,0.55,0.57
299658,109548,0.57,-58.1,-59.7,-1.03,4,6,2.61,0,0,0,0,0,-5,2,1034,1,1,38,38,0,0,0,5,2,2,1,0.57,0.57
299666,109549,0.57,-54.3,-56.0,-0.92,4,6,2.50,0,0,0,0,0,-5,2,1034,1,1,38,38,0,0,0,3,-3,1,1,0.57,0.57
299672,109550,0.63,-62.7,-63.8,-1.01,4,7,1.06,0,0,0,0,0,-5,2,1034,1,1,38,38,0,0,0,3,-3,1,1,0.57,0.57
299678,109551,0.60,-59.1,-60.3,-0.92,4,7,2.20,0,0,0,0,0,-5,2,1034,1,1,38,38,0,0,0,3,-3,1,1,0.58,0.57
299684,109552,0.50,-58.1,-59.9,-1.42,4,7,2.23,0,0,0,0,0,-5,4,1034,1,1,38,38,0,0,0,2,-1,4,1,0.57,0.57
299690,109553,0.57,-58.1,-59.9,-1.04,4,7,2.23,0,0,0,0,0,-5,4,1034,1,1,38,38,0,0,0,2,-1,4,1,0.57,0.57
299696,109554,0.52,-62.7,-64.1,-1.43,4,7,2.09,0,0,0,0,0,-5,4,1034,1,1,38,38,0,0,0,2,-1,4,1,0.57,0.57
299702,109555,0.66,-62.7,-63.7,-0.77,4,7,1.97,0,0,0,0,0,-5,4,1034,1,1,38,38,0,0,0,2,-1,4,1,0.57,0.57
299708,109556,0.58,-59.1,-60.5,-1.01,4,7,2.25,0,0,0,0,0,-5,3,1034,1,1,38,38,0,0,0,0,3,2,1,0.57,0.57
299716,109557,0.58,-60.3,-60.2,-0.94,4,7,1.69,0,0,0,0,0,-5,3,1034,1,1,38,38,0,0,0,0,3,2,1,0.58,0.57
299733,109558,0.52,-59.1,-60.1,-1.27,4,7,2.33,0,0,0,0,0,-5,3,1034,1,1,38,38,0,0,0,0,3,2,1,0.58,0.57
299741,109559,0.61,-62.7,-63.7,-1.03,4,7,1.95,0,0,0,0,0,-6,2,1035,1,1,38,38,0,0,0,1,-2,1,1,0.58,0.57
299777,109560,0.68,-60.3,-60.5,-0.58,4,7,1.45,0,0,0,0,0,-6,3,1033,1,1,38,38,0,0,0,5,1,0,1,0.58,0.57
299807,109561,0.53,-59.1,-59.7,-1.39,4,7,2.00,0,0,0,0,0,-5,2,1034,1,1,38,38,0,0,0,3,0,3,1,0.58,0.57
299815,109562,0.53,-62.1,-63.0,-1.48,4,7,1.84,0,0,0,0,0,-6,4,1034,1,1,38,38,0,0,0,3,-2,2,1,0.53,0.57
299834,109563,0.67,-62.7,-63.6,-0.72,4,7,1.17,0,0,0,0,0,-6,4,1034,1,1,38,38,0,0,0,3,-2,2,1,0.61,0.57
299868,109564,0.56,-54.3,-56.6,-0.88,4,7,2.31,0,0,0,0,0,-5,3,1033,1,1,38,38,0,0,0,1,0,2,1,0.56,0.57
299874,109565,0.58,-62.7,-63.5,-0.97,4,7,1.83,0,0,0,0,0,-5,3,1034,1,1,38,38,0,0,0,1,1,1,1,0.56,0.57
299880,109566,0.53,-62.1,-63.0,-1.21,4,7,1.94,0,0,0,0,0,-5,3,1034,1,1,38,38,0,0,0,1,1,1,1,0.56,0.57
299949,109567,0.67,-62.7,-63.4,-0.61,4,7,1.80,0,0,0,0,0,-6,3,1034,1,1,38,38,0,0,0,5,-1,-1,1,0.58,0.57
299957,109568,0.58,-59.1,-59.9,-1.00,4,7,1.86,0,0,0,0,0,-6,3,1034,1,1,38,38,0,0,0,2,1,3,1,0.58,0.57
299965,109569,0.54,-62.1,-62.9,-1.56,4,7,1.50,0,0,0,0,0,-5,1,1034,1,1,38,38,0,0,0,3,-1,5,1,0.58,0.57
299984,109570,0.58,-59.1,-60.2,-1.03,4,7,2.17,0,0,0,0,0,-5,1,1034,1,1,38,38,0,0,0,3,-1,5,1,0.58,0.57
300007,109571,0.55,-58.1,-59.4,-1.34,4,7,1.94,0,0,0,0,0,-4,3,1034,1,1,38,38,0,0,0,4,0,6,1,0.58,0.57
300013,109572,0.58,-59.1,-60.0,-1.34,4,7,1.88,0,0,0,0,0,-6,3,1035,1,1,38,38,0,0,0,1,0,-1,1,0.58,0.57
300043,109573,0.54,-62.1,-63.5,-1.07,4,6,2.39,0,0,0,0,0,-6,3,1035,1,1,38,38,0,0,0,1,0,-1,1,0.55,0.57
300062,109574,0.63,-60.3,-60.3,-0.92,4,7,1.61,0,0,0,0,0,-6,4,1034,1,1,38,38,0,0,0,3,0,-1,1,0.58,0.57
300092,109575,0.59,-59.1,-60.0,-0.82,4,7,2.17,0,0,0,0,0,-5,2,1033,1,1,38,38,0,0,0,2,0,1,1,0.58,0.57
300171,109576,0.54,-59.1,-60.3,-1.19,4,7,2.03,0,0,0,0,0,-5,3,1033,1,1,38,38,0,0,0,2,3,-1,1,0.58,0.57
300196,109577,0.55,-59.1,-60.4,-1.07,4,7,2.09,0,0,0,0,0,-6,3,1033,1,1,38,38,0,0,0,4,-1,4,1,0.55,0.57
300202,109578,0.50,-58.1,-60.2,-1.04,4,7,2.28,0,0,0,0,0,-5,2,1034,1,1,38,38,0,0,0,4,-1,4,1,0.55,0.57
300208,109579,0.61,-59.1,-59.6,-0.77,4,7,1.86,0,0,0,0,0,-5,2,1034,1,1,38,38,0,0,0,4,-1,4,1,0.55,0.57
300238,109580,0.55,-63.3,-64.2,-1.65,4,7,2.05,0,0,0,0,0,-5,2,1034,1,1,38,38,0,0,0,4,-1,4,1,0.55,0.57
300284,109581,0.58,-59.1,-59.7,-1.21,4,7,1.61,0,0,0,0,0,-6,3,1034,1,1,38,38,0,0,0,3,2,3,1,0.55,0.57
300290,109582,0.55,-63.3,-63.8,-1.21,4,7,1.63,0,0,0,0,0,-5,2,1034,1,1,38,38,0,0,0,3,1,0,1,0.55,0.57
300295,109583,0.62,-60.3,-60.3,-0.89,4,7,1.47,0,0,0,0,0,-5,2,1034,1,1,38,38,0,0,0,3,1,0,1,0.58,0.57
300303,109584,0.48,-58.1,-61.2,-1.10,4,6,3.02,0,0,0,0,0,-6,4,1036,1,1,38,38,0,0,0,6,2,1,1,0.55,0.57
300311,109585,0.55,-54.3,-55.3,-1.34,4,7,1.36,0,0,0,0,0,-6,4,1036,1,1,38,38,0,0,0,6,2,1,1,0.55,0.57
300319,109586,0.60,-62.7,-63.7,-0.86,4,7,1.91,0,0,0,0,0,-6,4,1036,1,1,38,38,0,0,0,6,2,1,1,0.55,0.57
300325,109587,0.65,-62.7,-63.4,-0.79,4,7,1.83,0,0,0,0,0,-6,3,1035,1,1,38,38,0,0,0,5,5,1,1,0.60,0.57
300331,109588,0.62,-62.7,-63.4,-0.69,4,7,1.83,0,0,0,0,0,-6,3,1035,1,1,38,38,0,0,0,5,5,1,1,0.60,0.57
300339,109589,0.61,-59.1,-59.6,-0.98,4,7,1.69,0,0,0,0,0,-6,3,1035,1,1,38,38,0,0,0,5,5,1,1,0.61,0.57
300391,109590,0.56,-58.1,-59.6,-0.89,4,7,1.89,0,0,0,0,0,-6,3,1034,1,1,38,38,0,0,0,1,1,1,1,0.61,0.57
300431,109591,0.52,-59.1,-60.0,-1.22,4,7,1.81,0,0,0,0,0,-6,3,1034,1,1,38,38,0,0,0,4,0,0,1,0.61,0.58
300439,109592,0.59,-60.3,-60.4,-1.03,4,7,1.28,0,0,0,0,0,-5,4,1034,1,1,38,38,0,0,0,3,3,4,1,0.59,0.58
300447,109593,0.54,-58.1,-59.6,-1.03,4,6,2.42,0,0,0,0,0,-5,2,1034,1,1,38,38,0,0,0,3,-1,0,1,0.56,0.58
300516,109594,0.59,-58.1,-59.6,-1.12,4,7,1.45,0,0,0,0,0,-5,2,1034,1,1,38,38,0,0,0,3,-1,0,1,0.56,0.58
300595,109595,0.53,-59.1,-60.6,-1.07,4,7,2.23,0,0,0,0,0,-6,4,1034,1,1,38,38,0,0,0,4,1,1,1,0.54,0.57
300614,109596,0.56,-62.1,-62.9,-1.07,4,7,1.66,0,0,0,0,0,-7,2,1033,1,1,38,38,0,0,0,2,3,0,1,0.56,0.57
300620,109597,0.53,-58.1,-60.7,-1.10,4,7,2.03,0,0,0,0,0,-6,3,1033,1,1,38,38,0,0,0,3,0,2,1,0.54,0.57
300626,109598,0.59,-59.1,-60.0,-1.01,4,7,1.48,0,0,0,0,0,-6,3,1033,1,1,38,38,0,0,0,3,0,2,1,0.56,0.57
300632,109599,0.61,-59.1,-59.6,-0.94,4,7,1.53,0,0,0,0,0,-6,3,1033,1,1,38,38,0,0,0,3,0,2,1,0.56,0.57
300638,109600,0.64,-59.1,-59.8,-0.85,4,7,1.44,0,0,0,0,0,-5,3,1034,1,1,38,38,0,0,0,0,-3,1,1,0.59,0.57
300644,109601,0.58,-59.1,-59.6,-1.03,4,7,1.42,0,0,0,0,0,-5,3,1034,1,1,38,38,0,0,0,0,-3,1,1,0.59,0.57
300650,109602,0.59,-59.1,-59.9,-1.12,4,7,1.34,0,0,0,0,0,-5,3,1034,1,1,38,38,0,0,0,0,-3,1,1,0.59,0.57
300656,109603,0.57,-59.1,-60.0,-1.03,4,7,1.45,0,0,0,0,0,-5,3,1034,1,1,38,38,0,0,0,0,-3,1,1,0.59,0.57
300662,109604,0.59,-59.1,-59.8,-1.18,4,7,1.47,0,0,0,0,0,-5,3,1033,1,1,38,38,0,0,0,3,0,6,1,0.59,0.58
300677,109605,0.59,-63.3,-63.8,-1.01,4,7,1.25,0,0,0,0,0,-5,3,1033,1,1,38,38,0,0,0,3,0,6,1,0.59,0.58
300696,109606,0.53,-58.1,-60.4,-1.03,4,7,2.06,0,0,0,0,0,-5,3,1035,1,1,38,38,0,0,0,1,-3,0,1,0.59,0.58
300704,109607,0.53,-62.1,-62.7,-1.53,4,7,1.73,0,0,0,0,0,-6,3,1034,1,1,38,38,0,0,0,1,2,0,1,0.57,0.58
300712,109608,0.62,-58.1,-59.4,-0.89,4,7,1.48,0,0,0,0,0,-6,3,1034,1,1,38,38,0,0,0,1,2,0,1,0.59,0.58
300720,109609,0.55,-58.1,-59.4,-1.30,4,7,1.31,0,0,0,0,0,-5,2,1033,1,1,38,38,0,0,0,-1,-1,2,1,0.55,0.58
300726,109610,0.58,-62.7,-63.5,-1.06,4,7,1.39,0,0,0,0,0,-5,2,1033,1,1,38,38,0,0,0,-1,-1,2,1,0.55,0.58
300732,109611,0.58,-62.1,-63.1,-0.88,4,7,1.33,0,0,0,0,0,-5,2,1033,1,1,38,38,0,0,0,-1,-1,2,1,0.58,0.58
300738,109612,0.58,-59.1,-60.0,-1.21,4,6,2.36,0,0,0,0,0,-5,4,1034,1,1,38,38,0,0,0,3,-1,0,1,0.58,0.58
300744,109613,0.56,-58.1,-60.0,-1.00,4,7,1.61,0,0,0,0,0,-5,4,1034,1,1,38,38,0,0,0,3,-1,0,1,0.58,0.58
300862,109614,0.58,-59.1,-60.0,-0.92,4,7,2.20,0,0,0,0,0,-5,4,1034,1,1,38,38,0,0,0,3,-1,0,1,0.58,0.58
300868,109615,0.56,-59.1,-60.3,-0.91,4,7,2.31,0,0,0,0,0,-5,4,1034,1,1,38,38,0,0,0,-1,0,0,1,0.58,0.58
300874,109616,0.53,-54.3,-56.0,-0.89,4,7,2.33,0,0,0,0,0,-5,4,1034,1,1,38,38,0,0,0,-1,0,0,1,0.56,0.58
300880,109617,0.54,-54.3,-55.6,-0.88,4,7,2.34,0,0,0,0,0,-6,2,1035,1,1,38,38,0,0,0,8,-2,3,1,0.56,0.58
300888,109618,0.57,-62.7,-63.6,-1.15,4,7,1.83,0,0,0,0,0,-6,2,1035,1,1,38,38,0,0,0,8,-2,3,1,0.56,0.57
300894,109619,0.53,-62.7,-63.4,-1.24,4,7,1.95,0,0,0,0,0,-6,2,1035,1,1,38,38,0,0,0,8,-2,3,1,0.54,0.57
300973,109620,0.62,-60.3,-60.0,-0.94,4,7,1.69,0,0,0,0,0,-6,4,1034,1,1,38,38,0,0,0,0,1,3,1,0.54,0.57
300978,109621,0.62,-59.1,-59.7,-0.82,4,7,1.86,0,0,0,0,0,-5,3,1035,1,1,38,38,0,0,0,0,-2,4,1,0.57,0.57
301014,109622,0.63,-59.1,-59.9,-0.77,4,7,1.50,0,0,0,0,0,-5,3,1035,1,1,38,38,0,0,0,0,-2,4,1,0.62,0.57
301039,109623,0.58,-62.1,-63.0,-1.10,4,7,1.77,0,0,0,0,0,-5,2,1034,1,1,38,38,0,0,0,2,1,3,1,0.62,0.58
301045,109624,0.60,-60.3,-60.3,-1.10,4,7,1.56,0,0,0,0,0,-6,2,1035,1,1,38,38,0,0,0,2,2,2,1,0.62,0.58
301051,109625,0.59,-59.1,-59.5,-1.03,4,7,1.67,0,0,0,0,0,-6,2,1035,1,1,38,38,0,0,0,2,2,2,1,0.60,0.58
301091,109626,0.58,-60.3,-60.2,-1.03,4,7,1.70,0,0,0,0,0,-5,3,1035,1,1,38,38,0,0,0,0,0,2,1,0.59,0.58
301110,109627,0.52,-63.3,-63.9,-1.45,4,7,1.38,0,0,0,0,0,-5,3,1033,1,1,38,38,0,0,0,1,1,-1,1,0.58,0.58
301116,109628,0.50,-58.1,-59.5,-1.10,4,7,1.83,0,0,0,0,0,-6,4,1035,1,1,38,38,0,0,0,4,-1,-2,1,0.58,0.58
301122,109629,0.48,-59.1,-60.2,-1.07,4,6,2.97,0,0,0,0,0,-6,4,1035,1,1,38,38,0,0,0,4,-1,-2,1,0.52,0.58
301128,109630,0.65,-62.1,-63.0,-0.75,4,6,2.48,0,0,0,0,0,-6,4,1035,1,1,38,38,0,0,0,4,-1,-2,1,0.52,0.57
301133,109631,0.65,-62.7,-63.4,-0.70,4,7,1.41,0,0,0,0,0,-6,4,1035,1,1,38,38,0,0,0,4,-1,-2,1,0.52,0.57
301139,109632,0.59,-60.3,-60.3,-0.92,4,7,1.28,0,0,0,0,0,-6,3,1034,1,1,38,38,0,0,0,2,1,4,1,0.59,0.57
301145,109633,0.49,-58.1,-61.0,-1.19,4,7,2.09,0,0,0,0,0,-6,3,1034,1,1,38,38,0,0,0,2,1,4,1,0.59,0.57
301151,109634,0.66,-59.1,-59.8,-0.86,4,7,1.38,0,0,0,0,0,-6,3,1034,1,1,38,38,0,0,0,2,1,4,1,0.65,0.58
301157,109635,0.56,-63.3,-63.8,-1.33,4,7,1.44,0,0,0,0,0,-6,3,1034,1,1,38,38,0,0,0,5,0,0,1,0.59,0.58
301225,109636,0.57,-59.1,-60.0,-1.09,4,7,1.53,0,0,0,0,0,-6,3,1034,1,1,38,38,0,0,0,5,0,0,1,0.57,0.58
301278,109637,0.52,-58.1,-60.6,-1.04,4,7,2.16,0,0,0,0,0,-6,2,1034,1,1,38,38,0,0,0,1,2,2,1,0.56,0.58
301302,109638,0.57,-59.1,-59.7,-0.89,4,7,1.86,0,0,0,0,0,-5,3,1035,1,1,38,38,0,0,0,5,-2,-2,1,0.57,0.58
301321,109639,0.56,-58.1,-59.7,-0.75,4,6,2.39,0,0,0,0,0,-6,3,1033,1,1,38,38,0,0,0,0,1,2,1,0.56,0.58
301329,109640,0.61,-62.1,-63.4,-0.95,4,7,2.09,0,0,0,0,0,-6,2,1035,1,1,38,38,0,0,0,0,5,2,1,0.57,0.58
301337,109641,0.60,-59.1,-59.8,-0.85,4,7,1.84,0,0,0,0,0,-5,3,1034,1,1,38,38,0,0,0,4,3,3,1,0.57,0.58
301377,109642,0.66,-62.7,-63.6,-0.82,4,7,1.91,0,0,0,0,0,-5,3,1034,1,1,38,38,0,0,0,4,3,3,1,0.60,0.58
301383,109643,0.51,-59.1,-60.0,-1.16,4,7,2.19,0,0,0,0,0,-6,2,1035,1,1,38,38,0,0,0,1,2,1,1,0.60,0.58
301419,109644,0.64,-60.3,-60.2,-0.94,4,7,1.72,0,0,0,0,0,-6,2,1035,1,1,38,38,0,0,0,1,2,1,1,0.61,0.58
301492,109645,0.56,-63.3,-63.6,-1.13,4,7,1.55,0,0,0,0,0,-4,3,1035,1,1,38,38,0,0,0,1,2,0,1,0.60,0.58
301550,109646,0.53,-59.1,-60.0,-1.39,4,7,2.28,0,0,0,0,0,-6,2,1034,1,1,38,38,0,0,0,3,0,0,1,0.56,0.58
301556,109647,0.64,-59.1,-60.2,-0.75,4,7,2.25,0,0,0,0,0,-5,3,1035,1,1,38,38,0,0,0,0,-1,-2,1,0.56,0.58
301562,109648,0.57,-58.1,-59.6,-0.98,4,7,2.31,0,0,0,0,0,-5,3,1035,1,1,38,38,0,0,0,0,-1,-2,1,0.57,0.58
301570,109649,0.58,-59.1,-60.2,-0.86,4,7,2.02,0,0,0,0,0,-5,3,1035,1,1,38,38,0,0,0,0,-1,-2,1,0.57,0.58
301578,109650,0.55,-59.1,-60.0,-1.34,4,7,1.63,0,0,0,0,0,-5,2,1035,1,1,38,38,0,0,0,3,0,0,1,0.57,0.58
301586,109651,0.60,-59.1,-59.9,-0.92,4,7,1.50,0,0,0,0,0,-5,2,1035,1,1,38,38,0,0,0,3,0,0,1,0.58,0.58
301593,109652,0.63,-58.1,-59.5,-0.79,4,7,1.52,0,0,0,0,0,-5,2,1035,1,1,38,38,0,0,0,3,0,0,1,0.58,0.58
301601,109653,0.57,-59.1,-59.9,-1.10,4,7,2.28,0,0,0,0,0,-5,3,1034,1,1,38,38,0,0,0,2,-1,-2,1,0.58,0.58
301609,109654,0.52,-58.1,-60.1,-1.31,4,7,2.11,0,0,0,0,0,-5,3,1034,1,1,38,38,0,0,0,2,-1,-2,1,0.57,0.58
301682,109655,0.55,-61.6,-63.1,-1.09,4,7,1.98,0,0,0,0,0,-5,3,1033,1,1,38,38,0,0,0,3,1,2,1,0.57,0.58
301688,109656,0.54,-58.1,-59.3,-1.28,4,7,1.77,0,0,0,0,0,-5,3,1034,1,1,38,38,0,0,0,3,0,2,1,0.55,0.58
301696,109657,0.62,-59.1,-59.9,-0.97,4,7,1.61,0,0,0,0,0,-5,3,1033,1,1,38,38,0,0,0,3,-5,2,1,0.55,0.58
301704,109658,0.53,-58.1,-61.4,-0.91,4,6,3.03,0,0,0,0,0,-5,3,1033,1,1,38,38,0,0,0,3,-5,2,1,0.54,0.57
301740,109659,0.63,-62.7,-63.4,-0.76,4,7,1.27,0,0,0,0,0,-5,3,1033,1,1,38,38,0,0,0,3,-5,2,1,0.55,0.57
301763,109660,0.56,-63.3,-64.1,-1.51,4,7,1.22,0,0,0,0,0,-5,3,1034,1,1,38,38,0,0,0,4,2,4,1,0.56,0.57
301787,109661,0.47,-58.1,-60.2,-1.22,4,7,1.80,0,0,0,0,0,-6,2,1035,1,1,38,38,0,0,0,2,2,1,1,0.56,0.57
301895,109662,0.64,-60.3,-60.4,-0.70,4,7,1.38,0,0,0,0,0,-6,3,1034,1,1,38,38,0,0,0,4,-2,2,1,0.56,0.57
301902,109663,0.58,-63.3,-63.9,-1.40,4,7,2.14,0,0,0,0,0,-5,3,1035,1,1,38,38,0,0,0,4,2,0,1,0.58,0.57
301910,109664,0.65,-58.1,-59.9,-0.76,4,7,2.25,0,0,0,0,0,-5,3,1035,1,1,38,38,0,0,0,4,2,0,1,0.58,0.57
301916,109665,0.53,-54.3,-55.5,-1.34,4,6,2.41,0,0,0,0,0,-5,3,1035,1,1,38,38,0,0,0,2,-1,0,1,0.58,0.57
301924,109666,0.56,-61.6,-63.6,-1.09,4,7,2.23,0,0,0,0,0,-5,3,1035,1,1,38,38,0,0,0,2,-1,0,1,0.58,0.57
301949,109667,0.59,-62.7,-63.7,-0.98,4,7,1.95,0,0,0,0,0,-5,3,1034,1,1,38,38,0,0,0,0,2,5,1,0.58,0.57
301956,109668,0.65,-60.3,-60.0,-0.79,4,7,1.69,0,0,0,0,0,-5,3,1034,1,1,38,38,0,0,0,1,-2,0,1,0.59,0.57
301962,109669,0.60,-59.1,-59.8,-1.01,4,7,1.86,0,0,0,0,0,-5,3,1034,1,1,38,38,0,0,0,1,-2,0,1,0.59,0.58
301998,109670,0.59,-59.1,-59.5,-0.94,4,7,1.89,0,0,0,0,0,-5,3,1034,1,1,38,38,0,0,0,1,-2,0,1,0.59,0.58
302006,109671,0.62,-59.1,-59.5,-1.12,4,7,1.61,0,0,0,0,0,-5,4,1034,1,1,38,38,0,0,0,4,-1,2,1,0.60,0.58
302012,109672,0.60,-60.3,-60.4,-0.95,4,7,1.50,0,0,0,0,0,-4,4,1035,1,1,38,38,0,0,0,0,0,1,1,0.60,0.58
302052,109673,0.59,-59.1,-60.6,-0.76,4,7,2.06,0,0,0,0,0,-4,4,1035,1,1,38,38,0,0,0,0,0,1,1,0.60,0.58
302059,109674,0.61,-60.3,-60.2,-1.13,4,7,1.63,0,0,0,0,0,-5,2,1036,1,1,38,38,0,0,0,5,0,3,1,0.60,0.58
302067,109675,0.53,-63.3,-63.9,-1.45,4,7,1.55,0,0,0,0,0,-5,2,1036,1,1,38,38,0,0,0,5,0,3,1,0.60,0.58
302075,109676,0.61,-62.1,-63.2,-0.83,4,6,2.64,0,0,0,0,0,-5,3,1039,1,1,38,38,0,0,0,-2,3,3,1,0.60,0.58
302083,109677,0.58,-62.7,-63.6,-0.91,4,7,1.22,0,0,0,0,0,-5,3,1039,1,1,38,38,0,0,0,-2,3,3,1,0.59,0.58
302119,109678,0.53,-54.3,-55.4,-0.89,4,6,2.50,0,0,0,0,0,-5,3,1039,1,1,38,38,0,0,0,-7,0,-1,1,0.58,0.58
302125,109679,0.60,-59.1,-60.0,-1.03,4,7,2.27,0,0,0,0,0,-5,2,1034,1,1,38,38,0,0,0,-2,-1,2,1,0.58,0.58
302131,109680,0.55,-58.1,-59.6,-1.10,4,7,2.28,0,0,0,0,0,-5,3,1035,1,1,38,38,0,0,0,0,-1,3,1,0.58,0.58
302187,109681,0.57,-62.1,-63.0,-1.09,4,7,1.84,0,0,0,0,0,-5,3,1035,1,1,38,38,0,0,0,0,-1,3,1,0.57,0.58
302195,109682,0.51,-63.3,-63.9,-1.53,4,7,1.48,0,0,0,0,0,-5,4,1034,1,1,38,38,0,0,0,1,2,-2,1,0.55,0.58
302203,109683,0.67,-59.1,-59.9,-0.88,4,7,1.25,0,0,0,0,0,-5,4,1034,1,1,38,38,0,0,0,1,2,-2,1,0.57,0.58
302211,109684,0.60,-58.1,-59.6,-1.01,4,7,2.34,0,0,0,0,0,-5,4,1033,1,1,38,38,0,0,0,4,2,3,1,0.57,0.58
302217,109685,0.55,-63.3,-64.0,-1.43,4,7,2.02,0,0,0,0,0,-5,4,1033,1,1,38,38,0,0,0,4,2,3,1,0.57,0.58
302223,109686,0.58,-62.7,-63.9,-1.15,4,7,1.30,0,0,0,0,0,-5,4,1033,1,1,38,38,0,0,0,4,2,3,1,0.58,0.58
302229,109687,0.62,-63.3,-63.7,-1.06,4,7,1.14,0,0,0,0,0,-5,3,1033,1,1,38,38,0,0,0,4,-1,5,1,0.60,0.58
302234,109688,0.61,-62.1,-63.1,-0.75,4,6,2.42,0,0,0,0,0,-5,3,1033,1,1,38,38,0,0,0,4,-1,5,1,0.60,0.58
302240,109689,0.65,-59.1,-59.7,-0.77,4,7,1.39,0,0,0,0,0,-5,3,1033,1,1,38,38,0,0,0,4,-1,5,1,0.61,0.58
302246,109690,0.65,-59.1,-59.9,-1.00,4,7,1.25,0,0,0,0,0,-5,3,1033,1,1,38,38,0,0,0,4,-1,5,1,0.62,0.58
302254,109691,0.60,-58.1,-59.6,-0.98,4,7,2.34,0,0,0,0,0,-5,4,1033,1,1,38,38,0,0,0,3,1,2,1,0.62,0.59
302260,109692,0.55,-58.1,-59.5,-1.13,4,7,2.25,0,0,0,0,0,-5,4,1033,1,1,38,38,0,0,0,3,1,2,1,0.61,0.59
302266,109693,0.67,-62.7,-63.5,-0.77,4,7,1.17,0,0,0,0,0,-5,4,1033,1,1,38,38,0,0,0,3,1,2,1,0.65,0.59
302274,109694,0.56,-58.1,-60.0,-1.18,4,7,2.28,0,0,0,0,0,-6,3,1034,1,1,38,38,0,0,0,2,1,2,1,0.60,0.59
302282,109695,0.52,-62.7,-63.6,-1.40,4,7,1.84,0,0,0,0,0,-6,3,1034,1,1,38,38,0,0,0,2,1,2,1,0.56,0.59
302305,109696,0.60,-62.7,-63.5,-0.82,4,7,1.86,0,0,0,0,0,-6,3,1034,1,1,38,38,0,0,0,2,-1,0,1,0.56,0.59
302312,109697,0.65,-59.1,-59.6,-0.75,4,7,1.78,0,0,0,0,0,-4,4,1035,1,1,38,38,0,0,0,4,1,4,1,0.60,0.59
302320,109698,0.60,-60.3,-60.1,-1.10,4,7,1.38,0,0,0,0,0,-4,4,1035,1,1,38,38,0,0,0,4,1,4,1,0.60,0.59
302367,109699,0.56,-58.1,-59.6,-0.97,4,7,1.36,0,0,0,0,0,-4,4,1035,1,1,38,38,0,0,0,4,1,4,1,0.60,0.59
302373,109700,0.57,-60.3,-60.4,-0.94,4,7,1.23,0,0,0,0,0,-5,3,1034,1,1,38,38,0,0,0,2,2,-1,1,0.60,0.59
302398,109701,0.60,-62.1,-62.9,-0.77,4,7,1.52,0,0,0,0,0,-5,3,1034,1,1,38,38,0,0,0,2,2,-1,1,0.60,0.59
302406,109702,0.58,-62.1,-63.4,-1.25,4,7,1.34,0,0,0,0,0,-6,1,1033,1,1,38,38,0,0,0,4,2,4,1,0.58,0.59
302414,109703,0.50,-59.1,-60.0,-1.28,4,7,2.19,0,0,0,0,0,-4,2,1034,1,1,38,38,0,0,0,2,0,0,1,0.57,0.59
302493,109704,0.57,-59.1,-60.1,-0.83,4,7,2.27,0,0,0,0,0,-4,2,1034,1,1,38,38,0,0,0,2,0,0,1,0.57,0.59
302498,109705,0.58,-58.1,-59.7,-0.98,4,7,2.28,0,0,0,0,0,-4,2,1034,1,1,38,38,0,0,0,3,-1,2,1,0.58,0.59
302504,109706,0.53,-59.1,-60.0,-1.15,4,7,2.31,0,0,0,0,0,-4,2,1034,1,1,38,38,0,0,0,3,-1,2,1,0.57,0.59
302510,109707,0.65,-62.7,-63.7,-0.94,4,7,0.98,0,0,0,0,0,-5,3,1037,1,1,38,38,0,0,0,-4,0,-1,1,0.57,0.59
302516,109708,0.55,-59.1,-60.4,-1.34,4,7,1.98,0,0,0,0,0,-5,3,1037,1,1,38,38,0,0,0,-4,0,-1,1,0.57,0.59
302522,109709,0.56,-59.1,-60.3,-1.18,4,7,2.28,0,0,0,0,0,-5,3,1037,1,1,38,38,0,0,0,-4,0,-1,1,0.56,0.59
302528,109710,0.58,-62.7,-63.5,-0.95,4,7,1.13,0,0,0,0,0,-6,2,1034,1,1,38,38,0,0,0,-4,1,0,1,0.56,0.58
302534,109711,0.60,-59.1,-60.1,-0.83,4,7,2.22,0,0,0,0,0,-6,2,1034,1,1,38,38,0,0,0,-4,1,0,1,0.58,0.58
302540,109712,0.55,-58.1,-59.8,-1.13,4,6,2.39,0,0,0,0,0,-6,2,1034,1,1,38,38,0,0,0,-4,1,0,1,0.56,0.58
302585,109713,0.57,-59.1,-59.5,-1.36,4,7,1.75,0,0,0,0,0,-6,2,1034,1,1,38,38,0,0,0,-4,1,1,1,0.57,0.58
302621,109714,0.60,-60.3,-60.3,-0.91,4,7,1.39,0,0,0,0,0,-5,4,1035,1,1,38,38,0,0,0,1,0,0,1,0.58,0.58
302640,109715,0.60,-59.1,-59.8,-1.10,4,7,2.23,0,0,0,0,0,-5,2,1034,1,1,38,38,0,0,0,2,2,2,1,0.60,0.58
302646,109716,0.55,-59.1,-60.0,-1.01,4,6,2.39,0,0,0,0,0,-6,2,1035,1,1,38,38,0,0,0,0,0,0,1,0.57,0.58
302652,109717,0.59,-54.3,-55.2,-0.92,4,7,1.39,0,0,0,0,0,-6,2,1035,1,1,38,38,0,0,0,0,0,0,1,0.59,0.58
302664,109718,0.55,-62.1,-63.0,-0.91,4,7,1.75,0,0,0,0,0,-6,2,1035,1,1,38,38,0,0,0,0,0,0,1,0.59,0.58
302670,109719,0.52,-62.1,-63.0,-1.27,4,7,1.72,0,0,0,0,0,-6,4,1034,1,1,38,38,0,0,0,0,1,2,1,0.55,0.58
302676,109720,0.56,-58.1,-59.5,-1.16,4,7,1.84,0,0,0,0,0,-6,4,1034,1,1,38,38,0,0,0,0,1,2,1,0.55,0.58
302682,109721,0.51,-54.3,-55.4,-1.15,4,7,1.89,0,0,0,0,0,-6,4,1034,1,1,38,38,0,0,0,0,1,2,1,0.55,0.58
302688,109722,0.62,-59.1,-59.9,-0.77,4,7,1.59,0,0,0,0,0,-5,5,1032,1,1,38,38,0,0,0,0,-4,3,1,0.55,0.58
302694,109723,0.59,-58.1,-60.2,-0.75,4,7,2.11,0,0,0,0,0,-5,5,1032,1,1,38,38,0,0,0,0,-4,3,1,0.56,0.58
302715,109724,0.58,-59.1,-59.6,-0.94,4,7,1.81,0,0,0,0,0,-5,5,1032,1,1,38,38,0,0,0,0,-4,3,1,0.58,0.58
302721,109725,0.62,-62.7,-63.6,-0.92,4,7,1.84,0,0,0,0,0,-6,2,1033,1,1,38,38,0,0,0,3,0,3,1,0.59,0.58
302727,109726,0.58,-59.1,-60.3,-1.03,4,7,2.03,0,0,0,0,0,-5,2,1033,1,1,38,38,0,0,0,3,0,2,1,0.59,0.58
302732,109727,0.56,-62.1,-63.9,-0.79,4,7,2.08,0,0,0,0,0,-5,2,1033,1,1,38,38,0,0,0,3,0,2,1,0.58,0.58
302738,109728,0.66,-62.7,-63.3,-0.73,4,7,1.84,0,0,0,0,0,-5,2,1033,1,1,38,38,0,0,0,3,0,2,1,0.58,0.58
302744,109729,0.62,-59.1,-59.6,-1.03,4,7,1.91,0,0,0,0,0,-5,2,1033,1,1,38,38,0,0,0,3,0,2,1,0.62,0.58
302750,109730,0.50,-54.3,-56.3,-1.19,4,7,2.33,0,0,0,0,0,-6,4,1036,1,1,38,38,0,0,0,3,1,3,1,0.58,0.58
302758,109731,0.63,-60.3,-60.2,-0.86,4,7,1.63,0,0,0,0,0,-6,4,1036,1,1,38,38,0,0,0,3,1,3,1,0.62,0.58
302766,109732,0.53,-58.1,-59.4,-1.04,4,7,1.78,0,0,0,0,0,-6,4,1036,1,1,38,38,0,0,0,3,1,3,1,0.62,0.58
302774,109733,0.56,-58.1,-59.4,-0.82,4,7,1.56,0,0,0,0,0,-6,4,1036,1,1,38,38,0,0,0,4,3,1,1,0.56,0.58
302780,109734,0.59,-59.1,-59.6,-1.25,4,7,1.48,0,0,0,0,0,-6,4,1036,1,1,38,38,0,0,0,4,3,1,1,0.56,0.58
302786,109735,0.62,-62.1,-62.7,-0.82,4,7,1.59,0,0,0,0,0,-5,3,1034,1,1,38,38,0,0,0,0,1,4,1,0.59,0.58
302792,109736,0.55,-59.1,-59.6,-1.00,4,7,1.56,0,0,0,0,0,-5,3,1034,1,1,38,38,0,0,0,0,1,4,1,0.56,0.58
302798,109737,0.56,-62.1,-63.2,-1.06,4,6,2.77,0,0,0,0,0,-5,3,1034,1,1,38,38,0,0,0,0,1,4,1,0.56,0.58
302803,109738,0.57,-59.1,-59.7,-1.34,4,7,1.48,0,0,0,0,0,-5,3,1034,1,1,38,38,0,0,0,0,1,4,1,0.57,0.58
302809,109739,0.58,-62.1,-63.0,-1.01,4,6,2.72,0,0,0,0,0,-6,1,1035,1,1,38,38,0,0,0,2,2,1,1,0.57,0.58
302815,109740,0.61,-60.3,-60.2,-0.91,4,7,1.38,0,0,0,0,0,-6,1,1035,1,1,38,38,0,0,0,2,2,1,1,0.57,0.58
302821,109741,0.53,-58.1,-60.9,-0.86,4,7,2.14,0,0,0,0,0,-6,1,1035,1,1,38,38,0,0,0,2,2,1,1,0.57,0.58
302827,109742,0.58,-59.1,-60.1,-1.31,4,7,1.50,0,0,0,0,0,-5,3,1035,1,1,38,38,0,0,0,1,1,0,1,0.58,0.58
302833,109743,0.53,-62.1,-63.2,-1.13,4,7,1.78,0,0,0,0,0,-5,3,1035,1,1,38,38,0,0,0,1,1,0,1,0.58,0.58
302854,109744,0.58,-59.1,-61.0,-0.79,4,7,2.02,0,0,0,0,0,-5,3,1035,1,1,38,38,0,0,0,1,1,0,1,0.58,0.58
302862,109745,0.55,-63.3,-63.5,-1.22,4,7,1.55,0,0,0,0,0,-7,3,1034,1,1,38,38,0,0,0,1,1,0,1,0.55,0.58
302986,109746,0.59,-54.3,-56.5,-0.72,4,7,2.28,0,0,0,0,0,-5,4,1034,1,1,38,38,0,0,0,1,1,1,1,0.58,0.58
302992,109747,0.55,-59.1,-59.8,-1.06,4,7,1.94,0,0,0,0,0,-4,2,1035,1,1,38,38,0,0,0,3,4,1,1,0.55,0.58
303011,109748,0.58,-59.1,-59.6,-1.12,4,7,1.72,0,0,0,0,0,-4,2,1035,1,1,38,38,0,0,0,3,4,1,1,0.58,0.58
303065,109749,0.53,-58.1,-59.7,-0.92,4,7,1.94,0,0,0,0,0,-5,2,1034,1,1,38,38,0,0,0,5,2,3,1,0.55,0.58
303071,109750,0.52,-63.3,-63.9,-1.33,4,7,1.52,0,0,0,0,0,-5,2,1038,1,1,38,38,0,0,0,-3,1,1,1,0.55,0.58
303077,109751,0.57,-58.1,-59.6,-0.86,4,7,1.56,0,0,0,0,0,-5,2,1038,1,1,38,38,0,0,0,-3,1,1,1,0.55,0.57
303083,109752,0.59,-59.1,-59.4,-1.19,4,7,1.45,0,0,0,0,0,-5,3,1035,1,1,38,38,0,0,0,-2,1,1,1,0.57,0.57
303196,109753,0.58,-62.7,-63.6,-1.18,4,7,1.92,0,0,0,0,0,-5,3,1035,1,1,38,38,0,0,0,-2,1,1,1,0.57,0.57
303204,109754,0.53,-62.1,-62.9,-1.34,4,7,1.92,0,0,0,0,0,-5,4,1034,1,1,38,38,0,0,0,5,0,0,1,0.57,0.57
303217,109755,0.51,-58.1,-59.6,-1.28,4,6,2.44,0,0,0,0,0,-5,4,1034,1,1,38,38,0,0,0,2,0,0,1,0.57,0.57
303223,109756,0.60,-59.1,-60.3,-0.82,4,7,2.22,0,0,0,0,0,-5,3,1034,1,1,38,38,0,0,0,0,-2,1,1,0.58,0.57
303237,109757,0.68,-62.7,-63.5,-0.76,4,7,1.19,0,0,0,0,0,-5,3,1034,1,1,38,38,0,0,0,0,-2,1,1,0.58,0.57
303265,109758,0.56,-62.1,-62.9,-0.91,4,7,1.73,0,0,0,0,0,-6,3,1032,1,1,38,38,0,0,0,2,2,2,1,0.56,0.57
303273,109759,0.64,-59.1,-59.9,-0.91,4,7,1.36,0,0,0,0,0,-6,3,1034,1,1,38,38,0,0,0,1,0,5,1,0.60,0.58
303309,109760,0.52,-62.7,-63.6,-1.53,4,7,1.22,0,0,0,0,0,-6,3,1034,1,1,38,38,0,0,0,1,0,5,1,0.60,0.58
303388,109761,0.64,-59.1,-59.8,-0.91,4,7,1.34,0,0,0,0,0,-5,4,1033,1,1,38,38,0,0,0,2,0,-1,1,0.64,0.58
303396,109762,0.60,-63.3,-63.9,-1.12,4,7,1.27,0,0,0,0,0,-7,3,1034,1,1,38,38,0,0,0,4,1,1,1,0.60,0.58
303409,109763,0.61,-60.3,-60.1,-0.92,4,7,1.30,0,0,0,0,0,-5,4,1034,1,1,38,38,0,0,0,6,-2,1,1,0.61,0.58
303417,109764,0.57,-62.1,-63.1,-1.18,4,7,1.45,0,0,0,0,0,-5,4,1034,1,1,38,38,0,0,0,6,-2,1,1,0.60,0.58
303447,109765,0.60,-62.7,-63.5,-0.88,4,7,1.78,0,0,0,0,0,-5,4,1034,1,1,38,38,0,0,0,4,-2,0,1,0.60,0.58
303455,109766,0.47,-58.1,-59.3,-1.36,4,7,2.00,0,0,0,0,0,-5,4,1033,1,1,38,38,0,0,0,4,0,0,1,0.60,0.58
303461,109767,0.66,-60.3,-60.3,-0.77,4,7,1.52,0,0,0,0,0,-5,3,1035,1,1,38,38,0,0,0,3,2,3,1,0.60,0.59
303469,109768,0.53,-58.1,-59.4,-1.13,4,7,1.88,0,0,0,0,0,-5,3,1035,1,1,38,38,0,0,0,3,2,3,1,0.57,0.58
303476,109769,0.54,-54.3,-55.8,-0.92,4,6,2.52,0,0,0,0,0,-5,3,1035,1,1,38,38,0,0,0,3,2,3,1,0.54,0.58
303482,109770,0.53,-59.1,-59.6,-1.33,4,7,2.34,0,0,0,0,0,-5,3,1034,1,1,38,38,0,0,0,1,1,0,1,0.53,0.58
303488,109771,0.69,-62.7,-63.4,-0.48,4,7,1.20,0,0,0,0,0,-5,3,1034,1,1,38,38,0,0,0,1,1,0,1,0.54,0.58
303496,109772,0.55,-58.1,-59.5,-1.27,4,7,2.27,0,0,0,0,0,-5,3,1034,1,1,38,38,0,0,0,1,1,0,1,0.54,0.58
303502,109773,0.57,-59.1,-60.1,-1.03,4,7,2.31,0,0,0,0,0,-6,3,1033,1,1,38,38,0,0,0,2,-6,4,1,0.55,0.58
303525,109774,0.61,-59.1,-60.2,-0.75,4,7,2.28,0,0,0,0,0,-6,3,1033,1,1,38,38,0,0,0,2,-6,4,1,0.57,0.58
303531,109775,0.59,-59.1,-60.1,-0.92,4,7,2.33,0,0,0,0,0,-6,3,1034,1,1,38,38,0,0,0,0,2,4,1,0.59,0.58
303537,109776,0.57,-59.1,-60.0,-1.09,4,7,2.25,0,0,0,0,0,-6,3,1034,1,1,38,38,0,0,0,0,2,4,1,0.57,0.58
303543,109777,0.61,-63.3,-64.1,-1.13,4,7,1.13,0,0,0,0,0,-6,4,1035,1,1,38,38,0,0,0,2,-1,2,1,0.59,0.58
303549,109778,0.62,-58.1,-59.6,-0.92,4,7,2.25,0,0,0,0,0,-6,4,1035,1,1,38,38,0,0,0,2,-1,2,1,0.61,0.58
303555,109779,0.57,-59.1,-59.9,-1.19,4,6,2.38,0,0,0,0,0,-6,4,1035,1,1,38,38,0,0,0,2,-1,2,1,0.59,0.58
303561,109780,0.55,-59.1,-59.8,-1.06,4,7,1.22,0,0,0,0,0,-5,3,1035,1,1,38,38,0,0,0,2,2,0,1,0.57,0.58
303567,109781,0.53,-54.3,-55.7,-1.07,4,7,2.34,0,0,0,0,0,-5,3,1035,1,1,38,38,0,0,0,2,2,0,1,0.57,0.58
303591,109782,0.56,-59.1,-59.9,-1.10,4,7,2.30,0,0,0,0,0,-5,3,1035,1,1,38,38,0,0,0,2,2,0,1,0.56,0.58
303627,109783,0.54,-58.1,-60.0,-1.01,4,7,2.27,0,0,0,0,0,-5,3,1035,1,1,38,38,0,0,0,4,-2,2,1,0.55,0.58
303633,109784,0.56,-59.1,-60.3,-1.07,4,7,2.30,0,0,0,0,0,-5,3,1034,1,1,38,38,0,0,0,0,0,3,1,0.55,0.58
303639,109785,0.63,-60.3,-60.5,-1.24,4,7,1.98,0,0,0,0,0,-5,3,1034,1,1,38,38,0,0,0,0,0,3,1,0.56,0.57
303645,109786,0.56,-58.1,-59.5,-0.98,4,7,2.30,0,0,0,0,0,-6,2,1033,1,1,38,38,0,0,0,3,2,3,1,0.56,0.57
303666,109787,0.57,-62.7,-63.2,-0.85,4,6,2.52,0,0,0,0,0,-6,2,1033,1,1,38,38,0,0,0,3,2,3,1,0.56,0.57
303696,109788,0.61,-59.1,-59.7,-0.94,4,7,1.77,0,0,0,0,0,-4,2,1034,1,1,38,38,0,0,0,2,0,3,1,0.57,0.57
303727,109789,0.62,-58.1,-59.5,-0.91,4,7,1.34,0,0,0,0,0,-6,4,1035,1,1,38,38,0,0,0,2,2,1,1,0.61,0.58
303762,109790,0.61,-58.1,-59.9,-0.83,4,7,2.30,0,0,0,0,0,-6,3,1034,1,1,38,38,0,0,0,3,1,3,1,0.61,0.58
303768,109791,0.63,-59.1,-60.1,-0.95,4,7,2.08,0,0,0,0,0,-6,2,1035,1,1,38,38,0,0,0,2,-1,4,1,0.61,0.58
303774,109792,0.50,-59.1,-59.7,-1.49,4,7,2.25,0,0,0,0,0,-6,2,1035,1,1,38,38,0,0,0,2,-1,4,1,0.61,0.58
303780,109793,0.59,-59.1,-60.2,-1.07,4,7,2.28,0,0,0,0,0,-5,2,1035,1,1,38,38,0,0,0,4,-1,4,1,0.61,0.58
303814,109794,0.53,-54.3,-56.2,-1.15,4,7,2.28,0,0,0,0,0,-5,2,1035,1,1,38,38,0,0,0,4,-1,4,1,0.59,0.58
303820,109795,0.63,-62.7,-63.7,-0.92,4,7,1.88,0,0,0,0,0,-5,3,1034,1,1,38,38,0,0,0,1,3,0,1,0.59,0.58
303826,109796,0.50,-63.3,-64.0,-1.52,4,7,1.89,0,0,0,0,0,-5,3,1034,1,1,38,38,0,0,0,1,3,0,1,0.53,0.58
303901,109797,0.55,-58.1,-60.5,-0.89,4,7,2.13,0,0,0,0,0,-5,3,1034,1,1,38,38,0,0,0,1,3,0,1,0.55,0.58
303958,109798,0.66,-62.7,-63.7,-0.88,4,7,1.08,0,0,0,0,0,-5,3,1033,1,1,38,38,0,0,0,1,0,-1,1,0.55,0.58
303966,109799,0.60,-59.1,-60.0,-0.91,4,7,2.08,0,0,0,0,0,-5,2,1034,1,1,38,38,0,0,0,1,4,3,1,0.60,0.58
304024,109800,0.60,-59.1,-59.9,-1.15,4,7,1.50,0,0,0,0,0,-5,2,1034,1,1,38,38,0,0,0,1,4,3,1,0.60,0.58
304032,109801,0.50,-58.1,-59.4,-1.06,4,7,1.78,0,0,0,0,0,-4,2,1036,1,1,38,38,0,0,0,1,-1,1,1,0.60,0.58
304038,109802,0.60,-59.1,-59.7,-0.86,4,7,1.59,0,0,0,0,0,-6,3,1034,1,1,38,38,0,0,0,3,-5,5,1,0.60,0.58
304046,109803,0.62,-58.1,-59.6,-0.88,4,6,2.36,0,0,0,0,0,-6,3,1034,1,1,38,38,0,0,0,3,-5,5,1,0.60,0.58
304052,109804,0.64,-59.1,-60.1,-0.92,4,7,1.13,0,0,0,0,0,-6,3,1034,1,1,38,38,0,0,0,3,-5,5,1,0.60,0.58
304114,109805,0.63,-59.1,-60.6,-0.86,4,7,2.13,0,0,0,0,0,-5,3,1033,1,1,38,38,0,0,0,1,2,2,1,0.62,0.59
304122,109806,0.63,-59.1,-59.8,-0.82,4,7,1.81,0,0,0,0,0,-5,3,1034,1,1,38,38,0,0,0,2,-1,1,1,0.63,0.59
304128,109807,0.53,-59.1,-59.6,-1.34,4,7,1.92,0,0,0,0,0,-5,3,1034,1,1,38,38,0,0,0,2,-1,1,1,0.63,0.59
304141,109808,0.55,-54.3,-56.1,-1.13,4,7,2.27,0,0,0,0,0,-5,3,1034,1,1,38,38,0,0,0,2,-1,1,1,0.63,0.59
304149,109809,0.64,-59.1,-59.7,-0.88,4,7,1.83,0,0,0,0,0,-6,3,1034,1,1,38,38,0,0,0,0,1,2,1,0.63,0.59
304185,109810,0.56,-58.1,-60.4,-0.92,4,7,2.03,0,0,0,0,0,-6,3,1034,1,1,38,38,0,0,0,0,1,2,1,0.56,0.59
304206,109811,0.53,-59.1,-60.3,-1.33,4,7,2.03,0,0,0,0,0,-6,4,1034,1,1,38,38,0,0,0,2,0,-1,1,0.55,0.59
304212,109812,0.52,-63.3,-63.6,-1.52,4,7,1.78,0,0,0,0,0,-5,2,1034,1,1,38,38,0,0,0,3,1,-1,1,0.55,0.59
304218,109813,0.58,-58.1,-60.0,-1.03,4,7,2.17,0,0,0,0,0,-4,3,1034,1,1,38,38,0,0,0,2,-2,2,1,0.56,0.59
304224,109814,0.62,-62.1,-63.9,-0.70,4,7,2.06,0,0,0,0,0,-4,3,1034,1,1,38,38,0,0,0,2,-2,2,1,0.56,0.59
304229,109815,0.64,-62.7,-63.4,-0.86,4,7,1.84,0,0,0,0,0,-4,3,1034,1,1,38,38,0,0,0,2,-2,2,1,0.58,0.59
304235,109816,0.62,-62.7,-63.6,-0.92,4,7,1.92,0,0,0,0,0,-4,3,1034,1,1,38,38,0,0,0,2,-2,2,1,0.62,0.59
304241,109817,0.59,-59.1,-60.6,-1.04,4,7,2.05,0,0,0,0,0,-5,3,1033,1,1,38,38,0,0,0,3,4,3,1,0.62,0.59
304247,109818,0.55,-58.1,-59.9,-0.82,4,7,2.16,0,0,0,0,0,-5,3,1033,1,1,38,38,0,0,0,3,4,3,1,0.62,0.59
304261,109819,0.57,-63.3,-64.1,-0.97,4,7,1.14,0,0,0,0,0,-5,3,1033,1,1,38,38,0,0,0,3,4,3,1,0.59,0.59
304269,109820,0.52,-62.7,-63.6,-1.37,4,7,1.89,0,0,0,0,0,-5,2,1033,1,1,38,38,0,0,0,1,1,1,1,0.57,0.59
304275,109821,0.53,-58.1,-59.8,-1.16,4,7,2.13,0,0,0,0,0,-5,2,1033,1,1,38,38,0,0,0,1,1,1,1,0.55,0.59
304280,109822,0.51,-59.1,-60.3,-1.21,4,7,2.19,0,0,0,0,0,-5,2,1035,1,1,38,38,0,0,0,1,4,4,1,0.53,0.58
304286,109823,0.59,-59.1,-60.4,-0.98,4,7,2.17,0,0,0,0,0,-5,2,1035,1,1,38,38,0,0,0,1,4,4,1,0.53,0.58
304292,109824,0.57,-59.1,-60.2,-0.85,4,7,2.27,0,0,0,0,0,-5,2,1035,1,1,38,38,0,0,0,1,4,4,1,0.53,0.58
304298,109825,0.59,-58.1,-59.9,-0.79,4,7,2.27,0,0,0,0,0,-5,2,1034,1,1,38,38,0,0,0,2,-2,1,1,0.57,0.58
304312,109826,0.60,-58.1,-59.8,-1.01,4,7,1.42,0,0,0,0,0,-5,2,1034,1,1,38,38,0,0,0,2,-2,1,1,0.59,0.58
304368,109827,0.59,-60.3,-60.3,-0.91,4,7,1.55,0,0,0,0,0,-6,4,1034,1,1,38,38,0,0,0,3,1,2,1,0.59,0.58
304427,109828,0.57,-59.1,-60.4,-0.88,4,7,2.19,0,0,0,0,0,-5,4,1034,1,1,38,38,0,0,0,-1,1,1,1,0.59,0.58
304433,109829,0.60,-58.1,-60.0,-0.83,4,7,2.28,0,0,0,0,0,-6,3,1035,1,1,38,38,0,0,0,4,-2,-1,1,0.59,0.58
304439,109830,0.63,-63.3,-63.9,-0.92,4,7,1.03,0,0,0,0,0,-5,3,1034,1,1,38,38,0,0,0,3,1,2,1,0.60,0.58
304444,109831,0.49,-62.1,-63.2,-1.51,4,7,2.23,0,0,0,0,0,-5,3,1034,1,1,38,38,0,0,0,3,1,2,1,0.59,0.58
304450,109832,0.59,-59.1,-60.2,-0.95,4,7,2.28,0,0,0,0,0,-5,3,1034,1,1,38,38,0,0,0,3,1,2,1,0.59,0.58
304507,109833,0.60,-59.1,-59.6,-1.00,4,7,1.64,0,0,0,0,0,-5,2,1034,1,1,38,38,0,0,0,0,0,1,1,0.60,0.58
304537,109834,0.60,-62.7,-63.8,-1.10,4,7,0.95,0,0,0,0,0,-5,3,1033,1,1,38,38,0,0,0,2,-1,1,1,0.60,0.58
304543,109835,0.60,-59.1,-60.3,-1.07,4,7,2.06,0,0,0,0,0,-6,2,1034,1,1,38,38,0,0,0,2,0,2,1,0.60,0.59
304549,109836,0.58,-59.1,-60.0,-1.01,4,7,2.23,0,0,0,0,0,-6,2,1034,1,1,38,38,0,0,0,2,0,2,1,0.60,0.59
304555,109837,0.61,-59.1,-60.2,-0.95,4,7,2.03,0,0,0,0,0,-6,2,1035,1,1,38,38,0,0,0,1,0,3,1,0.60,0.59
304561,109838,0.59,-63.3,-64.0,-1.39,4,7,1.86,0,0,0,0,0,-6,2,1035,1,1,38,38,0,0,0,1,0,3,1,0.60,0.59
304612,109839,0.53,-62.7,-63.9,-1.36,4,7,2.00,0,0,0,0,0,-6,2,1035,1,1,38,38,0,0,0,1,0,3,1,0.59,0.59
304648,109840,0.56,-59.1,-59.8,-1.00,4,7,2.00,0,0,0,0,0,-4,4,1033,1,1,38,38,0,0,0,1,1,0,1,0.58,0.59
304673,109841,0.59,-59.1,-59.9,-1.07,4,7,1.94,0,0,0,0,0,-7,2,1035,1,1,38,38,0,0,0,2,3,2,1,0.59,0.59
304708,109842,0.53,-59.1,-59.6,-1.16,4,7,1.84,0,0,0,0,0,-7,2,1036,1,1,38,38,0,0,0,-1,1,2,1,0.56,0.59
304714,109843,0.62,-60.3,-60.4,-0.95,4,7,1.73,0,0,0,0,0,-3,4,1033,1,1,38,38,0,0,0,4,-1,2,1,0.56,0.58
304720,109844,0.52,-59.1,-60.8,-1.16,4,7,2.19,0,0,0,0,0,-3,4,1033,1,1,38,38,0,0,0,4,-1,2,1,0.56,0.58
304726,109845,0.58,-59.1,-60.5,-0.80,4,7,2.06,0,0,0,0,0,-3,4,1033,1,1,38,38,0,0,0,4,-1,2,1,0.58,0.58
304747,109846,0.61,-59.1,-60.0,-1.03,4,7,1.98,0,0,0,0,0,-3,4,1033,1,1,38,38,0,0,0,4,-1,2,1,0.58,0.58
304772,109847,0.57,-54.3,-55.7,-1.12,4,6,2.38,0,0,0,0,0,-5,3,1034,1,1,38,38,0,0,0,4,0,1,1,0.58,0.58
304853,109848,0.60,-59.1,-59.8,-1.12,4,7,1.31,0,0,0,0,0,-6,3,1034,1,1,38,38,0,0,0,4,4,4,1,0.58,0.58
304881,109849,0.55,-62.1,-62.9,-1.04,4,7,1.78,0,0,0,0,0,-6,3,1034,1,1,38,38,0,0,0,1,0,1,1,0.58,0.58
304917,109850,0.54,-62.1,-63.0,-0.89,4,7,1.69,0,0,0,0,0,-4,3,1033,1,1,38,38,0,0,0,1,-1,-1,1,0.57,0.58
304923,109851,0.59,-59.1,-59.8,-0.88,4,7,1.58,0,0,0,0,0,-6,3,1035,1,1,38,38,0,0,0,3,0,0,1,0.57,0.58
304929,109852,0.55,-58.1,-59.4,-1.12,4,7,1.75,0,0,0,0,0,-6,3,1035,1,1,38,38,0,0,0,3,0,0,1,0.55,0.58
304935,109853,0.59,-63.3,-63.7,-1.30,4,7,1.44,0,0,0,0,0,-6,2,1034,1,1,38,38,0,0,0,-2,0,3,1,0.55,0.58
304948,109854,0.58,-62.7,-63.6,-1.16,4,7,1.80,0,0,0,0,0,-6,2,1034,1,1,38,38,0,0,0,-2,0,3,1,0.58,0.58
304956,109855,0.54,-63.3,-63.7,-1.34,4,7,1.63,0,0,0,0,0,-5,2,1034,1,1,38,38,0,0,0,4,1,2,1,0.58,0.58
304964,109856,0.57,-59.1,-59.8,-1.03,4,7,1.72,0,0,0,0,0,-5,2,1034,1,1,38,38,0,0,0,4,1,2,1,0.57,0.58
304970,109857,0.53,-63.3,-63.8,-1.61,4,7,1.50,0,0,0,0,0,-5,2,1034,1,1,38,38,0,0,0,4,1,2,1,0.57,0.58
304976,109858,0.55,-62.1,-62.9,-1.09,4,7,1.67,0,0,0,0,0,-5,3,1034,1,1,38,38,0,0,0,1,0,1,1,0.55,0.58
304982,109859,0.52,-58.1,-60.5,-0.97,4,7,2.14,0,0,0,0,0,-5,3,1034,1,1,38,38,0,0,0,1,0,1,1,0.54,0.58
304988,109860,0.58,-63.3,-63.7,-1.21,4,7,1.56,0,0,0,0,0,-5,3,1034,1,1,38,38,0,0,0,1,0,1,1,0.55,0.57
305016,109861,0.55,-59.1,-60.5,-1.19,4,7,2.17,0,0,0,0,0,-5,4,1034,1,1,38,38,0,0,0,3,1,2,1,0.55,0.57
305022,109862,0.56,-59.1,-60.5,-0.92,4,7,2.22,0,0,0,0,0,-5,4,1034,1,1,38,38,0,0,0,2,-1,-1,1,0.55,0.57
305028,109863,0.66,-62.7,-63.5,-0.70,4,7,1.92,0,0,0,0,0,-5,4,1034,1,1,38,38,0,0,0,2,-1,-1,1,0.56,0.57
305034,109864,0.62,-59.1,-60.0,-0.88,4,7,2.14,0,0,0,0,0,-6,3,1034,1,1,38,38,0,0,0,1,-1,4,1,0.58,0.57
305040,109865,0.58,-58.1,-59.8,-1.10,4,7,2.22,0,0,0,0,0,-6,3,1034,1,1,38,38,0,0,0,1,-1,4,1,0.58,0.57
305065,109866,0.49,-59.1,-60.2,-1.46,4,7,2.14,0,0,0,0,0,-6,3,1034,1,1,38,38,0,0,0,1,-1,4,1,0.58,0.57
305071,109867,0.58,-59.1,-60.3,-1.12,4,7,2.22,0,0,0,0,0,-5,3,1035,1,1,38,38,0,0,0,3,1,2,1,0.58,0.57
305077,109868,0.53,-63.3,-64.2,-1.48,4,7,1.17,0,0,0,0,0,-5,4,1032,1,1,38,38,0,0,0,5,3,0,1,0.58,0.57
305083,109869,0.65,-59.1,-60.0,-0.75,4,7,2.27,0,0,0,0,0,-5,4,1032,1,1,38,38,0,0,0,5,3,0,1,0.58,0.57
305089,109870,0.53,-58.1,-59.8,-1.13,4,7,2.30,0,0,0,0,0,-5,4,1032,1,1,38,38,0,0,0,5,3,0,1,0.53,0.57
305094,109871,0.53,-59.1,-60.3,-1.24,4,7,2.30,0,0,0,0,0,-5,3,1034,1,1,38,38,0,0,0,1,3,4,1,0.53,0.57
305114,109872,0.56,-59.1,-59.8,-0.89,4,7,1.88,0,0,0,0,0,-5,3,1034,1,1,38,38,0,0,0,1,3,4,1,0.53,0.57
305121,109873,0.50,-58.1,-59.4,-1.15,4,7,1.81,0,0,0,0,0,-4,2,1035,1,1,38,38,0,0,0,4,4,1,1,0.53,0.57
305161,109874,0.57,-59.1,-59.6,-1.03,4,7,1.75,0,0,0,0,0,-4,2,1035,1,1,38,38,0,0,0,4,4,1,1,0.53,0.57
305186,109875,0.53,-58.1,-60.2,-1.01,4,7,2.13,0,0,0,0,0,-5,5,1034,1,1,38,38,0,0,0,4,2,-1,1,0.53,0.56
305194,109876,0.58,-59.1,-59.6,-0.94,4,7,1.83,0,0,0,0,0,-5,1,1035,1,1,38,38,0,0,0,3,-3,0,1,0.56,0.56
305199,109877,0.58,-62.7,-63.5,-1.24,4,7,1.66,0,0,0,0,0,-5,1,1035,1,1,38,38,0,0,0,3,-3,0,1,0.57,0.56
305205,109878,0.53,-62.1,-62.8,-1.19,4,7,1.78,0,0,0,0,0,-5,1,1035,1,1,38,38,0,0,0,3,-3,0,1,0.57,0.56
305211,109879,0.57,-60.3,-60.3,-1.15,4,7,1.59,0,0,0,0,0,-5,2,1033,1,1,38,38,0,0,0,3,0,4,1,0.57,0.57
305217,109880,0.56,-59.1,-60.9,-0.77,4,7,2.02,0,0,0,0,0,-5,2,1033,1,1,38,38,0,0,0,3,0,4,1,0.57,0.57
305336,109881,0.52,-58.1,-60.4,-1.13,4,7,2.06,0,0,0,0,0,-5,2,1033,1,1,38,38,0,0,0,3,0,4,1,0.56,0.57
305366,109882,0.57,-58.1,-59.7,-1.10,4,6,2.41,0,0,0,0,0,-5,2,1033,1,1,38,38,0,0,0,2,0,5,1,0.56,0.57
305372,109883,0.63,-63.3,-63.7,-1.01,4,7,1.14,0,0,0,0,0,-5,3,1034,1,1,38,38,0,0,0,3,0,1,1,0.57,0.57
305378,109884,0.61,-62.7,-63.7,-0.86,4,6,2.39,0,0,0,0,0,-5,3,1034,1,1,38,38,0,0,0,3,0,1,1,0.57,0.57
305384,109885,0.55,-63.3,-63.9,-1.42,4,7,1.30,0,0,0,0,0,-5,3,1034,1,1,38,38,0,0,0,3,0,1,1,0.57,0.57
305390,109886,0.58,-54.3,-55.7,-0.76,4,7,1.56,0,0,0,0,0,-5,2,1034,1,1,38,38,0,0,0,4,0,3,1,0.58,0.57
305396,109887,0.53,-62.1,-63.2,-1.16,4,7,1.48,0,0,0,0,0,-5,2,1034,1,1,38,38,0,0,0,4,0,3,1,0.58,0.57
305424,109888,0.60,-59.1,-59.6,-1.04,4,7,1.69,0,0,0,0,0,-5,2,1034,1,1,38,38,0,0,0,4,0,3,1,0.58,0.57
305432,109889,0.63,-60.3,-60.3,-0.89,4,7,1.41,0,0,0,0,0,-5,4,1034,1,1,38,38,0,0,0,0,-1,2,1,0.58,0.57
305468,109890,0.57,-59.1,-59.6,-1.15,4,7,1.31,0,0,0,0,0,-5,4,1034,1,1,38,38,0,0,0,0,-1,2,1,0.58,0.57
305487,109891,0.57,-59.1,-60.1,-1.16,4,7,2.22,0,0,0,0,0,-5,2,1034,1,1,38,38,0,0,0,0,0,3,1,0.57,0.57
305493,109892,0.57,-58.1,-59.8,-1.09,4,6,2.36,0,0,0,0,0,-5,3,1034,1,1,38,38,0,0,0,4,2,1,1,0.57,0.57
305499,109893,0.54,-58.1,-59.8,-1.27,4,7,2.30,0,0,0,0,0,-5,3,1034,1,1,38,38,0,0,0,4,2,1,1,0.57,0.57
305505,109894,0.58,-59.1,-60.2,-1.04,4,7,2.28,0,0,0,0,0,-5,3,1034,1,1,38,38,0,0,0,4,2,1,1,0.57,0.57
305511,109895,0.60,-58.1,-59.8,-0.92,4,7,1.33,0,0,0,0,0,-4,4,1033,1,1,38,38,0,0,0,1,1,0,1,0.57,0.57
305517,109896,0.58,-54.3,-55.5,-1.06,4,7,1.39,0,0,0,0,0,-4,4,1033,1,1,38,38,0,0,0,1,1,0,1,0.58,0.57
305523,109897,0.64,-62.7,-63.4,-0.82,4,7,2.23,0,0,0,0,0,-4,4,1033,1,1,38,38,0,0,0,1,1,0,1,0.58,0.57
305579,109898,0.62,-60.3,-60.4,-0.82,4,7,1.61,0,0,0,0,0,-5,2,1034,1,1,38,38,0,0,0,1,1,2,1,0.60,0.57
305604,109899,0.65,-62.7,-63.4,-0.75,4,7,1.73,0,0,0,0,0,-6,2,1034,1,1,38,38,0,0,0,6,1,1,1,0.62,0.58
305694,109900,0.43,-58.1,-60.1,-1.45,4,7,2.28,0,0,0,0,0,-5,4,1035,1,1,38,38,0,0,0,2,-2,4,1,0.62,0.58
305719,109901,0.58,-59.1,-59.7,-0.86,4,7,1.88,0,0,0,0,0,-6,3,1033,1,1,38,38,0,0,0,2,0,1,1,0.62,0.58
305725,109902,0.57,-58.1,-60.4,-0.83,4,7,2.06,0,0,0,0,0,-5,4,1033,1,1,38,38,0,0,0,2,5,1,1,0.58,0.58
305731,109903,0.63,-63.3,-63.7,-0.88,4,7,1.78,0,0,0,0,0,-3,3,1033,1,1,38,38,0,0,0,2,3,3,1,0.58,0.58
305737,109904,0.53,-62.1,-63.0,-1.56,4,7,1.84,0,0,0,0,0,-3,3,1033,1,1,38,38,0,0,0,2,3,3,1,0.57,0.58
305744,109905,0.55,-59.1,-59.5,-1.13,4,7,1.88,0,0,0,0,0,-3,3,1033,1,1,38,38,0,0,0,2,3,3,1,0.57,0.58
305750,109906,0.52,-59.1,-59.5,-1.19,4,7,1.83,0,0,0,0,0,-5,2,1034,1,1,38,38,0,0,0,4,-1,1,1,0.55,0.58
305756,109907,0.59,-60.3,-60.1,-1.24,4,7,1.63,0,0,0,0,0,-5,2,1034,1,1,38,38,0,0,0,4,-1,1,1,0.55,0.58
305762,109908,0.54,-58.1,-59.5,-1.10,4,7,1.89,0,0,0,0,0,-5,2,1034,1,1,38,38,0,0,0,4,-1,1,1,0.54,0.57
305768,109909,0.59,-59.1,-60.0,-1.06,4,7,1.72,0,0,0,0,0,-5,3,1035,1,1,38,38,0,0,0,4,0,2,1,0.55,0.57
305774,109910,0.56,-62.1,-63.0,-1.09,4,7,1.89,0,0,0,0,0,-5,3,1035,1,1,38,38,0,0,0,4,0,2,1,0.56,0.57
305780,109911,0.60,-59.1,-59.6,-0.95,4,7,1.88,0,0,0,0,0,-5,3,1035,1,1,38,38,0,0,0,4,0,2,1,0.59,0.57
305786,109912,0.57,-59.1,-59.8,-1.09,4,7,1.80,0,0,0,0,0,-5,3,1035,1,1,38,38,0,0,0,4,0,2,1,0.57,0.57
305792,109913,0.59,-59.1,-60.0,-1.01,4,7,1.73,0,0,0,0,0,-5,2,1034,1,1,38,38,0,0,0,2,-1,1,1,0.59,0.57
305798,109914,0.60,-59.1,-59.7,-0.94,4,7,1.92,0,0,0,0,0,-5,2,1034,1,1,38,38,0,0,0,2,-1,1,1,0.59,0.58
305804,109915,0.56,-59.1,-59.8,-1.27,4,7,1.92,0,0,0,0,0,-5,2,1034,1,1,38,38,0,0,0,2,-1,1,1,0.59,0.58
305810,109916,0.58,-62.7,-63.7,-1.00,4,7,1.84,0,0,0,0,0,-6,3,1034,1,1,38,38,0,0,0,2,-1,3,1,0.58,0.58
305818,109917,0.53,-63.3,-63.9,-1.27,4,7,1.72,0,0,0,0,0,-6,3,1034,1,1,38,38,0,0,0,2,-1,3,1,0.58,0.58
305897,109918,0.54,-59.1,-59.8,-1.15,4,7,1.92,0,0,0,0,0,-6,3,1034,1,1,38,38,0,0,0,2,-1,3,1,0.56,0.58
305927,109919,0.52,-54.3,-55.6,-1.06,4,6,2.72,0,0,0,0,0,-5,2,1034,1,1,38,38,0,0,0,0,-1,2,1,0.54,0.57
305983,109920,0.57,-58.1,-60.3,-0.94,4,7,2.02,0,0,0,0,0,-6,3,1035,1,1,38,38,0,0,0,3,3,0,1,0.54,0.57
305989,109921,0.59,-59.1,-59.6,-0.82,4,7,1.81,0,0,0,0,0,-5,2,1035,1,1,38,38,0,0,0,2,0,-1,1,0.54,0.57
306008,109922,0.60,-62.1,-63.1,-0.97,4,7,1.63,0,0,0,0,0,-5,2,1035,1,1,38,38,0,0,0,2,0,-1,1,0.57,0.57
306033,109923,0.51,-59.1,-59.7,-1.34,4,7,1.64,0,0,0,0,0,-5,3,1034,1,1,38,38,0,0,0,4,-1,0,1,0.57,0.57
306039,109924,0.60,-60.3,-60.4,-1.01,4,7,1.38,0,0,0,0,0,-5,5,1034,1,1,38,38,0,0,0,3,-1,1,1,0.59,0.57
306045,109925,0.58,-59.1,-59.7,-0.88,4,7,1.88,0,0,0,0,0,-5,5,1034,1,1,38,38,0,0,0,3,-1,1,1,0.59,0.57
306051,109926,0.54,-58.1,-59.2,-1.40,4,7,1.59,0,0,0,0,0,-5,3,1035,1,1,38,38,0,0,0,1,2,2,1,0.58,0.57
306059,109927,0.56,-59.1,-60.0,-1.16,4,7,1.34,0,0,0,0,0,-5,3,1035,1,1,38,38,0,0,0,1,2,2,1,0.56,0.57
306067,109928,0.61,-58.1,-59.8,-0.92,4,7,1.41,0,0,0,0,0,-5,3,1035,1,1,38,38,0,0,0,1,2,2,1,0.58,0.57
306074,109929,0.56,-59.1,-60.2,-0.97,4,7,2.20,0,0,0,0,0,-5,1,1034,1,1,38,38,0,0,0,4,0,2,1,0.56,0.57
306082,109930,0.63,-60.3,-60.3,-1.04,4,7,1.80,0,0,0,0,0,-5,1,1034,1,1,38,38,0,0,0,4,0,2,1,0.56,0.57
306105,109931,0.53,-61.6,-63.4,-1.13,4,7,2.22,0,0,0,0,0,-6,3,1036,1,1,38,38,0,0,0,0,2,-1,1,0.56,0.57
306113,109932,0.62,-59.1,-60.1,-0.98,4,7,1.55,0,0,0,0,0,-6,4,1035,1,1,38,38,0,0,0,4,-2,0,1,0.61,0.57
306126,109933,0.61,-59.1,-60.2,-0.95,4,7,2.14,0,0,0,0,0,-6,4,1035,1,1,38,38,0,0,0,4,-2,0,1,0.61,0.58
306132,109934,0.54,-54.3,-55.7,-1.12,4,7,2.33,0,0,0,0,0,-4,3,1034,1,1,38,38,0,0,0,4,0,2,1,0.61,0.58
306140,109935,0.50,-61.6,-63.5,-1.22,4,7,2.19,0,0,0,0,0,-4,3,1034,1,1,38,38,0,0,0,4,0,2,1,0.54,0.58
306146,109936,0.57,-58.1,-60.3,-1.09,4,7,2.05,0,0,0,0,0,-5,3,1035,1,1,38,38,0,0,0,2,1,2,1,0.57,0.58
306154,109937,0.65,-59.1,-59.8,-0.76,4,7,1.72,0,0,0,0,0,-5,3,1035,1,1,38,38,0,0,0,2,1,2,1,0.57,0.58
306162,109938,0.47,-58.1,-60.6,-1.04,4,7,2.14,0,0,0,0,0,-5,3,1035,1,1,38,38,0,0,0,2,1,2,1,0.54,0.57
306168,109939,0.67,-59.1,-60.0,-0.75,4,7,1.47,0,0,0,0,0,-5,3,1035,1,1,38,38,0,0,0,2,0,1,1,0.57,0.57
306174,109940,0.54,-62.1,-62.9,-1.04,4,7,1.75,0,0,0,0,0,-5,3,1035,1,1,38,38,0,0,0,2,0,1,1,0.57,0.57
306187,109941,0.55,-59.1,-59.7,-1.16,4,7,1.95,0,0,0,0,0,-5,3,1035,1,1,38,38,0,0,0,2,0,1,1,0.55,0.57
306249,109942,0.61,-62.7,-63.5,-1.00,4,7,1.72,0,0,0,0,0,-6,4,1035,1,1,38,38,0,0,0,0,2,1,1,0.55,0.57
306255,109943,0.58,-60.3,-60.4,-0.95,4,7,1.70,0,0,0,0,0,-5,3,1034,1,1,38,38,0,0,0,2,-2,3,1,0.58,0.57
306261,109944,0.53,-58.1,-60.7,-1.01,4,7,2.08,0,0,0,0,0,-5,3,1034,1,1,38,38,0,0,0,2,-2,3,1,0.55,0.57
306291,109945,0.68,-59.1,-59.8,-0.60,4,7,2.25,0,0,0,0,0,-4,3,1034,1,1,38,38,0,0,0,1,-2,0,1,0.58,0.57
306297,109946,0.53,-62.1,-62.9,-1.09,4,7,1.44,0,0,0,0,0,-5,3,1034,1,1,38,38,0,0,0,2,1,0,1,0.58,0.57
306303,109947,0.51,-63.3,-63.9,-1.34,4,6,2.39,0,0,0,0,0,-5,3,1034,1,1,38,38,0,0,0,2,1,0,1,0.53,0.57
306333,109948,0.61,-62.7,-63.6,-1.09,4,7,1.75,0,0,0,0,0,-3,2,1034,1,1,38,38,0,0,0,3,0,4,1,0.53,0.57
306339,109949,0.59,-60.3,-60.4,-1.21,4,7,1.69,0,0,0,0,0,-4,3,1034,1,1,38,38,0,0,0,4,1,-1,1,0.59,0.57
306345,109950,0.55,-58.1,-60.0,-0.89,4,7,2.27,0,0,0,0,0,-6,3,1035,1,1,38,38,0,0,0,3,-1,-2,1,0.55,0.57
306351,109951,0.59,-62.7,-63.6,-1.13,4,7,1.78,0,0,0,0,0,-6,3,1035,1,1,38,38,0,0,0,3,-1,-2,1,0.59,0.57
306357,109952,0.62,-62.7,-63.6,-0.79,4,7,1.83,0,0,0,0,0,-6,3,1035,1,1,38,38,0,0,0,3,-1,-2,1,0.59,0.57
306547,109953,0.65,-62.7,-63.4,-0.70,4,7,2.33,0,0,0,0,0,-6,3,1035,1,1,38,38,0,0,0,3,-1,-2,1,0.59,0.57
306566,109954,0.61,-59.1,-59.9,-1.00,4,7,1.83,0,0,0,0,0,-5,4,1035,1,1,38,38,0,0,0,1,2,5,1,0.61,0.57
306574,109955,0.57,-58.1,-59.3,-0.86,4,7,1.81,0,0,0,0,0,-5,3,1035,1,1,38,38,0,0,0,1,3,1,1,0.61,0.58
306581,109956,0.54,-60.3,-60.3,-1.28,4,7,1.47,0,0,0,0,0,-5,3,1035,1,1,38,38,0,0,0,1,3,1,1,0.61,0.58
306617,109957,0.53,-58.1,-60.8,-0.91,4,7,2.05,0,0,0,0,0,-6,2,1032,1,1,38,38,0,0,0,-1,2,3,1,0.57,0.58
306623,109958,0.55,-59.1,-59.4,-1.42,4,7,1.48,0,0,0,0,0,-6,3,1034,1,1,38,38,0,0,0,5,2,3,1,0.55,0.58
306629,109959,0.57,-59.1,-59.8,-0.92,4,7,1.56,0,0,0,0,0,-6,3,1034,1,1,38,38,0,0,0,5,2,3,1,0.55,0.57
306645,109960,0.52,-63.3,-64.0,-1.55,4,7,2.30,0,0,0,0,0,-6,3,1034,1,1,38,38,0,0,0,5,2,3,1,0.54,0.57
306651,109961,0.58,-62.1,-63.3,-0.82,4,6,2.55,0,0,0,0,0,-5,3,1034,1,1,38,38,0,0,0,4,-1,5,1,0.55,0.57
306657,109962,0.66,-60.3,-60.4,-1.00,4,7,1.19,0,0,0,0,0,-5,3,1034,1,1,38,38,0,0,0,4,-1,5,1,0.57,0.57
306676,109963,0.66,-62.7,-63.7,-0.85,4,7,1.94,0,0,0,0,0,-5,4,1034,1,1,38,38,0,0,0,4,2,2,1,0.58,0.57
306706,109964,0.56,-59.1,-59.6,-1.31,4,7,1.63,0,0,0,0,0,-5,4,1035,1,1,38,38,0,0,0,2,-3,4,1,0.58,0.57
306712,109965,0.57,-60.3,-60.3,-1.16,4,7,1.38,0,0,0,0,0,-5,3,1034,1,1,38,38,0,0,0,2,1,3,1,0.58,0.57
306718,109966,0.62,-59.1,-59.6,-1.09,4,7,1.50,0,0,0,0,0,-5,3,1034,1,1,38,38,0,0,0,2,1,3,1,0.62,0.58
306724,109967,0.53,-62.1,-62.8,-1.40,4,7,1.70,0,0,0,0,0,-6,3,1035,1,1,38,38,0,0,0,0,-2,2,1,0.57,0.58
306730,109968,0.60,-60.3,-60.1,-0.80,4,7,1.58,0,0,0,0,0,-6,3,1035,1,1,38,38,0,0,0,0,-2,2,1,0.57,0.58
306736,109969,0.63,-59.1,-59.8,-0.82,4,7,1.66,0,0,0,0,0,-6,3,1035,1,1,38,38,0,0,0,0,-2,2,1,0.60,0.58
306742,109970,0.53,-59.1,-59.7,-1.03,4,7,1.81,0,0,0,0,0,-6,2,1035,1,1,38,38,0,0,0,1,4,2,1,0.60,0.58
306747,109971,0.52,-61.6,-63.7,-1.06,4,7,2.08,0,0,0,0,0,-6,2,1035,1,1,38,38,0,0,0,1,4,2,1,0.53,0.58
306753,109972,0.60,-63.3,-63.6,-1.10,4,7,1.70,0,0,0,0,0,-6,2,1035,1,1,38,38,0,0,0,1,4,2,1,0.60,0.58
306759,109973,0.54,-59.1,-59.9,-1.27,4,7,1.67,0,0,0,0,0,-6,2,1035,1,1,38,38,0,0,0,1,4,2,1,0.54,0.58
306765,109974,0.52,-58.1,-60.1,-0.94,4,7,2.25,0,0,0,0,0,-6,3,1034,1,1,38,38,0,0,0,3,2,2,1,0.53,0.57
306786,109975,0.53,-59.1,-59.7,-1.43,4,7,2.00,0,0,0,0,0,-6,3,1034,1,1,38,38,0,0,0,3,2,2,1,0.53,0.57
306792,109976,0.62,-62.7,-63.6,-0.67,4,7,1.94,0,0,0,0,0,-5,3,1033,1,1,38,38,0,0,0,6,1,-1,1,0.54,0.57
306798,109977,0.55,-58.1,-59.7,-0.97,4,6,2.42,0,0,0,0,0,-5,3,1033,1,1,38,38,0,0,0,6,1,-1,1,0.54,0.57
306804,109978,0.60,-58.1,-59.8,-1.01,4,7,2.14,0,0,0,0,0,-5,3,1033,1,1,38,38,0,0,0,2,1,1,1,0.55,0.57
306810,109979,0.58,-59.1,-60.0,-1.15,4,7,2.14,0,0,0,0,0,-5,3,1033,1,1,38,38,0,0,0,2,1,1,1,0.58,0.57
306816,109980,0.56,-59.1,-60.0,-0.98,4,7,2.20,0,0,0,0,0,-5,3,1033,1,1,38,38,0,0,0,2,1,1,1,0.58,0.57
306822,109981,0.58,-62.7,-63.8,-1.16,4,7,1.19,0,0,0,0,0,-6,5,1035,1,1,38,38,0,0,0,2,1,3,1,0.58,0.57
306847,109982,0.62,-59.1,-60.3,-0.79,4,7,2.31,0,0,0,0,0,-6,5,1035,1,1,38,38,0,0,0,2,1,3,1,0.58,0.57
306855,109983,0.53,-58.1,-60.0,-1.33,4,7,2.20,0,0,0,0,0,-6,3,1034,1,1,38,38,0,0,0,1,0,1,1,0.58,0.57
306885,109984,0.63,-59.1,-59.5,-0.83,4,7,1.55,0,0,0,0,0,-6,3,1033,1,1,38,38,0,0,0,1,-2,1,1,0.58,0.57
306891,109985,0.59,-59.1,-59.7,-1.34,4,7,1.39,0,0,0,0,0,-4,3,1034,1,1,38,38,0,0,0,3,0,2,1,0.59,0.57
306897,109986,0.57,-62.1,-62.9,-1.07,4,7,1.70,0,0,0,0,0,-4,3,1034,1,1,38,38,0,0,0,3,0,2,1,0.59,0.57
306903,109987,0.58,-60.3,-60.2,-1.10,4,7,1.48,0,0,0,0,0,-5,4,1034,1,1,38,38,0,0,0,2,-2,2,1,0.58,0.57
306948,109988,0.60,-59.1,-60.0,-0.92,4,7,2.33,0,0,0,0,0,-5,4,1034,1,1,38,38,0,0,0,2,-2,2,1,0.59,0.57
306989,109989,0.62,-62.1,-62.9,-0.82,4,6,2.63,0,0,0,0,0,-6,3,1034,1,1,38,38,0,0,0,3,1,2,1,0.59,0.58
306997,109990,0.54,-63.3,-64.1,-1.56,4,7,2.28,0,0,0,0,0,-5,2,1035,1,1,38,38,0,0,0,5,0,1,1,0.58,0.58
307005,109991,0.58,-59.1,-60.0,-0.98,4,7,2.11,0,0,0,0,0,-5,2,1034,1,1,38,38,0,0,0,1,1,3,1,0.58,0.58
307013,109992,0.57,-59.1,-60.2,-1.10,4,7,2.13,0,0,0,0,0,-5,2,1034,1,1,38,38,0,0,0,1,1,3,1,0.58,0.58
307038,109993,0.57,-58.1,-60.1,-0.95,4,7,2.27,0,0,0,0,0,-5,2,1034,1,1,38,38,0,0,0,1,1,3,1,0.57,0.58
307105,109994,0.55,-58.1,-60.2,-0.98,4,6,2.80,0,0,0,0,0,-5,3,1034,1,1,38,38,0,0,0,2,2,1,1,0.57,0.58
307124,109995,0.61,-59.1,-59.7,-1.09,4,7,1.94,0,0,0,0,0,-4,4,1034,1,1,38,38,0,0,0,1,3,-2,1,0.57,0.58
307130,109996,0.53,-58.1,-59.7,-1.53,4,7,2.20,0,0,0,0,0,-5,2,1035,1,1,38,38,0,0,0,3,0,-2,1,0.57,0.58
307161,109997,0.58,-62.1,-63.2,-0.92,4,6,2.80,0,0,0,0,0,-5,2,1035,1,1,38,38,0,0,0,3,0,-2,1,0.57,0.58
307167,109998,0.57,-63.3,-63.7,-1.42,4,7,1.42,0,0,0,0,0,-5,4,1033,1,1,38,38,0,0,0,-1,-2,3,1,0.57,0.58
307173,109999,0.60,-60.3,-60.3,-1.00,4,7,1.34,0,0,0,0,0,-5,4,1033,1,1,38,38,0,0,0,-1,-2,3,1,0.58,0.58
307194,110000,0.55,-62.7,-63.4,-1.15,4,7,1.70,0,0,0,0,0,-5,4,1033,1,1,38,38,0,0,0,-1,2,2,1,0.57,0.58
307200,110001,0.53,-62.1,-62.7,-1.53,4,7,1.78,0,0,0,0,0,-6,3,1034,1,1,38,38,0,0,0,2,4,0,1,0.57,0.58
307205,110002,0.60,-59.1,-60.0,-1.15,4,7,1.66,0,0,0,0,0,-6,3,1034,1,1,38,38,0,0,0,2,4,0,1,0.57,0.58
307211,110003,0.53,-58.1,-60.1,-0.83,4,7,2.22,0,0,0,0,0,-6,3,1034,1,1,38,38,0,0,0,2,4,0,1,0.55,0.57
307217,110004,0.60,-62.7,-63.5,-1.06,4,7,1.80,0,0,0,0,0,-6,3,1034,1,1,38,38,0,0,0,2,4,0,1,0.55,0.57
307223,110005,0.60,-60.3,-60.3,-1.16,4,7,1.72,0,0,0,0,0,-5,2,1035,1,1,38,38,0,0,0,3,1,2,1,0.60,0.57
307259,110006,0.56,-58.1,-60.7,-0.91,4,7,2.05,0,0,0,0,0,-5,2,1035,1,1,38,38,0,0,0,3,1,2,1,0.60,0.58
307284,110007,0.56,-60.3,-60.2,-1.15,4,7,1.69,0,0,0,0,0,-6,4,1033,1,1,38,38,0,0,0,2,-1,2,1,0.56,0.58
307329,110008,0.59,-62.1,-62.9,-0.85,4,7,1.50,0,0,0,0,0,-6,3,1034,1,1,38,38,0,0,0,1,-1,0,1,0.59,0.58
307335,110009,0.52,-62.1,-63.1,-1.30,4,7,1.64,0,0,0,0,0,-5,3,1035,1,1,38,38,0,0,0,2,1,2,1,0.56,0.58
307371,110010,0.60,-62.7,-63.6,-0.98,4,7,1.30,0,0,0,0,0,-6,3,1034,1,1,38,38,0,0,0,5,-1,2,1,0.56,0.57
307424,110011,0.56,-62.1,-62.9,-0.89,4,7,1.55,0,0,0,0,0,-5,3,1034,1,1,38,38,0,0,0,3,2,-1,1,0.56,0.57
307430,110012,0.56,-58.1,-59.4,-0.92,4,7,1.63,0,0,0,0,0,-5,3,1034,1,1,38,38,0,0,0,2,-2,4,1,0.56,0.57
307436,110013,0.62,-59.1,-59.7,-0.91,4,7,1.47,0,0,0,0,0,-5,3,1034,1,1,38,38,0,0,0,2,-2,4,1,0.56,0.57
307442,110014,0.55,-62.1,-63.2,-0.92,4,6,2.69,0,0,0,0,0,-5,4,1033,1,1,38,38,0,0,0,3,1,5,1,0.56,0.57
307504,110015,0.67,-59.1,-59.9,-0.75,4,7,1.42,0,0,0,0,0,-5,4,1033,1,1,38,38,0,0,0,3,1,5,1,0.56,0.57
307579,110016,0.63,-58.1,-59.4,-0.82,4,6,2.38,0,0,0,0,0,-5,2,1035,1,1,38,38,0,0,0,1,2,0,1,0.62,0.57
307669,110017,0.64,-62.7,-63.7,-0.89,4,7,1.22,0,0,0,0,0,-5,1,1035,1,1,38,38,0,0,0,1,2,0,1,0.63,0.58
307677,110018,0.57,-63.3,-64.0,-1.52,4,7,1.88,0,0,0,0,0,-6,2,1035,1,1,38,38,0,0,0,3,2,2,1,0.63,0.58
307685,110019,0.59,-59.1,-59.8,-1.21,4,7,1.83,0,0,0,0,0,-5,3,1034,1,1,38,38,0,0,0,3,3,2,1,0.63,0.58
307730,110020,0.58,-62.1,-63.1,-1.10,4,7,1.70,0,0,0,0,0,-5,3,1034,1,1,38,38,0,0,0,3,3,2,1,0.59,0.58
307736,110021,0.60,-62.1,-62.9,-0.57,4,7,1.64,0,0,0,0,0,-6,2,1034,1,1,38,38,0,0,0,1,1,1,1,0.59,0.58
307742,110022,0.54,-58.1,-60.6,-0.89,4,7,2.02,0,0,0,0,0,-6,2,1034,1,1,38,38,0,0,0,1,1,1,1,0.58,0.58
307748,110023,0.54,-54.3,-55.2,-1.03,4,7,1.95,0,0,0,0,0,-6,2,1034,1,1,38,38,0,0,0,1,1,1,1,0.58,0.58
307778,110024,0.66,-62.7,-63.7,-0.86,4,7,1.92,0,0,0,0,0,-6,2,1034,1,1,38,38,0,0,0,1,1,1,1,0.58,0.58
307792,110025,0.60,-59.1,-60.1,-0.92,4,7,1.25,0,0,0,0,0,-6,3,1034,1,1,38,38,0,0,0,2,4,3,1,0.60,0.58
307800,110026,0.62,-58.1,-59.7,-0.86,4,7,2.23,0,0,0,0,0,-6,3,1034,1,1,38,38,0,0,0,4,1,3,1,0.60,0.58
307805,110027,0.59,-54.3,-55.8,-0.82,4,6,2.42,0,0,0,0,0,-6,3,1034,1,1,38,38,0,0,0,4,1,3,1,0.60,0.59
307868,110028,0.61,-62.7,-63.7,-0.79,4,7,1.92,0,0,0,0,0,-6,3,1034,1,1,38,38,0,0,0,4,1,3,1,0.61,0.59
307881,110029,0.59,-59.1,-59.7,-1.03,4,7,2.31,0,0,0,0,0,-5,4,1035,1,1,38,38,0,0,0,6,2,3,1,0.60,0.59
307889,110030,0.59,-58.1,-59.9,-0.67,4,7,2.25,0,0,0,0,0,-7,1,1034,1,1,38,38,0,0,0,5,0,0,1,0.59,0.59
307897,110031,0.63,-62.7,-63.5,-0.95,4,7,1.80,0,0,0,0,0,-7,3,1035,1,1,38,38,0,0,0,3,1,3,1,0.59,0.59
307903,110032,0.58,-59.1,-59.9,-0.95,4,7,1.86,0,0,0,0,0,-7,3,1035,1,1,38,38,0,0,0,3,1,3,1,0.59,0.59
307910,110033,0.65,-60.3,-60.3,-0.82,4,7,1.56,0,0,0,0,0,-7,3,1035,1,1,38,38,0,0,0,3,1,3,1,0.59,0.59
307916,110034,0.53,-61.6,-63.8,-1.10,4,7,2.05,0,0,0,0,0,-5,3,1033,1,1,38,38,0,0,0,2,1,4,1,0.59,0.59
307930,110035,0.57,-61.6,-63.3,-1.00,4,7,2.20,0,0,0,0,0,-5,3,1033,1,1,38,38,0,0,0,2,1,4,1,0.58,0.59
307949,110036,0.46,-58.1,-60.5,-1.48,4,7,2.16,0,0,0,0,0,-5,4,1033,1,1,38,38,0,0,0,2,0,3,1,0.57,0.59
307957,110037,0.55,-58.1,-59.5,-1.10,4,7,1.56,0,0,0,0,0,-4,4,1035,1,1,38,38,0,0,0,6,0,1,1,0.55,0.59
307963,110038,0.51,-58.1,-59.3,-1.01,4,7,2.00,0,0,0,0,0,-4,4,1035,1,1,38,38,0,0,0,6,0,1,1,0.53,0.58
308002,110039,0.53,-58.1,-59.4,-0.92,4,7,1.89,0,0,0,0,0,-4,4,1035,1,1,38,38,0,0,0,6,0,1,1,0.53,0.58
308008,110040,0.59,-59.1,-59.6,-1.07,4,7,1.69,0,0,0,0,0,-6,3,1035,1,1,38,38,0,0,0,2,3,0,1,0.53,0.58
308014,110041,0.53,-54.3,-55.2,-0.89,4,7,1.91,0,0,0,0,0,-4,4,1034,1,1,38,38,0,0,0,2,2,2,1,0.53,0.57
308020,110042,0.53,-62.1,-62.9,-1.25,4,7,1.80,0,0,0,0,0,-4,4,1034,1,1,38,38,0,0,0,2,2,2,1,0.53,0.57
308028,110043,0.64,-58.1,-59.3,-0.69,4,7,1.66,0,0,0,0,0,-4,4,1034,1,1,38,38,0,0,0,2,2,2,1,0.53,0.57
308053,110044,0.63,-60.3,-60.2,-0.79,4,7,1.41,0,0,0,0,0,-5,4,1034,1,1,38,38,0,0,0,4,0,-1,1,0.59,0.57
308199,110045,0.52,-58.1,-60.6,-1.09,4,7,2.13,0,0,0,0,0,-4,4,1034,1,1,38,38,0,0,0,3,-1,1,1,0.53,0.57
308207,110046,0.50,-58.1,-61.3,-0.82,4,6,3.02,0,0,0,0,0,-5,3,1034,1,1,38,38,0,0,0,1,1,0,1,0.53,0.57
308213,110047,0.51,-54.3,-55.7,-1.36,4,7,1.58,0,0,0,0,0,-5,4,1034,1,1,38,38,0,0,0,4,2,2,1,0.52,0.56
308232,110048,0.50,-62.1,-63.6,-1.37,4,7,2.11,0,0,0,0,0,-5,4,1034,1,1,38,38,0,0,0,4,2,2,1,0.51,0.56
308245,110049,0.58,-58.1,-59.6,-1.03,4,6,2.44,0,0,0,0,0,-6,3,1035,1,1,38,38,0,0,0,0,1,1,1,0.51,0.56
308253,110050,0.58,-62.7,-63.9,-1.24,4,7,1.17,0,0,0,0,0,-6,3,1035,1,1,38,38,0,0,0,0,1,1,1,0.51,0.56
308304,110051,0.63,-59.1,-59.8,-1.07,4,7,1.95,0,0,0,0,0,-5,3,1034,1,1,38,38,0,0,0,2,-1,2,1,0.58,0.56
308312,110052,0.61,-63.3,-63.6,-1.10,4,7,1.84,0,0,0,0,0,-5,2,1034,1,1,38,38,0,0,0,3,3,0,1,0.58,0.56
308318,110053,0.59,-59.1,-60.4,-0.98,4,7,2.02,0,0,0,0,0,-5,3,1033,1,1,38,38,0,0,0,4,0,-1,1,0.59,0.56
308326,110054,0.56,-59.1,-59.9,-1.10,4,7,1.72,0,0,0,0,0,-5,3,1033,1,1,38,38,0,0,0,4,0,-1,1,0.59,0.56
308333,110055,0.61,-59.1,-59.3,-0.97,4,7,1.56,0,0,0,0,0,-5,3,1033,1,1,38,38,0,0,0,4,0,2,1,0.61,0.56
308341,110056,0.53,-58.1,-59.6,-1.18,4,7,1.86,0,0,0,0,0,-5,3,1034,1,1,38,38,0,0,0,3,2,2,1,0.59,0.57
308349,110057,0.58,-63.3,-63.9,-1.00,4,7,1.27,0,0,0,0,0,-5,3,1034,1,1,38,38,0,0,0,3,2,2,1,0.58,0.57
308355,110058,0.64,-58.1,-59.6,-0.76,4,6,2.38,0,0,0,0,0,-6,4,1033,1,1,38,38,0,0,0,1,0,4,1,0.58,0.57
308456,110059,0.50,-54.3,-56.0,-1.13,4,6,2.36,0,0,0,0,0,-6,4,1033,1,1,38,38,0,0,0,1,0,4,1,0.58,0.57
308464,110060,0.61,-59.1,-59.6,-0.82,4,7,1.86,0,0,0,0,0,-4,4,1033,1,1,38,38,0,0,0,3,1,3,1,0.58,0.57
308470,110061,0.56,-58.1,-60.1,-0.94,4,7,2.13,0,0,0,0,0,-4,4,1033,1,1,38,38,0,0,0,3,1,3,1,0.58,0.57
308476,110062,0.53,-62.1,-63.0,-1.52,4,7,1.84,0,0,0,0,0,-5,4,1034,1,1,38,38,0,0,0,6,-2,2,1,0.56,0.57
308501,110063,0.52,-58.1,-60.0,-1.12,4,7,2.27,0,0,0,0,0,-5,4,1034,1,1,38,38,0,0,0,6,-2,2,1,0.53,0.57
308602,110064,0.52,-58.1,-60.7,-1.03,4,7,2.13,0,0,0,0,0,-7,3,1035,1,1,38,38,0,0,0,5,2,1,1,0.53,0.56
308608,110065,0.58,-59.1,-59.8,-0.92,4,7,1.41,0,0,0,0,0,-5,3,1034,1,1,38,38,0,0,0,1,-1,5,1,0.53,0.56
308650,110066,0.60,-63.3,-63.7,-1.01,4,7,1.75,0,0,0,0,0,-5,2,1034,1,1,38,38,0,0,0,7,-2,3,1,0.53,0.56
308656,110067,0.61,-60.3,-60.3,-1.03,4,7,1.73,0,0,0,0,0,-4,3,1034,1,1,38,38,0,0,0,4,-1,0,1,0.58,0.56
308677,110068,0.56,-58.1,-59.8,-1.04,4,7,2.22,0,0,0,0,0,-4,3,1034,1,1,38,38,0,0,0,4,-1,0,1,0.58,0.56
308683,110069,0.54,-58.1,-60.2,-0.92,4,7,2.25,0,0,0,0,0,-6,3,1034,1,1,38,38,0,0,0,1,-1,1,1,0.58,0.56
308689,110070,0.54,-54.3,-56.1,-0.91,4,6,2.39,0,0,0,0,0,-6,3,1034,1,1,38,38,0,0,0,1,-1,1,1,0.56,0.56
308696,110071,0.57,-62.7,-63.5,-1.18,4,7,1.81,0,0,0,0,0,-6,3,1033,1,1,38,38,0,0,0,3,1,1,1,0.56,0.56
308704,110072,0.52,-63.3,-63.8,-1.45,4,7,1.67,0,0,0,0,0,-6,3,1033,1,1,38,38,0,0,0,3,1,1,1,0.54,0.56
308729,110073,0.61,-60.3,-60.4,-1.09,4,7,1.64,0,0,0,0,0,-6,2,1034,1,1,38,38,0,0,0,3,1,2,1,0.54,0.56
308735,110074,0.53,-58.1,-60.3,-1.10,4,7,2.16,0,0,0,0,0,-6,3,1033,1,1,38,38,0,0,0,0,-2,0,1,0.54,0.56
308741,110075,0.55,-59.1,-60.7,-0.73,4,7,2.08,0,0,0,0,0,-6,3,1033,1,1,38,38,0,0,0,0,-2,0,1,0.55,0.56
308747,110076,0.58,-59.1,-59.8,-1.18,4,7,1.72,0,0,0,0,0,-6,3,1033,1,1,38,38,0,0,0,0,-2,0,1,0.55,0.56
308753,110077,0.57,-59.1,-59.4,-1.13,4,7,1.78,0,0,0,0,0,-5,3,1033,1,1,38,38,0,0,0,3,-2,2,1,0.57,0.56
308777,110078,0.58,-59.1,-59.6,-0.83,4,7,1.81,0,0,0,0,0,-5,3,1033,1,1,38,38,0,0,0,3,-2,2,1,0.57,0.56
308918,110079,0.61,-59.1,-59.8,-0.91,4,6,2.42,0,0,0,0,0,-5,2,1035,1,1,38,38,0,0,0,7,2,2,1,0.58,0.56
309008,110080,0.58,-62.1,-63.3,-1.09,4,7,2.27,0,0,0,0,0,-5,3,1034,1,1,38,38,0,0,0,6,1,5,1,0.58,0.56
309027,110081,0.53,-62.1,-63.0,-0.97,4,7,1.95,0,0,0,0,0,-5,2,1034,1,1,38,38,0,0,0,3,1,5,1,0.58,0.56
309052,110082,0.58,-60.3,-60.3,-1.06,4,7,1.73,0,0,0,0,0,-6,3,1033,1,1,38,38,0,0,0,4,-1,2,1,0.58,0.57
309086,110083,0.58,-59.1,-59.7,-1.00,4,7,1.70,0,0,0,0,0,-6,3,1034,1,1,38,38,0,0,0,5,2,4,1,0.58,0.57
309105,110084,0.63,-59.1,-60.0,-0.85,4,7,2.27,0,0,0,0,0,-6,3,1034,1,1,38,38,0,0,0,0,-3,2,1,0.58,0.57
309111,110085,0.59,-59.1,-60.0,-0.95,4,7,2.31,0,0,0,0,0,-6,3,1033,1,1,38,38,0,0,0,2,1,1,1,0.58,0.57
309117,110086,0.54,-58.1,-59.6,-0.94,4,6,2.64,0,0,0,0,0,-6,3,1033,1,1,38,38,0,0,0,2,1,1,1,0.58,0.57
309123,110087,0.59,-58.1,-59.7,-0.97,4,7,2.33,0,0,0,0,0,-6,3,1033,1,1,38,38,0,0,0,2,1,1,1,0.59,0.57
309230,110088,0.58,-62.7,-63.5,-1.00,4,6,2.44,0,0,0,0,0,-5,3,1033,1,1,38,38,0,0,0,4,0,1,1,0.59,0.57
309236,110089,0.62,-62.7,-63.3,-0.75,4,7,1.19,0,0,0,0,0,-5,3,1034,1,1,38,38,0,0,0,2,-1,2,1,0.59,0.57
309242,110090,0.61,-63.3,-64.1,-1.13,4,7,2.25,0,0,0,0,0,-5,3,1034,1,1,38,38,0,0,0,2,-1,2,1,0.59,0.57
309248,110091,0.58,-59.1,-59.9,-0.89,4,6,2.48,0,0,0,0,0,-4,3,1035,1,1,38,38,0,0,0,1,0,3,1,0.59,0.57
309254,110092,0.62,-59.1,-59.9,-0.92,4,7,1.20,0,0,0,0,0,-4,3,1035,1,1,38,38,0,0,0,1,0,3,1,0.61,0.58
309284,110093,0.56,-59.1,-60.8,-0.83,4,7,2.09,0,0,0,0,0,-4,3,1035,1,1,38,38,0,0,0,1,0,3,1,0.61,0.58
309290,110094,0.55,-63.3,-63.7,-1.49,4,7,1.72,0,0,0,0,0,-6,2,1035,1,1,38,38,0,0,0,2,3,2,1,0.58,0.58
309296,110095,0.59,-59.1,-60.0,-0.91,4,7,1.64,0,0,0,0,0,-6,2,1035,1,1,38,38,0,0,0,2,3,2,1,0.58,0.58
309304,110096,0.54,-62.7,-63.4,-1.25,4,7,1.59,0,0,0,0,0,-6,2,1035,1,1,38,38,0,0,0,2,3,2,1,0.56,0.58
309312,110097,0.60,-60.3,-60.3,-1.15,4,7,1.31,0,0,0,0,0,-5,2,1034,1,1,38,38,0,0,0,3,0,2,1,0.56,0.58
309320,110098,0.62,-62.1,-63.1,-0.91,4,7,2.30,0,0,0,0,0,-5,2,1034,1,1,38,38,0,0,0,3,0,2,1,0.59,0.58
309325,110099,0.56,-63.3,-64.1,-1.46,4,7,1.30,0,0,0,0,0,-5,2,1034,1,1,38,38,0,0,0,3,0,2,1,0.59,0.58
309333,110100,0.57,-58.1,-59.6,-1.10,4,7,2.27,0,0,0,0,0,-6,2,1034,1,1,38,38,0,0,0,1,-1,4,1,0.57,0.58
309373,110101,0.53,-58.1,-59.7,-1.16,4,7,2.31,0,0,0,0,0,-6,2,1034,1,1,38,38,0,0,0,1,-1,4,1,0.57,0.58
309409,110102,0.56,-62.7,-63.9,-1.25,4,7,1.14,0,0,0,0,0,-4,2,1034,1,1,38,38,0,0,0,2,1,3,1,0.56,0.58
309434,110103,0.53,-54.3,-55.3,-1.00,4,7,2.28,0,0,0,0,0,-6,4,1034,1,1,38,38,0,0,0,2,0,2,1,0.56,0.58
309458,110104,0.57,-62.7,-63.7,-0.92,4,7,1.08,0,0,0,0,0,-5,3,1034,1,1,38,38,0,0,0,2,0,1,1,0.56,0.57
309466,110105,0.54,-58.1,-60.3,-1.19,4,7,2.08,0,0,0,0,0,-6,2,1034,1,1,38,38,0,0,0,4,4,2,1,0.54,0.57
309489,110106,0.52,-58.1,-60.0,-1.10,4,7,2.34,0,0,0,0,0,-6,3,1035,1,1,38,38,0,0,0,5,0,-3,1,0.54,0.57
309497,110107,0.56,-59.1,-59.6,-1.16,4,7,1.80,0,0,0,0,0,-5,1,1033,1,1,38,38,0,0,0,4,0,1,1,0.54,0.57
309505,110108,0.61,-59.1,-59.6,-1.01,4,7,1.53,0,0,0,0,0,-5,1,1033,1,1,38,38,0,0,0,4,0,1,1,0.56,0.57
309511,110109,0.50,-58.1,-60.6,-0.91,4,7,2.05,0,0,0,0,0,-6,3,1034,1,1,38,38,0,0,0,3,-1,1,1,0.54,0.57
309530,110110,0.66,-59.1,-60.0,-0.64,4,7,2.30,0,0,0,0,0,-6,3,1034,1,1,38,38,0,0,0,3,-1,1,1,0.56,0.57
309537,110111,0.63,-62.7,-63.4,-0.91,4,7,1.88,0,0,0,0,0,-5,3,1035,1,1,38,38,0,0,0,0,0,0,1,0.61,0.57
309543,110112,0.53,-58.1,-60.2,-1.06,4,7,2.23,0,0,0,0,0,-5,3,1035,1,1,38,38,0,0,0,0,0,0,1,0.61,0.57
309549,110113,0.56,-54.3,-56.3,-0.75,4,7,2.30,0,0,0,0,0,-5,3,1034,1,1,38,38,0,0,0,2,-1,6,1,0.56,0.57
309555,110114,0.61,-63.3,-63.8,-1.10,4,7,1.92,0,0,0,0,0,-5,3,1034,1,1,38,38,0,0,0,2,-1,6,1,0.61,0.57
309561,110115,0.59,-58.1,-59.8,-1.06,4,7,2.13,0,0,0,0,0,-5,3,1034,1,1,38,38,0,0,0,2,-1,6,1,0.59,0.57
309567,110116,0.57,-59.1,-60.3,-1.04,4,7,2.22,0,0,0,0,0,-5,4,1033,1,1,38,38,0,0,0,0,0,0,1,0.57,0.57
309573,110117,0.53,-59.1,-60.2,-0.92,4,7,2.20,0,0,0,0,0,-5,4,1033,1,1,38,38,0,0,0,0,0,0,1,0.57,0.57
309592,110118,0.57,-58.1,-59.4,-0.98,4,7,1.91,0,0,0,0,0,-5,4,1033,1,1,38,38,0,0,0,0,0,0,1,0.57,0.57
309626,110119,0.56,-58.1,-59.6,-0.92,4,7,1.55,0,0,0,0,0,-5,3,1034,1,1,38,38,0,0,0,1,-3,2,1,0.57,0.57
309634,110120,0.53,-59.1,-60.2,-1.30,4,7,2.28,0,0,0,0,0,-5,3,1034,1,1,38,38,0,0,0,3,1,3,1,0.56,0.57
309642,110121,0.52,-54.3,-56.2,-1.40,4,7,2.34,0,0,0,0,0,-5,3,1034,1,1,38,38,0,0,0,3,1,3,1,0.53,0.57
309678,110122,0.63,-62.7,-63.6,-0.76,4,7,1.80,0,0,0,0,0,-6,3,1034,1,1,38,38,0,0,0,4,0,3,1,0.56,0.57
309686,110123,0.59,-59.1,-60.0,-1.01,4,7,1.61,0,0,0,0,0,-6,4,1034,1,1,38,38,0,0,0,4,-1,3,1,0.56,0.57
309692,110124,0.55,-63.3,-63.9,-1.43,4,7,1.64,0,0,0,0,0,-6,4,1034,1,1,38,38,0,0,0,4,-1,3,1,0.55,0.57
309698,110125,0.53,-62.1,-62.8,-1.45,4,7,1.77,0,0,0,0,0,-6,4,1034,1,1,38,38,0,0,0,4,-1,3,1,0.55,0.57
309705,110126,0.53,-58.1,-60.7,-0.95,4,7,2.03,0,0,0,0,0,-6,4,1034,1,1,38,38,0,0,0,5,3,3,1,0.55,0.57
309719,110127,0.58,-60.3,-60.2,-1.04,4,7,1.64,0,0,0,0,0,-5,4,1034,1,1,38,38,0,0,0,5,3,3,1,0.55,0.57
309727,110128,0.58,-59.1,-59.9,-1.01,4,7,1.44,0,0,0,0,0,-5,3,1035,1,1,38,38,0,0,0,2,-1,2,1,0.55,0.57
309734,110129,0.59,-59.1,-59.7,-0.85,4,7,1.36,0,0,0,0,0,-5,3,1035,1,1,38,38,0,0,0,2,-1,2,1,0.58,0.57
309825,110130,0.62,-59.1,-60.2,-0.80,4,7,2.19,0,0,0,0,0,-5,3,1035,1,1,38,38,0,0,0,2,-1,2,1,0.58,0.57
309832,110131,0.52,-62.1,-63.0,-1.65,4,7,1.91,0,0,0,0,0,-5,3,1035,1,1,38,38,0,0,0,5,6,3,1,0.58,0.57
309840,110132,0.56,-58.1,-59.5,-0.92,4,7,1.94,0,0,0,0,0,-5,3,1035,1,1,38,38,0,0,0,5,6,3,1,0.58,0.57
309848,110133,0.57,-62.1,-63.1,-0.85,4,6,2.69,0,0,0,0,0,-6,4,1033,1,1,38,38,0,0,0,3,1,5,1,0.57,0.57
309856,110134,0.56,-58.1,-59.6,-0.91,4,7,1.52,0,0,0,0,0,-6,4,1033,1,1,38,38,0,0,0,3,1,5,1,0.56,0.57
309896,110135,0.57,-59.1,-59.8,-0.92,4,7,1.61,0,0,0,0,0,-6,4,1033,1,1,38,38,0,0,0,3,1,5,1,0.56,0.57
309902,110136,0.58,-58.1,-59.4,-0.86,4,7,1.67,0,0,0,0,0,-5,2,1035,1,1,38,38,0,0,0,2,4,2,1,0.57,0.57
309909,110137,0.47,-58.1,-59.6,-1.24,4,7,1.86,0,0,0,0,0,-5,3,1035,1,1,38,38,0,0,0,1,-1,2,1,0.57,0.57
309917,110138,0.57,-59.1,-60.0,-1.15,4,6,2.36,0,0,0,0,0,-5,3,1035,1,1,38,38,0,0,0,1,-1,2,1,0.57,0.57
309925,110139,0.54,-59.1,-60.6,-1.09,4,7,2.17,0,0,0,0,0,-5,3,1034,1,1,38,38,0,0,0,3,-2,4,1,0.57,0.57
309933,110140,0.59,-59.1,-59.6,-0.83,4,7,1.81,0,0,0,0,0,-5,3,1034,1,1,38,38,0,0,0,3,-2,4,1,0.57,0.57
309939,110141,0.52,-63.3,-63.9,-1.61,4,7,1.77,0,0,0,0,0,-5,3,1034,1,1,38,38,0,0,0,3,-2,4,1,0.54,0.57
309945,110142,0.58,-62.7,-63.5,-1.00,4,7,1.80,0,0,0,0,0,-5,3,1035,1,1,38,38,0,0,0,3,-1,2,1,0.57,0.57
309951,110143,0.66,-62.7,-63.5,-0.66,4,7,1.77,0,0,0,0,0,-5,3,1035,1,1,38,38,0,0,0,3,-1,2,1,0.58,0.57
309957,110144,0.56,-62.7,-63.3,-1.19,4,7,1.94,0,0,0,0,0,-5,3,1035,1,1,38,38,0,0,0,3,-1,2,1,0.58,0.57
309998,110145,0.54,-62.1,-63.7,-1.33,4,7,2.20,0,0,0,0,0,-5,3,1035,1,1,38,38,0,0,0,2,-1,1,1,0.56,0.57
310004,110146,0.59,-59.1,-60.0,-0.89,4,7,2.27,0,0,0,0,0,-5,4,1033,1,1,38,38,0,0,0,3,0,3,1,0.58,0.57
310010,110147,0.64,-60.3,-60.5,-0.95,4,7,2.05,0,0,0,0,0,-5,4,1033,1,1,38,38,0,0,0,3,0,3,1,0.59,0.57
310033,110148,0.55,-62.7,-63.9,-1.36,4,7,2.19,0,0,0,0,0,-5,4,1033,1,1,38,38,0,0,0,3,0,3,1,0.56,0.57
310063,110149,0.64,-59.1,-60.1,-1.01,4,7,1.41,0,0,0,0,0,-6,3,1034,1,1,38,38,0,0,0,2,2,1,1,0.59,0.57
310069,110150,0.43,-58.1,-60.8,-1.37,4,7,2.05,0,0,0,0,0,-5,2,1034,1,1,38,38,0,0,0,4,2,2,1,0.59,0.57
310075,110151,0.56,-62.1,-63.0,-0.88,4,7,1.69,0,0,0,0,0,-5,2,1034,1,1,38,38,0,0,0,4,2,2,1,0.56,0.57
310117,110152,0.56,-59.1,-59.8,-1.15,4,7,1.66,0,0,0,0,0,-5,2,1034,1,1,38,38,0,0,0,4,2,2,1,0.56,0.57
310130,110153,0.56,-54.3,-56.6,-0.85,4,6,2.41,0,0,0,0,0,-5,3,1035,1,1,38,38,0,0,0,2,2,0,1,0.56,0.57
310138,110154,0.59,-60.3,-60.4,-1.13,4,7,1.72,0,0,0,0,0,-5,3,1035,1,1,38,38,0,0,0,2,2,0,1,0.56,0.57
310144,110155,0.58,-59.1,-59.6,-1.00,4,7,1.86,0,0,0,0,0,-5,2,1033,1,1,38,38,0,0,0,2,1,0,1,0.56,0.57
310167,110156,0.59,-60.3,-60.4,-0.98,4,7,1.70,0,0,0,0,0,-5,2,1033,1,1,38,38,0,0,0,2,1,0,1,0.58,0.57
310203,110157,0.63,-59.1,-59.8,-0.86,4,7,1.61,0,0,0,0,0,-6,3,1034,1,1,38,38,0,0,0,6,2,0,1,0.59,0.57
310208,110158,0.57,-63.3,-63.8,-1.34,4,7,1.59,0,0,0,0,0,-6,2,1036,1,1,38,38,0,0,0,2,-2,2,1,0.59,0.57
310214,110159,0.56,-62.1,-63.1,-0.92,4,7,1.73,0,0,0,0,0,-6,2,1036,1,1,38,38,0,0,0,2,-2,2,1,0.58,0.57
310222,110160,0.64,-59.1,-60.0,-0.95,4,7,1.38,0,0,0,0,0,-6,2,1036,1,1,38,38,0,0,0,3,1,1,1,0.59,0.57
310277,110161,0.57,-63.3,-64.2,-1.33,4,7,2.28,0,0,0,0,0,-5,2,1034,1,1,38,38,0,0,0,3,1,1,1,0.57,0.57
310305,110162,0.62,-59.1,-59.9,-0.67,4,7,1.83,0,0,0,0,0,-5,3,1034,1,1,38,38,0,0,0,3,1,3,1,0.57,0.57
310311,110163,0.53,-58.1,-59.6,-0.94,4,7,1.83,0,0,0,0,0,-5,2,1034,1,1,38,38,0,0,0,-1,-2,5,1,0.57,0.57
310317,110164,0.59,-58.1,-59.4,-0.89,4,7,1.75,0,0,0,0,0,-5,2,1034,1,1,38,38,0,0,0,-1,-2,5,1,0.59,0.57
310336,110165,0.60,-62.7,-63.8,-0.86,4,7,1.13,0,0,0,0,0,-5,3,1034,1,1,38,38,0,0,0,3,2,4,1,0.59,0.58
310344,110166,0.65,-62.7,-63.8,-0.55,4,7,1.86,0,0,0,0,0,-6,2,1034,1,1,38,38,0,0,0,1,0,4,1,0.60,0.58
310369,110167,0.61,-59.1,-60.3,-1.01,4,7,2.02,0,0,0,0,0,-6,2,1034,1,1,38,38,0,0,0,1,0,4,1,0.60,0.58
310377,110168,0.60,-60.3,-60.5,-1.04,4,7,1.63,0,0,0,0,0,-5,2,1034,1,1,38,38,0,0,0,2,1,2,1,0.60,0.58
310397,110169,0.56,-58.1,-59.7,-1.28,4,7,2.30,0,0,0,0,0,-5,3,1034,1,1,38,38,0,0,0,3,-2,0,1,0.60,0.58
310405,110170,0.55,-62.1,-63.4,-1.27,4,7,2.08,0,0,0,0,0,-6,3,1035,1,1,38,38,0,0,0,3,-3,2,1,0.60,0.58
310451,110171,0.57,-62.1,-62.9,-0.79,4,7,1.66,0,0,0,0,0,-6,3,1035,1,1,38,38,0,0,0,3,-3,2,1,0.57,0.58
310458,110172,0.61,-58.1,-59.4,-0.97,4,7,1.45,0,0,0,0,0,-6,4,1033,1,1,38,38,0,0,0,3,-4,-2,1,0.57,0.58
310466,110173,0.53,-59.1,-60.3,-1.34,4,7,2.25,0,0,0,0,0,-5,3,1035,1,1,38,38,0,0,0,8,2,2,1,0.56,0.58
310508,110174,0.55,-58.1,-59.8,-0.97,4,7,1.88,0,0,0,0,0,-5,3,1035,1,1,38,38,0,0,0,8,2,2,1,0.55,0.58
310516,110175,0.60,-59.1,-60.4,-1.10,4,7,2.30,0,0,0,0,0,-4,3,1037,1,1,38,38,0,0,0,1,0,0,1,0.57,0.58
310523,110176,0.62,-59.1,-59.8,-0.94,4,7,1.98,0,0,0,0,0,-6,2,1037,1,1,38,38,0,0,0,0,0,3,1,0.60,0.58
310531,110177,0.60,-59.1,-60.1,-1.00,4,7,1.67,0,0,0,0,0,-6,2,1037,1,1,38,38,0,0,0,0,0,3,1,0.60,0.58
310539,110178,0.58,-59.1,-59.6,-0.92,4,7,1.78,0,0,0,0,0,-6,2,1037,1,1,38,38,0,0,0,0,0,3,1,0.60,0.58
310547,110179,0.58,-63.3,-63.8,-0.98,4,7,1.36,0,0,0,0,0,-6,3,1034,1,1,38,38,0,0,0,-3,-3,2,1,0.60,0.58
310553,110180,0.50,-58.1,-59.6,-0.89,4,7,2.00,0,0,0,0,0,-6,3,1034,1,1,38,38,0,0,0,-3,-3,2,1,0.58,0.58
310576,110181,0.59,-62.1,-63.2,-0.66,4,6,2.50,0,0,0,0,0,-5,3,1034,1,1,38,38,0,0,0,-1,1,4,1,0.58,0.58
310582,110182,0.61,-62.1,-63.2,-0.76,4,7,1.44,0,0,0,0,0,-5,2,1034,1,1,38,38,0,0,0,1,5,2,1,0.58,0.58
310588,110183,0.53,-63.3,-63.9,-1.30,4,7,1.42,0,0,0,0,0,-5,2,1034,1,1,38,38,0,0,0,1,5,2,1,0.58,0.58
310595,110184,0.54,-63.3,-64.2,-1.71,4,7,2.11,0,0,0,0,0,-5,2,1034,1,1,38,38,0,0,0,1,5,2,1,0.54,0.58
310603,110185,0.56,-58.1,-59.9,-0.97,4,6,2.39,0,0,0,0,0,-5,2,1034,1,1,38,38,0,0,0,2,2,1,1,0.56,0.58
310611,110186,0.59,-62.1,-63.0,-1.12,4,7,1.84,0,0,0,0,0,-5,2,1034,1,1,38,38,0,0,0,2,2,1,1,0.56,0.58
310636,110187,0.62,-59.1,-59.7,-0.76,4,7,1.94,0,0,0,0,0,-5,2,1034,1,1,38,38,0,0,0,2,2,1,1,0.56,0.58
310642,110188,0.58,-59.1,-59.9,-0.82,4,7,1.95,0,0,0,0,0,-5,3,1034,1,1,38,38,0,0,0,0,1,4,1,0.58,0.58
310648,110189,0.55,-63.3,-64.0,-1.34,4,7,1.80,0,0,0,0,0,-5,3,1034,1,1,38,38,0,0,0,0,1,4,1,0.58,0.58
310667,110190,0.58,-62.1,-63.1,-0.92,4,6,2.69,0,0,0,0,0,-5,3,1034,1,1,38,38,0,0,0,0,1,4,1,0.58,0.58
310673,110191,0.60,-60.3,-60.2,-0.95,4,7,1.34,0,0,0,0,0,-5,2,1033,1,1,38,38,0,0,0,4,-3,3,1,0.58,0.58
310712,110192,0.65,-63.3,-63.7,-0.75,4,7,1.72,0,0,0,0,0,-6,3,1034,1,1,38,38,0,0,0,1,-2,-1,1,0.58,0.58
310718,110193,0.58,-60.3,-60.3,-1.07,4,7,1.67,0,0,0,0,0,-4,3,1035,1,1,38,38,0,0,0,5,0,1,1,0.58,0.58
310726,110194,0.54,-59.1,-59.8,-1.30,4,7,1.53,0,0,0,0,0,-4,3,1035,1,1,38,38,0,0,0,5,0,1,1,0.58,0.58
310732,110195,0.49,-62.1,-62.9,-1.61,4,7,1.63,0,0,0,0,0,-4,3,1035,1,1,38,38,0,0,0,5,0,1,1,0.58,0.58
310775,110196,0.60,-60.3,-60.7,-0.92,4,7,1.45,0,0,0,0,0,-5,2,1034,1,1,38,38,0,0,0,-1,2,2,1,0.58,0.58
310817,110197,0.58,-59.1,-60.1,-1.22,4,7,1.88,0,0,0,0,0,-6,4,1036,1,1,38,38,0,0,0,5,3,4,1,0.58,0.58
310825,110198,0.61,-60.3,-60.5,-1.00,4,7,1.69,0,0,0,0,0,-5,3,1034,1,1,38,38,0,0,0,5,1,4,1,0.58,0.58
310831,110199,0.55,-62.1,-63.1,-1.10,4,7,1.83,0,0,0,0,0,-5,3,1034,1,1,38,38,0,0,0,5,1,4,1,0.58,0.58
310870,110200,0.61,-62.7,-63.7,-0.82,4,7,1.78,0,0,0,0,0,-5,3,1034,1,1,38,38,0,0,0,5,1,4,1,0.60,0.58
310884,110201,0.55,-59.1,-60.1,-1.30,4,7,2.23,0,0,0,0,0,-5,3,1033,1,1,38,38,0,0,0,9,5,1,1,0.58,0.58
310903,110202,0.49,-62.1,-62.9,-1.45,4,7,1.80,0,0,0,0,0,-6,3,1034,1,1,38,38,0,0,0,5,1,0,1,0.55,0.58
310909,110203,0.55,-60.3,-60.4,-1.18,4,7,1.63,0,0,0,0,0,-5,3,1035,1,1,38,38,0,0,0,0,2,2,1,0.55,0.58
310916,110204,0.57,-59.1,-59.9,-1.09,4,7,1.73,0,0,0,0,0,-5,3,1035,1,1,38,38,0,0,0,0,2,2,1,0.55,0.58
310922,110205,0.62,-59.1,-59.8,-1.09,4,7,1.39,0,0,0,0,0,-5,3,1034,1,1,38,38,0,0,0,0,0,2,1,0.55,0.58
310930,110206,0.59,-62.7,-63.6,-1.25,4,7,1.28,0,0,0,0,0,-5,3,1034,1,1,38,38,0,0,0,0,0,2,1,0.57,0.58
310936,110207,0.57,-58.1,-59.6,-1.03,4,7,1.36,0,0,0,0,0,-5,3,1034,1,1,38,38,0,0,0,2,-3,2,1,0.57,0.58
310944,110208,0.54,-58.1,-59.8,-1.40,4,7,2.22,0,0,0,0,0,-6,3,1034,1,1,38,38,0,0,0,2,-3,2,1,0.57,0.58
310989,110209,0.49,-63.3,-63.9,-1.61,4,7,1.63,0,0,0,0,0,-6,3,1034,1,1,38,38,0,0,0,2,-3,2,1,0.57,0.57
311008,110210,0.61,-59.1,-59.8,-1.01,4,7,1.31,0,0,0,0,0,-6,2,1035,1,1,38,38,0,0,0,2,3,1,1,0.57,0.57
311014,110211,0.52,-58.1,-60.1,-1.01,4,7,1.72,0,0,0,0,0,-5,3,1034,1,1,38,38,0,0,0,3,-3,4,1,0.54,0.57
311020,110212,0.55,-58.1,-59.8,-0.95,4,7,1.73,0,0,0,0,0,-6,3,1035,1,1,38,38,0,0,0,6,0,0,1,0.54,0.57
311026,110213,0.63,-59.1,-60.0,-1.01,4,7,1.20,0,0,0,0,0,-6,3,1035,1,1,38,38,0,0,0,6,0,0,1,0.55,0.57
311032,110214,0.51,-58.1,-59.5,-1.00,4,7,1.88,0,0,0,0,0,-6,3,1035,1,1,38,38,0,0,0,6,0,0,1,0.55,0.57
311038,110215,0.65,-60.3,-60.5,-0.95,4,7,1.17,0,0,0,0,0,-6,4,1033,1,1,38,38,0,0,0,2,3,2,1,0.55,0.57
311074,110216,0.57,-62.1,-63.3,-1.10,4,7,1.31,0,0,0,0,0,-6,4,1033,1,1,38,38,0,0,0,2,3,2,1,0.57,0.57
311082,110217,0.52,-54.3,-56.6,-1.19,4,6,2.38,0,0,0,0,0,-5,3,1035,1,1,38,38,0,0,0,1,-1,0,1,0.57,0.57
311088,110218,0.50,-54.3,-55.8,-1.43,4,7,2.28,0,0,0,0,0,-5,3,1035,1,1,38,38,0,0,0,1,-1,0,1,0.52,0.57
311094,110219,0.55,-59.1,-60.0,-1.34,4,7,2.13,0,0,0,0,0,-5,3,1035,1,1,38,38,0,0,0,1,-1,0,1,0.55,0.57
311100,110220,0.55,-59.1,-60.6,-1.04,4,7,2.19,0,0,0,0,0,-6,4,1033,1,1,38,38,0,0,0,3,1,2,1,0.55,0.57
311145,110221,0.60,-59.1,-59.9,-0.88,4,7,1.50,0,0,0,0,0,-6,4,1033,1,1,38,38,0,0,0,3,1,2,1,0.55,0.56
311186,110222,0.60,-60.3,-60.5,-0.92,4,7,1.50,0,0,0,0,0,-5,3,1035,1,1,38,38,0,0,0,4,-3,1,1,0.55,0.56
311192,110223,0.61,-62.7,-63.5,-0.72,4,7,1.67,0,0,0,0,0,-5,3,1035,1,1,38,38,0,0,0,1,-1,1,1,0.60,0.57
311198,110224,0.52,-59.1,-59.9,-1.25,4,7,1.81,0,0,0,0,0,-5,3,1035,1,1,38,38,0,0,0,0,-1,3,1,0.60,0.57
311223,110225,0.54,-58.1,-60.8,-1.06,4,7,2.05,0,0,0,0,0,-5,3,1035,1,1,38,38,0,0,0,0,-1,3,1,0.60,0.57
311263,110226,0.63,-62.7,-63.4,-0.73,4,7,1.77,0,0,0,0,0,-5,2,1033,1,1,38,38,0,0,0,0,-2,1,1,0.60,0.57
311299,110227,0.52,-62.7,-63.4,-1.51,4,7,1.44,0,0,0,0,0,-5,2,1034,1,1,38,38,0,0,0,1,1,1,1,0.54,0.57
311305,110228,0.53,-60.3,-60.4,-1.39,4,7,1.48,0,0,0,0,0,-6,3,1033,1,1,38,38,0,0,0,1,1,2,1,0.53,0.57
311335,110229,0.64,-63.3,-64.1,-0.91,4,7,1.92,0,0,0,0,0,-6,3,1033,1,1,38,38,0,0,0,1,1,2,1,0.54,0.57
311391,110230,0.66,-59.1,-60.1,-0.88,4,7,1.22,0,0,0,0,0,-5,2,1035,1,1,38,38,0,0,0,2,1,4,1,0.63,0.57
311399,110231,0.58,-59.1,-59.9,-1.01,4,7,2.31,0,0,0,0,0,-5,4,1035,1,1,38,38,0,0,0,1,1,4,1,0.58,0.57
311469,110232,0.59,-63.3,-63.7,-0.86,4,7,1.34,0,0,0,0,0,-5,4,1035,1,1,38,38,0,0,0,1,1,4,1,0.59,0.57
311477,110233,0.61,-63.3,-64.0,-1.10,4,7,1.08,0,0,0,0,0,-6,3,1034,1,1,38,38,0,0,0,5,0,5,1,0.61,0.57
311484,110234,0.55,-62.7,-64.2,-1.22,4,7,2.03,0,0,0,0,0,-6,3,1034,1,1,38,38,0,0,0,5,0,5,1,0.59,0.57
311490,110235,0.47,-54.3,-56.3,-1.34,4,7,2.31,0,0,0,0,0,-6,3,1034,1,1,38,38,0,0,0,5,0,5,1,0.58,0.57
311498,110236,0.59,-60.3,-60.2,-1.13,4,7,1.66,0,0,0,0,0,-5,3,1033,1,1,38,38,0,0,0,3,0,0,1,0.59,0.58
311504,110237,0.61,-62.7,-63.5,-0.92,4,7,1.73,0,0,0,0,0,-5,3,1033,1,1,38,38,0,0,0,3,0,0,1,0.59,0.58
311533,110238,0.56,-59.1,-60.0,-1.15,4,7,1.36,0,0,0,0,0,-5,3,1033,1,1,38,38,0,0,0,3,0,0,1,0.56,0.58
311541,110239,0.51,-62.1,-63.1,-1.61,4,7,1.89,0,0,0,0,0,-5,3,1034,1,1,38,38,0,0,0,-1,-3,4,1,0.56,0.57
311548,110240,0.57,-63.3,-63.6,-1.13,4,7,1.70,0,0,0,0,0,-5,3,1034,1,1,38,38,0,0,0,-1,-3,4,1,0.57,0.57
311554,110241,0.60,-60.3,-60.1,-1.09,4,7,1.69,0,0,0,0,0,-5,2,1034,1,1,38,38,0,0,0,2,3,3,1,0.57,0.57
311562,110242,0.58,-59.1,-60.0,-1.24,4,7,1.53,0,0,0,0,0,-5,2,1034,1,1,38,38,0,0,0,2,3,3,1,0.57,0.57
311570,110243,0.55,-63.3,-63.9,-1.07,4,7,1.39,0,0,0,0,0,-5,2,1034,1,1,38,38,0,0,0,2,3,3,1,0.57,0.57
311576,110244,0.53,-62.7,-63.7,-1.31,4,7,2.27,0,0,0,0,0,-6,3,1032,1,1,38,38,0,0,0,5,1,5,1,0.57,0.57
311582,110245,0.56,-58.1,-59.6,-0.98,4,7,1.47,0,0,0,0,0,-6,3,1032,1,1,38,38,0,0,0,5,1,5,1,0.56,0.57
311590,110246,0.60,-59.1,-60.0,-0.98,4,7,2.28,0,0,0,0,0,-6,3,1032,1,1,38,38,0,0,0,5,1,5,1,0.56,0.57
311597,110247,0.65,-59.1,-60.0,-0.85,4,7,1.88,0,0,0,0,0,-6,3,1035,1,1,38,38,0,0,0,3,-2,-1,1,0.56,0.57
311605,110248,0.59,-60.3,-60.3,-1.13,4,7,1.64,0,0,0,0,0,-6,3,1035,1,1,38,38,0,0,0,3,-2,-1,1,0.59,0.57
311613,110249,0.60,-58.1,-59.6,-1.01,4,7,1.73,0,0,0,0,0,-6,3,1035,1,1,38,38,0,0,0,3,-2,-1,1,0.60,0.57
311619,110250,0.62,-59.1,-59.9,-0.75,4,7,1.55,0,0,0,0,0,-6,2,1034,1,1,38,38,0,0,0,2,2,1,1,0.60,0.58
311625,110251,0.54,-63.3,-64.0,-1.43,4,7,1.58,0,0,0,0,0,-6,2,1034,1,1,38,38,0,0,0,2,2,1,1,0.60,0.58
311631,110252,0.56,-59.1,-60.2,-1.52,4,7,1.39,0,0,0,0,0,-6,2,1034,1,1,38,38,0,0,0,2,2,1,1,0.59,0.58
311639,110253,0.52,-58.1,-59.8,-1.22,4,7,1.95,0,0,0,0,0,-5,3,1034,1,1,38,38,0,0,0,1,-2,-2,1,0.56,0.58
311662,110254,0.53,-62.1,-63.0,-1.40,4,7,1.48,0,0,0,0,0,-5,3,1034,1,1,38,38,0,0,0,1,-2,-2,1,0.54,0.58
311668,110255,0.49,-63.3,-63.9,-1.68,4,7,1.34,0,0,0,0,0,-5,4,1034,1,1,38,38,0,0,0,3,-2,1,1,0.53,0.57
311692,110256,0.65,-58.1,-59.6,-0.70,4,7,1.48,0,0,0,0,0,-6,2,1034,1,1,38,38,0,0,0,2,1,4,1,0.53,0.57
311698,110257,0.63,-59.1,-60.0,-1.12,4,7,1.28,0,0,0,0,0,-5,2,1033,1,1,38,38,0,0,0,3,1,1,1,0.53,0.57
311704,110258,0.63,-59.1,-59.9,-0.97,4,7,1.30,0,0,0,0,0,-5,2,1033,1,1,38,38,0,0,0,3,1,1,1,0.63,0.57
311757,110259,0.63,-62.1,-63.3,-0.73,4,6,2.44,0,0,0,0,0,-5,2,1033,1,1,38,38,0,0,0,3,1,1,1,0.63,0.58
311763,110260,0.59,-59.1,-60.0,-0.57,4,7,1.44,0,0,0,0,0,-5,3,1033,1,1,38,38,0,0,0,4,3,1,1,0.63,0.58
311769,110261,0.61,-59.1,-60.0,-0.92,4,7,1.39,0,0,0,0,0,-5,3,1033,1,1,38,38,0,0,0,4,3,1,1,0.63,0.58
311775,110262,0.57,-63.3,-63.9,-0.92,4,7,1.30,0,0,0,0,0,-5,3,1034,1,1,38,38,0,0,0,4,3,-1,1,0.61,0.58
311798,110263,0.63,-58.1,-59.6,-0.85,4,7,2.33,0,0,0,0,0,-5,3,1034,1,1,38,38,0,0,0,4,3,-1,1,0.61,0.58
311804,110264,0.57,-63.3,-64.0,-1.25,4,7,1.25,0,0,0,0,0,-4,3,1035,1,1,38,38,0,0,0,1,2,4,1,0.59,0.58
311972,110265,0.49,-58.1,-59.5,-1.37,4,7,1.64,0,0,0,0,0,-4,3,1035,1,1,38,38,0,0,0,1,2,4,1,0.57,0.58
311980,110266,0.58,-54.3,-56.1,-0.79,4,7,1.70,0,0,0,0,0,-5,3,1034,1,1,38,38,0,0,0,3,2,0,1,0.57,0.58
311988,110267,0.63,-59.1,-60.4,-0.85,4,7,2.30,0,0,0,0,0,-5,3,1034,1,1,38,38,0,0,0,3,2,0,1,0.58,0.58
311996,110268,0.61,-54.3,-56.3,-0.92,4,7,2.05,0,0,0,0,0,-5,3,1033,1,1,38,38,0,0,0,2,6,2,1,0.58,0.58
312004,110269,0.60,-60.3,-60.5,-1.09,4,7,1.61,0,0,0,0,0,-5,3,1033,1,1,38,38,0,0,0,2,6,2,1,0.60,0.58
312011,110270,0.56,-58.1,-59.6,-0.88,4,7,1.84,0,0,0,0,0,-5,3,1033,1,1,38,38,0,0,0,2,6,2,1,0.60,0.58
312017,110271,0.56,-63.3,-63.8,-1.33,4,7,1.56,0,0,0,0,0,-5,3,1034,1,1,38,38,0,0,0,2,0,2,1,0.60,0.59
312048,110272,0.54,-63.3,-63.8,-1.62,4,7,1.80,0,0,0,0,0,-5,3,1034,1,1,38,38,0,0,0,2,0,2,1,0.56,0.58
312069,110273,0.62,-63.3,-63.8,-1.00,4,7,1.06,0,0,0,0,0,-6,2,1035,1,1,38,38,0,0,0,3,5,-1,1,0.56,0.58
312075,110274,0.64,-62.7,-63.9,-1.01,4,7,1.00,0,0,0,0,0,-6,3,1035,1,1,38,38,0,0,0,4,-1,0,1,0.56,0.58
312081,110275,0.56,-54.3,-55.9,-0.66,4,6,2.48,0,0,0,0,0,-6,3,1035,1,1,38,38,0,0,0,4,-1,0,1,0.56,0.58
312087,110276,0.53,-54.3,-55.4,-1.24,4,6,2.52,0,0,0,0,0,-6,3,1035,1,1,38,38,0,0,0,4,-1,0,1,0.56,0.58
312093,110277,0.60,-59.1,-60.0,-0.82,4,6,2.36,0,0,0,0,0,-5,3,1035,1,1,38,38,0,0,0,1,2,3,1,0.60,0.58
312098,110278,0.56,-63.3,-64.3,-1.46,4,7,1.17,0,0,0,0,0,-5,3,1035,1,1,38,38,0,0,0,1,2,3,1,0.56,0.58
312104,110279,0.50,-59.1,-59.8,-1.49,4,7,2.22,0,0,0,0,0,-5,3,1035,1,1,38,38,0,0,0,1,2,3,1,0.56,0.58
312110,110280,0.59,-62.7,-63.6,-1.04,4,7,1.34,0,0,0,0,0,-5,2,1033,1,1,38,38,0,0,0,2,4,-1,1,0.56,0.58
312116,110281,0.55,-59.1,-60.5,-1.06,4,7,2.22,0,0,0,0,0,-5,2,1033,1,1,38,38,0,0,0,2,4,-1,1,0.56,0.58
312122,110282,0.56,-59.1,-60.1,-1.27,4,7,2.30,0,0,0,0,0,-5,2,1033,1,1,38,38,0,0,0,2,4,-1,1,0.56,0.58
312128,110283,0.62,-63.3,-64.0,-1.07,4,7,1.17,0,0,0,0,0,-5,2,1033,1,1,38,38,0,0,0,2,4,-1,1,0.56,0.58
312207,110284,0.56,-54.3,-56.0,-1.07,4,6,2.41,0,0,0,0,0,-5,3,1035,1,1,38,38,0,0,0,3,-2,0,1,0.56,0.58
312213,110285,0.64,-59.1,-60.2,-0.75,4,7,2.11,0,0,0,0,0,-5,2,1034,1,1,38,38,0,0,0,3,-1,1,1,0.56,0.57
312238,110286,0.68,-59.1,-60.2,-0.73,4,7,1.95,0,0,0,0,0,-5,2,1034,1,1,38,38,0,0,0,3,-1,1,1,0.62,0.58
312296,110287,0.53,-59.1,-59.6,-1.28,4,7,1.53,0,0,0,0,0,-6,2,1035,1,1,38,38,0,0,0,-1,-1,0,1,0.62,0.58
312302,110288,0.52,-59.1,-60.1,-1.21,4,7,1.70,0,0,0,0,0,-5,3,1033,1,1,38,38,0,0,0,2,2,2,1,0.56,0.58
312308,110289,0.62,-60.3,-60.3,-1.03,4,7,1.39,0,0,0,0,0,-5,2,1034,1,1,38,38,0,0,0,1,-2,1,1,0.62,0.58
312314,110290,0.51,-62.1,-63.0,-1.34,4,7,1.69,0,0,0,0,0,-5,2,1034,1,1,38,38,0,0,0,1,-2,1,1,0.53,0.58
312343,110291,0.61,-63.3,-63.9,-1.00,4,7,1.89,0,0,0,0,0,-5,2,1034,1,1,38,38,0,0,0,1,-2,1,1,0.53,0.58
312349,110292,0.59,-59.1,-60.7,-0.86,4,7,2.11,0,0,0,0,0,-5,2,1033,1,1,38,38,0,0,0,4,-3,3,1,0.59,0.58
312354,110293,0.56,-59.1,-60.5,-1.10,4,7,2.13,0,0,0,0,0,-5,2,1033,1,1,38,38,0,0,0,4,-3,3,1,0.59,0.58
312396,110294,0.60,-54.3,-56.3,-0.83,4,6,2.39,0,0,0,0,0,-5,2,1033,1,1,38,38,0,0,0,4,-3,3,1,0.59,0.58
312421,110295,0.56,-62.7,-63.9,-1.25,4,7,2.25,0,0,0,0,0,-6,2,1035,1,1,38,38,0,0,0,0,2,0,1,0.59,0.58
312428,110296,0.57,-63.3,-63.7,-1.03,4,7,1.86,0,0,0,0,0,-7,3,1034,1,1,38,38,0,0,0,2,-1,4,1,0.57,0.58
312474,110297,0.60,-63.3,-63.5,-0.98,4,7,1.36,0,0,0,0,0,-6,4,1033,1,1,38,38,0,0,0,-2,4,1,1,0.57,0.58
312510,110298,0.59,-59.1,-60.0,-1.10,4,6,2.36,0,0,0,0,0,-6,4,1035,1,1,38,38,0,0,0,3,1,4,1,0.59,0.58
312546,110299,0.59,-59.1,-60.6,-0.86,4,7,2.11,0,0,0,0,0,-6,2,1033,1,1,38,38,0,0,0,2,-4,0,1,0.59,0.58
312552,110300,0.63,-59.1,-59.8,-0.88,4,7,1.91,0,0,0,0,0,-5,2,1032,1,1,38,38,0,0,0,5,1,-1,1,0.59,0.58
312558,110301,0.53,-57.3,-59.7,-0.85,4,6,2.42,0,0,0,0,0,-5,2,1032,1,1,38,38,0,0,0,5,1,-1,1,0.59,0.58
312563,110302,0.47,-54.3,-56.5,-1.40,4,7,2.31,0,0,0,0,0,-5,2,1032,1,1,38,38,0,0,0,5,1,-1,1,0.59,0.58
312569,110303,0.57,-59.1,-60.4,-1.06,4,7,1.94,0,0,0,0,0,-6,5,1032,1,1,38,38,0,0,0,6,0,2,1,0.57,0.58
312609,110304,0.49,-54.3,-56.3,-1.27,4,6,2.48,0,0,0,0,0,-6,5,1032,1,1,38,38,0,0,0,6,0,2,1,0.53,0.58
312651,110305,0.60,-59.1,-60.2,-1.10,4,7,1.17,0,0,0,0,0,-4,2,1035,1,1,38,38,0,0,0,4,1,0,1,0.53,0.57
312657,110306,0.55,-60.3,-60.7,-1.31,4,7,1.19,0,0,0,0,0,-6,3,1033,1,1,38,38,0,0,0,1,-2,3,1,0.55,0.57
312664,110307,0.62,-54.3,-55.9,-0.72,4,7,2.23,0,0,0,0,0,-6,3,1034,1,1,38,38,0,0,0,3,1,3,1,0.57,0.57
312670,110308,0.51,-54.3,-56.3,-1.40,4,7,1.39,0,0,0,0,0,-6,3,1034,1,1,38,38,0,0,0,3,1,3,1,0.55,0.57
312676,110309,0.62,-59.1,-60.3,-0.92,4,7,2.13,0,0,0,0,0,-6,3,1034,1,1,38,38,0,0,0,3,1,3,1,0.60,0.57
312684,110310,0.59,-60.3,-60.7,-1.01,4,7,1.88,0,0,0,0,0,-6,3,1034,1,1,38,38,0,0,0,3,1,3,1,0.59,0.57
312692,110311,0.53,-63.3,-64.2,-1.39,4,7,1.67,0,0,0,0,0,-5,3,1034,1,1,38,38,0,0,0,-1,1,7,1,0.59,0.58
312698,110312,0.53,-63.3,-64.2,-1.71,4,7,1.66,0,0,0,0,0,-5,3,1034,1,1,38,38,0,0,0,-1,1,7,1,0.53,0.57
312704,110313,0.60,-63.3,-64.0,-1.04,4,7,1.73,0,0,0,0,0,-5,3,1034,1,1,38,38,0,0,0,-1,1,7,1,0.59,0.57
312710,110314,0.55,-60.3,-60.7,-1.18,4,7,1.69,0,0,0,0,0,-5,3,1035,1,1,38,38,0,0,0,2,-1,1,1,0.55,0.57
312750,110315,0.52,-63.3,-64.2,-1.37,4,7,1.81,0,0,0,0,0,-5,3,1035,1,1,38,38,0,0,0,2,-1,1,1,0.53,0.57
312755,110316,0.52,-63.3,-64.1,-1.37,4,7,1.83,0,0,0,0,0,-6,3,1034,1,1,38,38,0,0,0,3,0,-3,1,0.53,0.57
312761,110317,0.62,-63.3,-64.0,-0.92,4,7,1.80,0,0,0,0,0,-6,3,1034,1,1,38,38,0,0,0,3,0,-3,1,0.55,0.57
312767,110318,0.59,-59.1,-60.3,-1.04,4,7,1.86,0,0,0,0,0,-6,3,1033,1,1,38,38,0,0,0,5,-2,1,1,0.55,0.57
312773,110319,0.61,-63.3,-64.2,-0.91,4,7,1.78,0,0,0,0,0,-6,3,1033,1,1,38,38,0,0,0,5,-2,1,1,0.59,0.57
312779,110320,0.59,-59.1,-60.1,-1.00,4,7,1.91,0,0,0,0,0,-6,3,1033,1,1,38,38,0,0,0,5,-2,1,1,0.59,0.57
312804,110321,0.63,-59.1,-60.2,-0.88,4,7,1.83,0,0,0,0,0,-6,3,1033,1,1,38,38,0,0,0,0,2,3,1,0.61,0.57
312810,110322,0.59,-59.1,-60.3,-0.89,4,7,1.89,0,0,0,0,0,-5,4,1034,1,1,38,38,0,0,0,4,2,1,1,0.59,0.57
312816,110323,0.65,-59.1,-60.2,-0.57,4,7,1.92,0,0,0,0,0,-5,4,1034,1,1,38,38,0,0,0,4,2,1,1,0.61,0.57
312822,110324,0.56,-63.3,-64.3,-1.36,4,7,1.83,0,0,0,0,0,-5,4,1034,1,1,38,38,0,0,0,4,2,1,1,0.59,0.57
312858,110325,0.62,-60.3,-60.9,-0.82,4,7,1.70,0,0,0,0,0,-6,4,1033,1,1,38,38,0,0,0,4,2,1,1,0.62,0.58
312886,110326,0.54,-59.1,-60.2,-1.52,4,7,2.09,0,0,0,0,0,-6,3,1034,1,1,38,38,0,0,0,1,0,0,1,0.59,0.58
312894,110327,0.54,-62.1,-63.6,-1.21,4,7,1.91,0,0,0,0,0,-6,3,1034,1,1,38,38,0,0,0,2,-1,3,1,0.56,0.58
312900,110328,0.59,-62.7,-64.0,-1.10,4,7,1.83,0,0,0,0,0,-6,3,1034,1,1,38,38,0,0,0,2,-1,3,1,0.56,0.58
312906,110329,0.63,-62.7,-63.9,-0.80,4,7,1.78,0,0,0,0,0,-5,3,1035,1,1,38,38,0,0,0,3,0,2,1,0.59,0.58
312912,110330,0.61,-62.7,-63.9,-0.92,4,7,1.78,0,0,0,0,0,-5,3,1035,1,1,38,38,0,0,0,3,0,2,1,0.59,0.58
312918,110331,0.60,-62.7,-63.9,-0.97,4,7,1.81,0,0,0,0,0,-5,3,1035,1,1,38,38,0,0,0,3,0,2,1,0.60,0.58
312948,110332,0.50,-63.3,-64.2,-1.45,4,7,1.33,0,0,0,0,0,-5,3,1035,1,1,38,38,0,0,0,3,0,2,1,0.60,0.58
312967,110333,0.59,-62.7,-64.0,-0.91,4,7,1.80,0,0,0,0,0,-5,1,1036,1,1,38,38,0,0,0,-2,-2,2,1,0.60,0.58
312975,110334,0.52,-63.3,-64.1,-1.46,4,7,1.64,0,0,0,0,0,-5,1,1035,1,1,38,38,0,0,0,-1,2,3,1,0.59,0.58
312994,110335,0.55,-63.3,-64.3,-1.30,4,7,1.17,0,0,0,0,0,-5,1,1035,1,1,38,38,0,0,0,-1,2,3,1,0.55,0.58
313039,110336,0.65,-62.7,-63.9,-0.77,4,7,1.75,0,0,0,0,0,-4,4,1033,1,1,38,38,0,0,0,2,4,1,1,0.55,0.58
313058,110337,0.60,-60.3,-60.7,-1.09,4,7,1.34,0,0,0,0,0,-4,2,1033,1,1,38,38,0,0,0,3,4,1,1,0.59,0.58
313083,110338,0.60,-62.7,-63.8,-0.92,4,7,1.41,0,0,0,0,0,-5,2,1035,1,1,38,38,0,0,0,4,3,3,1,0.60,0.58
313089,110339,0.68,-60.3,-60.8,-0.77,4,7,1.34,0,0,0,0,0,-5,3,1037,1,1,38,38,0,0,0,5,2,3,1,0.60,0.58
313095,110340,0.55,-58.1,-59.8,-1.06,4,7,1.66,0,0,0,0,0,-5,3,1037,1,1,38,38,0,0,0,5,2,3,1,0.60,0.58
313114,110341,0.60,-54.3,-55.9,-0.83,4,7,2.31,0,0,0,0,0,-5,3,1037,1,1,38,38,0,0,0,5,2,3,1,0.60,0.58
313133,110342,0.59,-58.1,-59.6,-0.86,4,7,1.89,0,0,0,0,0,-6,4,1034,1,1,38,38,0,0,0,-2,-3,3,1,0.60,0.58
313139,110343,0.60,-59.1,-59.9,-1.10,4,7,1.72,0,0,0,0,0,-5,4,1034,1,1,38,38,0,0,0,-4,-2,-1,1,0.60,0.58
313173,110344,0.62,-58.1,-59.5,-0.82,4,7,1.56,0,0,0,0,0,-6,2,1033,1,1,38,38,0,0,0,4,3,5,1,0.60,0.59
313179,110345,0.59,-58.1,-59.6,-1.04,4,7,1.67,0,0,0,0,0,-6,3,1034,1,1,38,38,0,0,0,2,2,3,1,0.60,0.59
313185,110346,0.60,-58.1,-59.8,-0.94,4,7,1.63,0,0,0,0,0,-4,4,1032,1,1,38,38,0,0,0,3,2,1,1,0.60,0.59
313191,110347,0.59,-59.1,-59.9,-0.98,4,7,1.36,0,0,0,0,0,-4,4,1032,1,1,38,38,0,0,0,3,2,1,1,0.60,0.59
313292,110348,0.58,-58.1,-60.0,-0.94,4,7,2.34,0,0,0,0,0,-4,4,1032,1,1,38,38,0,0,0,3,2,1,1,0.59,0.59
313300,110349,0.58,-58.1,-60.5,-1.12,4,7,2.03,0,0,0,0,0,-4,3,1034,1,1,38,38,0,0,0,1,-2,5,1,0.59,0.59
313308,110350,0.58,-62.7,-63.6,-0.91,4,7,1.70,0,0,0,0,0,-4,3,1034,1,1,38,38,0,0,0,1,1,0,1,0.58,0.59
313314,110351,0.63,-59.1,-59.8,-0.76,4,7,1.78,0,0,0,0,0,-4,3,1034,1,1,38,38,0,0,0,1,1,0,1,0.58,0.59
313355,110352,0.62,-62.7,-63.7,-0.80,4,7,1.81,0,0,0,0,0,-4,3,1034,1,1,38,38,0,0,0,1,1,0,1,0.58,0.59
313363,110353,0.52,-63.3,-64.0,-1.52,4,7,1.67,0,0,0,0,0,-5,3,1035,1,1,38,38,0,0,0,1,-2,0,1,0.58,0.59
313425,110354,0.58,-60.3,-60.6,-1.16,4,7,1.42,0,0,0,0,0,-5,3,1035,1,1,38,38,0,0,0,0,4,1,1,0.58,0.59
313431,110355,0.61,-60.3,-60.9,-0.89,4,7,1.34,0,0,0,0,0,-5,2,1033,1,1,38,38,0,0,0,-1,-1,2,1,0.61,0.59
313437,110356,0.68,-60.3,-60.7,-0.77,4,7,1.36,0,0,0,0,0,-5,2,1033,1,1,38,38,0,0,0,-1,-1,2,1,0.61,0.59
313445,110357,0.54,-63.3,-64.1,-1.30,4,7,1.28,0,0,0,0,0,-4,2,1033,1,1,38,38,0,0,0,3,-2,0,1,0.58,0.59
313451,110358,0.52,-58.1,-59.7,-1.45,4,7,1.39,0,0,0,0,0,-4,2,1033,1,1,38,38,0,0,0,3,-2,0,1,0.58,0.59
313459,110359,0.61,-59.1,-60.3,-0.97,4,7,2.20,0,0,0,0,0,-4,2,1033,1,1,38,38,0,0,0,3,-2,0,1,0.61,0.59
313467,110360,0.62,-54.3,-55.8,-0.73,4,7,2.00,0,0,0,0,0,-5,3,1034,1,1,38,38,0,0,0,6,3,5,1,0.61,0.59
313473,110361,0.57,-63.3,-64.2,-1.30,4,7,1.80,0,0,0,0,0,-5,3,1034,1,1,38,38,0,0,0,6,3,5,1,0.57,0.59
313492,110362,0.59,-59.1,-60.3,-1.21,4,7,1.34,0,0,0,0,0,-5,3,1034,1,1,38,38,0,0,0,6,3,5,1,0.59,0.59
313500,110363,0.59,-54.3,-56.0,-0.77,4,7,1.56,0,0,0,0,0,-6,4,1034,1,1,38,38,0,0,0,4,1,3,1,0.59,0.59
313507,110364,0.55,-63.3,-64.3,-1.56,4,7,2.11,0,0,0,0,0,-6,2,1035,1,1,38,38,0,0,0,2,0,3,1,0.59,0.59
313513,110365,0.54,-59.1,-60.3,-1.04,4,7,1.42,0,0,0,0,0,-6,2,1035,1,1,38,38,0,0,0,2,0,3,1,0.57,0.59
313521,110366,0.60,-59.1,-60.4,-0.94,4,7,1.97,0,0,0,0,0,-6,2,1035,1,1,38,38,0,0,0,2,0,3,1,0.59,0.59
313529,110367,0.60,-62.7,-63.8,-1.01,4,7,1.78,0,0,0,0,0,-5,2,1036,1,1,38,38,0,0,0,4,2,3,1,0.59,0.59
313537,110368,0.52,-58.1,-59.8,-1.31,4,7,1.80,0,0,0,0,0,-5,2,1036,1,1,38,38,0,0,0,4,2,3,1,0.55,0.59
313543,110369,0.49,-59.1,-60.0,-1.40,4,7,1.86,0,0,0,0,0,-5,4,1037,1,1,38,38,0,0,0,3,0,3,1,0.54,0.59
313599,110370,0.55,-62.7,-64.0,-1.22,4,7,0.94,0,0,0,0,0,-5,4,1037,1,1,38,38,0,0,0,3,0,3,1,0.55,0.58
313630,110371,0.55,-58.1,-59.6,-1.01,4,7,1.67,0,0,0,0,0,-7,1,1033,1,1,38,38,0,0,0,1,-1,3,1,0.55,0.58
313637,110372,0.60,-59.1,-60.1,-1.10,4,7,2.34,0,0,0,0,0,-6,2,1033,1,1,38,38,0,0,0,4,1,3,1,0.55,0.58
313645,110373,0.59,-63.3,-64.2,-1.04,4,7,1.92,0,0,0,0,0,-5,4,1034,1,1,38,38,0,0,0,5,1,2,1,0.55,0.58
313675,110374,0.59,-59.1,-60.0,-0.82,4,7,1.56,0,0,0,0,0,-5,4,1034,1,1,38,38,0,0,0,5,1,2,1,0.59,0.58
313698,110375,0.49,-54.3,-55.9,-1.31,4,7,1.66,0,0,0,0,0,-4,3,1034,1,1,38,38,0,0,0,2,0,5,1,0.59,0.58
313704,110376,0.55,-58.1,-59.7,-1.04,4,7,1.52,0,0,0,0,0,-5,3,1033,1,1,38,38,0,0,0,4,0,3,1,0.59,0.58
313714,110377,0.64,-59.1,-60.3,-0.67,4,7,2.09,0,0,0,0,0,-5,3,1033,1,1,38,38,0,0,0,4,0,3,1,0.59,0.58
313811,110378,0.57,-63.3,-63.9,-1.06,4,7,1.20,0,0,0,0,0,-7,3,1034,1,1,38,38,0,0,0,-1,1,1,1,0.57,0.58
313834,110379,0.49,-54.3,-55.8,-1.27,4,6,2.53,0,0,0,0,0,-5,2,1035,1,1,38,38,0,0,0,-2,-2,-2,1,0.55,0.58
313865,110380,0.53,-59.1,-59.7,-0.95,4,7,1.77,0,0,0,0,0,-5,3,1033,1,1,38,38,0,0,0,1,4,3,1,0.55,0.58
313871,110381,0.59,-58.1,-59.6,-0.66,4,7,1.91,0,0,0,0,0,-5,2,1035,1,1,38,38,0,0,0,1,2,2,1,0.57,0.58
313877,110382,0.58,-63.3,-63.8,-1.15,4,7,1.56,0,0,0,0,0,-5,2,1035,1,1,38,38,0,0,0,1,2,2,1,0.57,0.58
313882,110383,0.53,-63.3,-63.9,-1.59,4,7,1.61,0,0,0,0,0,-5,1,1034,1,1,38,38,0,0,0,3,-1,2,1,0.53,0.58
313888,110384,0.50,-62.1,-62.8,-1.37,4,7,1.67,0,0,0,0,0,-5,1,1034,1,1,38,38,0,0,0,3,-1,2,1,0.53,0.57
313894,110385,0.56,-62.1,-63.2,-0.80,4,7,1.77,0,0,0,0,0,-5,1,1034,1,1,38,38,0,0,0,3,-1,2,1,0.56,0.57
313900,110386,0.54,-59.1,-60.2,-0.97,4,7,1.84,0,0,0,0,0,-6,3,1033,1,1,38,38,0,0,0,1,3,0,1,0.54,0.57
313936,110387,0.55,-58.1,-59.6,-0.89,4,7,1.64,0,0,0,0,0,-6,3,1033,1,1,38,38,0,0,0,1,3,0,1,0.54,0.57
313976,110388,0.59,-58.1,-59.4,-0.79,4,7,1.84,0,0,0,0,0,-6,4,1034,1,1,38,38,0,0,0,3,2,2,1,0.55,0.57
314017,110389,0.53,-59.1,-60.8,-0.94,4,7,2.02,0,0,0,0,0,-5,1,1034,1,1,38,38,0,0,0,2,3,2,1,0.55,0.57
314023,110390,0.54,-62.7,-63.7,-1.22,4,7,1.78,0,0,0,0,0,-6,4,1033,1,1,38,38,0,0,0,0,1,0,1,0.54,0.57
314048,110391,0.59,-60.3,-60.3,-1.24,4,7,1.66,0,0,0,0,0,-6,4,1033,1,1,38,38,0,0,0,0,1,0,1,0.55,0.57
314084,110392,0.55,-59.1,-59.6,-1.12,4,7,1.83,0,0,0,0,0,-6,2,1035,1,1,38,38,0,0,0,8,2,2,1,0.55,0.57
314107,110393,0.54,-58.1,-59.4,-0.92,4,7,1.72,0,0,0,0,0,-5,3,1033,1,1,38,38,0,0,0,1,-1,1,1,0.54,0.56
314113,110394,0.58,-59.1,-59.7,-0.97,4,7,1.70,0,0,0,0,0,-5,3,1033,1,1,38,38,0,0,0,3,-3,0,1,0.55,0.56
314119,110395,0.53,-59.1,-59.9,-1.00,4,7,1.77,0,0,0,0,0,-4,3,1032,1,1,38,38,0,0,0,2,2,2,1,0.55,0.56
314125,110396,0.58,-59.1,-59.8,-0.95,4,7,1.70,0,0,0,0,0,-4,3,1032,1,1,38,38,0,0,0,2,2,2,1,0.55,0.56
314131,110397,0.53,-58.1,-60.9,-1.00,4,7,2.14,0,0,0,0,0,-4,3,1032,1,1,38,38,0,0,0,2,2,2,1,0.54,0.56
314150,110398,0.65,-62.7,-63.7,-0.80,4,7,2.02,0,0,0,0,0,-4,3,1032,1,1,38,38,0,0,0,2,2,2,1,0.58,0.56
314185,110399,0.61,-59.1,-59.8,-0.95,4,7,1.86,0,0,0,0,0,-4,2,1034,1,1,38,38,0,0,0,2,0,2,1,0.58,0.56
314191,110400,0.56,-63.3,-63.9,-1.28,4,7,1.84,0,0,0,0,0,-4,2,1034,1,1,38,38,0,0,0,-2,0,3,1,0.58,0.57
314216,110401,0.50,-59.1,-60.4,-1.34,4,7,2.11,0,0,0,0,0,-5,3,1033,1,1,38,38,0,0,0,4,0,3,1,0.56,0.56
314273,110402,0.56,-59.1,-60.6,-1.07,4,6,2.58,0,0,0,0,0,-4,2,1034,1,1,38,38,0,0,0,1,0,2,1,0.56,0.56
314279,110403,0.62,-62.1,-63.1,-0.64,4,7,1.30,0,0,0,0,0,-4,3,1034,1,1,38,38,0,0,0,0,4,2,1,0.56,0.56
314285,110404,0.56,-60.3,-61.0,-1.19,4,7,2.19,0,0,0,0,0,-4,3,1034,1,1,38,38,0,0,0,0,4,2,1,0.56,0.56
314290,110405,0.54,-54.3,-56.1,-0.83,4,7,1.58,0,0,0,0,0,-4,3,1034,1,1,38,38,0,0,0,0,4,2,1,0.56,0.56
314315,110406,0.62,-59.1,-59.8,-1.06,4,7,1.27,0,0,0,0,0,-5,3,1036,1,1,38,38,0,0,0,4,1,5,1,0.56,0.56
314321,110407,0.57,-60.3,-60.5,-1.12,4,7,1.25,0,0,0,0,0,-7,3,1034,1,1,38,38,0,0,0,2,-1,7,1,0.57,0.56
314389,110408,0.60,-59.1,-59.7,-0.89,4,7,1.33,0,0,0,0,0,-7,3,1034,1,1,38,38,0,0,0,2,-1,7,1,0.57,0.57
314395,110409,0.53,-63.3,-63.9,-1.43,4,7,1.39,0,0,0,0,0,-6,2,1034,1,1,38,38,0,0,0,1,0,3,1,0.57,0.57
314401,110410,0.58,-58.1,-59.4,-1.19,4,7,1.52,0,0,0,0,0,-6,2,1033,1,1,38,38,0,0,0,2,1,0,1,0.58,0.57
314409,110411,0.63,-59.1,-60.0,-0.83,4,6,2.41,0,0,0,0,0,-6,2,1033,1,1,38,38,0,0,0,2,1,0,1,0.58,0.57
314444,110412,0.54,-58.1,-59.9,-1.10,4,6,2.39,0,0,0,0,0,-6,2,1033,1,1,38,38,0,0,0,2,1,0,1,0.58,0.57
314475,110413,0.52,-59.1,-59.6,-1.28,4,7,1.56,0,0,0,0,0,-5,3,1034,1,1,38,38,0,0,0,2,4,4,1,0.54,0.57
314481,110414,0.57,-59.1,-60.0,-0.94,4,7,1.83,0,0,0,0,0,-5,2,1034,1,1,38,38,0,0,0,4,-1,3,1,0.57,0.57
314487,110415,0.61,-59.1,-59.8,-0.88,4,7,1.64,0,0,0,0,0,-5,2,1034,1,1,38,38,0,0,0,4,-1,3,1,0.57,0.57
314493,110416,0.56,-58.1,-59.7,-1.03,4,7,1.81,0,0,0,0,0,-5,2,1034,1,1,38,38,0,0,0,4,-1,3,1,0.56,0.57
314508,110417,0.63,-60.3,-60.6,-0.88,4,7,1.17,0,0,0,0,0,-6,3,1035,1,1,38,38,0,0,0,1,-2,-3,1,0.57,0.57
314514,110418,0.56,-63.3,-63.9,-1.30,4,7,1.41,0,0,0,0,0,-6,3,1035,1,1,38,38,0,0,0,1,-2,-3,1,0.57,0.57
314520,110419,0.62,-60.3,-60.7,-1.09,4,7,1.16,0,0,0,0,0,-6,2,1034,1,1,38,38,0,0,0,3,0,-4,1,0.61,0.57
314539,110420,0.53,-59.1,-60.8,-1.34,4,7,2.16,0,0,0,0,0,-6,2,1034,1,1,38,38,0,0,0,3,0,-4,1,0.56,0.57
314586,110421,0.57,-63.3,-63.8,-1.21,4,7,1.36,0,0,0,0,0,-6,2,1034,1,1,38,38,0,0,0,3,2,2,1,0.57,0.57
314592,110422,0.52,-59.1,-59.5,-1.30,4,7,1.63,0,0,0,0,0,-6,2,1033,1,1,38,38,0,0,0,3,2,3,1,0.56,0.57
314598,110423,0.54,-62.1,-63.2,-0.92,4,7,1.69,0,0,0,0,0,-5,3,1034,1,1,38,38,0,0,0,5,0,3,1,0.54,0.57
314604,110424,0.61,-60.3,-60.4,-1.10,4,7,1.45,0,0,0,0,0,-5,3,1034,1,1,38,38,0,0,0,5,0,3,1,0.54,0.57
314610,110425,0.64,-60.3,-60.7,-0.67,4,7,1.41,0,0,0,0,0,-5,3,1034,1,1,38,38,0,0,0,5,0,3,1,0.57,0.57
314616,110426,0.51,-58.1,-60.4,-0.88,4,7,2.09,0,0,0,0,0,-6,2,1035,1,1,38,38,0,0,0,3,1,0,1,0.54,0.57
314622,110427,0.55,-58.1,-59.5,-0.91,4,7,1.75,0,0,0,0,0,-6,2,1035,1,1,38,38,0,0,0,3,1,0,1,0.55,0.57
314673,110428,0.51,-59.1,-59.4,-1.40,4,7,1.53,0,0,0,0,0,-6,2,1035,1,1,38,38,0,0,0,3,1,0,1,0.55,0.56
314679,110429,0.53,-59.1,-60.0,-1.16,4,7,1.72,0,0,0,0,0,-6,4,1034,1,1,38,38,0,0,0,1,4,3,1,0.53,0.56
314685,110430,0.59,-60.3,-60.4,-1.00,4,7,1.39,0,0,0,0,0,-6,4,1034,1,1,38,38,0,0,0,1,4,3,1,0.53,0.56
314691,110431,0.63,-60.3,-60.7,-0.77,4,7,1.50,0,0,0,0,0,-6,4,1034,1,1,38,38,0,0,0,1,4,3,1,0.55,0.56
314696,110432,0.61,-59.1,-59.9,-0.73,4,7,1.58,0,0,0,0,0,-5,4,1034,1,1,38,38,0,0,0,3,0,2,1,0.59,0.56
314702,110433,0.55,-62.1,-62.8,-0.95,4,7,1.73,0,0,0,0,0,-5,4,1034,1,1,38,38,0,0,0,3,0,2,1,0.59,0.56
314708,110434,0.57,-59.1,-59.7,-1.09,4,7,1.53,0,0,0,0,0,-5,4,1034,1,1,38,38,0,0,0,3,0,2,1,0.59,0.57
314714,110435,0.59,-59.1,-60.0,-1.13,4,7,1.50,0,0,0,0,0,-6,2,1033,1,1,38,38,0,0,0,3,0,2,1,0.59,0.57
314720,110436,0.52,-59.1,-60.1,-1.42,4,7,1.52,0,0,0,0,0,-6,2,1033,1,1,38,38,0,0,0,3,0,2,1,0.57,0.57
314726,110437,0.52,-59.1,-59.6,-1.34,4,7,1.73,0,0,0,0,0,-6,2,1033,1,1,38,38,0,0,0,3,0,2,1,0.55,0.57
314732,110438,0.53,-62.1,-63.2,-1.10,4,7,1.78,0,0,0,0,0,-6,2,1033,1,1,38,38,0,0,0,3,0,2,1,0.53,0.56
314738,110439,0.53,-62.7,-63.8,-1.21,4,7,1.66,0,0,0,0,0,-5,3,1033,1,1,38,38,0,0,0,3,1,3,1,0.53,0.56
314744,110440,0.55,-59.1,-59.8,-0.82,4,7,1.89,0,0,0,0,0,-5,3,1033,1,1,38,38,0,0,0,3,1,3,1,0.53,0.56
314750,110441,0.56,-62.7,-63.7,-1.06,4,7,1.66,0,0,0,0,0,-5,3,1033,1,1,38,38,0,0,0,3,1,3,1,0.53,0.56
314756,110442,0.57,-63.3,-63.5,-1.46,4,7,1.48,0,0,0,0,0,-5,2,1035,1,1,38,38,0,0,0,2,2,1,1,0.55,0.56
314785,110443,0.64,-63.3,-64.0,-1.06,4,7,1.92,0,0,0,0,0,-5,2,1035,1,1,38,38,0,0,0,2,2,1,1,0.56,0.56
314809,110444,0.67,-62.7,-63.9,-0.77,4,7,1.95,0,0,0,0,0,-6,4,1035,1,1,38,38,0,0,0,0,1,5,1,0.57,0.56
314834,110445,0.52,-59.1,-60.0,-1.34,4,7,2.17,0,0,0,0,0,-6,2,1036,1,1,38,38,0,0,0,3,1,0,1,0.57,0.56
314875,110446,0.61,-59.1,-59.8,-1.01,4,7,1.38,0,0,0,0,0,-6,3,1032,1,1,38,38,0,0,0,0,2,3,1,0.61,0.56
314883,110447,0.62,-58.1,-60.1,-0.77,4,7,2.28,0,0,0,0,0,-5,3,1034,1,1,38,38,0,0,0,5,-4,3,1,0.62,0.57
314940,110448,0.53,-59.1,-59.6,-1.09,4,7,1.72,0,0,0,0,0,-5,3,1034,1,1,38,38,0,0,0,5,-4,3,1,0.61,0.57
314987,110449,0.68,-62.7,-63.7,-0.69,4,7,1.05,0,0,0,0,0,-6,2,1033,1,1,38,38,0,0,0,3,2,0,1,0.61,0.57
314993,110450,0.56,-54.3,-55.9,-0.72,4,7,1.50,0,0,0,0,0,-6,3,1034,1,1,38,38,0,0,0,3,0,4,1,0.61,0.57
314999,110451,0.61,-63.3,-63.9,-1.10,4,7,1.14,0,0,0,0,0,-6,3,1034,1,1,38,38,0,0,0,3,0,4,1,0.61,0.57
315005,110452,0.55,-62.1,-63.3,-1.27,4,7,1.39,0,0,0,0,0,-6,3,1034,1,1,38,38,0,0,0,3,0,4,1,0.56,0.57
315024,110453,0.50,-62.1,-63.4,-1.40,4,7,1.94,0,0,0,0,0,-6,3,1034,1,1,38,38,0,0,0,3,0,4,1,0.56,0.57
315063,110454,0.57,-58.1,-60.1,-1.12,4,7,2.28,0,0,0,0,0,-6,3,1034,1,1,38,38,0,0,0,3,3,2,1,0.56,0.57
315088,110455,0.60,-58.1,-59.8,-0.98,4,7,2.14,0,0,0,0,0,-5,2,1034,1,1,38,38,0,0,0,2,0,2,1,0.57,0.57
315094,110456,0.50,-54.3,-55.5,-1.40,4,6,2.45,0,0,0,0,0,-6,4,1034,1,1,38,38,0,0,0,-1,-1,1,1,0.55,0.57
315100,110457,0.54,-60.3,-60.8,-1.27,4,7,2.02,0,0,0,0,0,-6,4,1034,1,1,38,38,0,0,0,-1,-1,1,1,0.54,0.57
315106,110458,0.53,-59.1,-60.4,-1.06,4,7,2.34,0,0,0,0,0,-6,4,1034,1,1,38,38,0,0,0,-1,-1,1,1,0.54,0.57
315112,110459,0.59,-63.3,-63.9,-1.04,4,7,1.19,0,0,0,0,0,-5,3,1034,1,1,38,38,0,0,0,1,-1,-1,1,0.54,0.57
315137,110460,0.60,-59.1,-60.2,-0.91,4,7,2.31,0,0,0,0,0,-5,3,1034,1,1,38,38,0,0,0,1,-1,-1,1,0.54,0.57
315142,110461,0.64,-54.3,-56.0,-0.69,4,6,2.39,0,0,0,0,0,-5,4,1035,1,1,38,38,0,0,0,-1,1,0,1,0.59,0.57
315148,110462,0.54,-58.1,-59.6,-0.95,4,7,1.45,0,0,0,0,0,-5,4,1035,1,1,38,38,0,0,0,-1,1,0,1,0.59,0.57
315154,110463,0.60,-62.1,-63.3,-1.01,4,7,1.47,0,0,0,0,0,-6,3,1034,1,1,38,38,0,0,0,0,0,0,1,0.60,0.57
315160,110464,0.53,-63.3,-63.9,-1.33,4,7,1.38,0,0,0,0,0,-6,3,1034,1,1,38,38,0,0,0,0,0,0,1,0.60,0.57
315166,110465,0.61,-59.1,-59.8,-0.86,4,7,1.55,0,0,0,0,0,-6,3,1034,1,1,38,38,0,0,0,0,0,0,1,0.60,0.57
315172,110466,0.55,-62.1,-63.3,-0.92,4,7,1.56,0,0,0,0,0,-7,3,1033,1,1,38,38,0,0,0,0,0,-1,1,0.55,0.57
315193,110467,0.62,-59.1,-59.7,-0.91,4,7,1.55,0,0,0,0,0,-7,3,1033,1,1,38,38,0,0,0,0,0,-1,1,0.60,0.57
315199,110468,0.54,-63.3,-63.8,-1.46,4,7,1.56,0,0,0,0,0,-5,2,1034,1,1,38,38,0,0,0,2,2,0,1,0.55,0.57
315205,110469,0.55,-59.1,-60.0,-1.24,4,7,1.83,0,0,0,0,0,-5,2,1034,1,1,38,38,0,0,0,2,2,0,1,0.55,0.57
315213,110470,0.59,-59.1,-60.0,-1.04,4,7,1.31,0,0,0,0,0,-4,2,1035,1,1,38,38,0,0,0,2,4,1,1,0.55,0.57
315221,110471,0.59,-58.1,-59.8,-1.03,4,7,1.39,0,0,0,0,0,-4,2,1035,1,1,38,38,0,0,0,2,4,1,1,0.59,0.57
315251,110472,0.54,-58.1,-60.7,-0.92,4,7,2.06,0,0,0,0,0,-4,2,1035,1,1,38,38,0,0,0,2,4,1,1,0.55,0.57
315276,110473,0.54,-58.1,-59.6,-0.94,4,7,1.98,0,0,0,0,0,-6,4,1034,1,1,38,38,0,0,0,4,0,2,1,0.55,0.57
315282,110474,0.56,-63.3,-64.1,-1.36,4,7,1.78,0,0,0,0,0,-4,2,1035,1,1,38,38,0,0,0,4,0,0,1,0.56,0.57
315327,110475,0.62,-59.1,-59.7,-0.94,4,7,1.45,0,0,0,0,0,-4,2,1035,1,1,38,38,0,0,0,4,0,0,1,0.56,0.57
315333,110476,0.60,-59.1,-60.3,-1.24,4,7,1.42,0,0,0,0,0,-4,3,1034,1,1,38,38,0,0,0,3,1,0,1,0.56,0.57
315363,110477,0.64,-62.7,-63.6,-0.67,4,7,1.83,0,0,0,0,0,-4,3,1034,1,1,38,38,0,0,0,3,1,0,1,0.60,0.57
315377,110478,0.63,-63.3,-63.8,-1.09,4,7,1.11,0,0,0,0,0,-5,1,1033,1,1,38,38,0,0,0,3,1,2,1,0.62,0.57
315383,110479,0.60,-62.7,-63.6,-0.83,4,7,2.22,0,0,0,0,0,-5,2,1033,1,1,38,38,0,0,0,4,1,3,1,0.62,0.58
315413,110480,0.56,-58.1,-60.6,-0.97,4,7,2.02,0,0,0,0,0,-5,2,1033,1,1,38,38,0,0,0,4,1,3,1,0.60,0.58
315464,110481,0.57,-59.1,-59.8,-0.98,4,7,1.81,0,0,0,0,0,-6,3,1035,1,1,38,38,0,0,0,1,0,2,1,0.60,0.58
315472,110482,0.49,-63.3,-63.8,-1.55,4,7,1.70,0,0,0,0,0,-5,2,1034,1,1,38,38,0,0,0,4,-3,3,1,0.57,0.58
315477,110483,0.53,-58.1,-59.6,-0.97,4,7,1.97,0,0,0,0,0,-5,2,1034,1,1,38,38,0,0,0,4,-3,3,1,0.56,0.58
315485,110484,0.55,-63.3,-64.0,-1.18,4,7,1.50,0,0,0,0,0,-5,2,1034,1,1,38,38,0,0,0,4,-3,3,1,0.55,0.58
315491,110485,0.62,-59.1,-59.7,-0.92,4,7,1.44,0,0,0,0,0,-4,4,1036,1,1,38,38,0,0,0,2,0,-1,1,0.55,0.57
315499,110486,0.53,-63.3,-63.9,-1.53,4,6,2.38,0,0,0,0,0,-4,4,1036,1,1,38,38,0,0,0,2,0,-1,1,0.53,0.57
315505,110487,0.60,-58.1,-59.8,-0.95,4,7,1.44,0,0,0,0,0,-4,4,1036,1,1,38,38,0,0,0,2,0,-1,1,0.55,0.57
315513,110488,0.55,-63.3,-64.2,-1.10,4,7,1.20,0,0,0,0,0,-5,3,1034,1,1,38,38,0,0,0,2,1,2,1,0.55,0.57
315521,110489,0.68,-63.3,-63.9,-0.75,4,7,1.88,0,0,0,0,0,-5,3,1034,1,1,38,38,0,0,0,2,1,2,1,0.60,0.57
315528,110490,0.58,-63.3,-64.0,-1.22,4,7,1.75,0,0,0,0,0,-5,3,1034,1,1,38,38,0,0,0,2,1,2,1,0.58,0.57
315596,110491,0.48,-63.3,-64.3,-1.61,4,7,2.14,0,0,0,0,0,-6,3,1033,1,1,38,38,0,0,0,2,-1,0,1,0.58,0.57
315602,110492,0.52,-59.1,-60.0,-1.18,4,7,2.31,0,0,0,0,0,-5,2,1034,1,1,38,38,0,0,0,1,-1,-1,1,0.55,0.57
315608,110493,0.58,-59.1,-60.6,-0.97,4,7,2.31,0,0,0,0,0,-5,2,1034,1,1,38,38,0,0,0,1,-1,-1,1,0.58,0.57
315614,110494,0.58,-63.3,-64.0,-1.24,4,7,1.19,0,0,0,0,0,-5,3,1034,1,1,38,38,0,0,0,-1,-1,-1,1,0.58,0.57
315661,110495,0.65,-62.7,-63.7,-0.75,4,7,1.80,0,0,0,0,0,-5,3,1034,1,1,38,38,0,0,0,-1,-1,-1,1,0.58,0.57
315667,110496,0.59,-62.7,-63.9,-1.04,4,7,1.83,0,0,0,0,0,-6,4,1034,1,1,38,38,0,0,0,2,3,3,1,0.58,0.57
315673,110497,0.53,-59.1,-60.1,-1.28,4,7,1.89,0,0,0,0,0,-5,3,1033,1,1,38,38,0,0,0,0,3,0,1,0.58,0.57
315679,110498,0.57,-58.1,-59.7,-1.18,4,7,1.94,0,0,0,0,0,-5,3,1033,1,1,38,38,0,0,0,0,3,0,1,0.58,0.57
315685,110499,0.68,-62.7,-63.6,-0.55,4,7,1.83,0,0,0,0,0,-5,3,1033,1,1,38,38,0,0,0,0,3,0,1,0.59,0.58
315691,110500,0.65,-59.1,-59.9,-0.63,4,7,2.00,0,0,0,0,0,-6,2,1033,1,1,38,38,0,0,0,3,4,2,1,0.59,0.58
315697,110501,0.58,-59.1,-59.8,-1.10,4,7,1.92,0,0,0,0,0,-6,2,1033,1,1,38,38,0,0,0,3,4,2,1,0.58,0.58
315748,110502,0.53,-54.3,-55.9,-0.98,4,7,2.27,0,0,0,0,0,-6,2,1033,1,1,38,38,0,0,0,3,4,2,1,0.58,0.58
315754,110503,0.60,-58.1,-60.0,-0.98,4,7,2.08,0,0,0,0,0,-4,3,1034,1,1,38,38,0,0,0,1,0,2,1,0.60,0.58
315760,110504,0.58,-60.3,-60.7,-1.18,4,7,1.91,0,0,0,0,0,-4,3,1034,1,1,38,38,0,0,0,1,0,2,1,0.58,0.58
315766,110505,0.62,-59.1,-60.6,-0.76,4,7,2.17,0,0,0,0,0,-4,3,1034,1,1,38,38,0,0,0,1,0,2,1,0.58,0.58
315772,110506,0.59,-58.1,-60.1,-0.83,4,7,2.27,0,0,0,0,0,-4,4,1034,1,1,38,38,0,0,0,3,1,3,1,0.59,0.58
315778,110507,0.63,-63.3,-64.0,-0.94,4,7,1.94,0,0,0,0,0,-4,4,1034,1,1,38,38,0,0,0,3,1,3,1,0.60,0.58
315783,110508,0.54,-58.1,-59.9,-1.34,4,7,2.31,0,0,0,0,0,-4,4,1034,1,1,38,38,0,0,0,3,1,3,1,0.59,0.58
315789,110509,0.58,-59.1,-60.4,-0.92,4,7,2.28,0,0,0,0,0,-6,2,1034,1,1,38,38,0,0,0,1,0,2,1,0.59,0.58
315795,110510,0.58,-63.3,-64.3,-1.27,4,7,1.02,0,0,0,0,0,-6,2,1034,1,1,38,38,0,0,0,1,0,2,1,0.58,0.58
315801,110511,0.56,-54.3,-56.4,-0.85,4,6,2.45,0,0,0,0,0,-6,2,1034,1,1,38,38,0,0,0,1,0,2,1,0.58,0.58
315809,110512,0.57,-62.7,-64.0,-1.18,4,7,1.92,0,0,0,0,0,-6,2,1034,1,1,38,38,0,0,0,3,3,1,1,0.57,0.58
315899,110513,0.60,-59.1,-60.0,-1.00,4,7,1.83,0,0,0,0,0,-5,2,1034,1,1,38,38,0,0,0,3,3,1,1,0.58,0.58
315907,110514,0.58,-62.7,-63.7,-0.97,4,7,1.66,0,0,0,0,0,-5,3,1034,1,1,38,38,0,0,0,3,2,3,1,0.58,0.58
315913,110515,0.52,-58.1,-59.8,-1.27,4,7,1.75,0,0,0,0,0,-5,3,1034,1,1,38,38,0,0,0,6,2,5,1,0.57,0.58
315919,110516,0.59,-59.1,-60.0,-0.98,4,7,1.61,0,0,0,0,0,-5,3,1034,1,1,38,38,0,0,0,6,2,5,1,0.58,0.58
315925,110517,0.53,-58.1,-59.5,-1.46,4,7,1.77,0,0,0,0,0,-5,3,1034,1,1,38,38,0,0,0,6,2,5,1,0.58,0.58
315933,110518,0.58,-59.1,-59.9,-1.00,4,7,1.72,0,0,0,0,0,-6,2,1035,1,1,38,38,0,0,0,2,-1,4,1,0.58,0.58
316006,110519,0.66,-62.1,-63.3,-0.66,4,7,1.23,0,0,0,0,0,-6,2,1035,1,1,38,38,0,0,0,2,-1,4,1,0.58,0.58
316012,110520,0.68,-62.7,-63.7,-0.75,4,7,1.11,0,0,0,0,0,-5,3,1035,1,1,38,38,0,0,0,0,2,0,1,0.59,0.58
316018,110521,0.59,-63.3,-64.2,-1.13,4,7,1.19,0,0,0,0,0,-5,3,1035,1,1,38,38,0,0,0,0,2,0,1,0.59,0.58
316024,110522,0.59,-60.3,-60.7,-1.10,4,7,2.00,0,0,0,0,0,-5,3,1035,1,1,38,38,0,0,0,0,2,0,1,0.59,0.58
316030,110523,0.44,-54.3,-56.2,-1.48,4,7,1.56,0,0,0,0,0,-6,4,1034,1,1,38,38,0,0,0,-1,-1,3,1,0.59,0.58
316036,110524,0.49,-54.3,-55.7,-1.31,4,6,2.45,0,0,0,0,0,-6,4,1034,1,1,38,38,0,0,0,-1,-1,3,1,0.59,0.58
316042,110525,0.61,-59.1,-60.4,-1.07,4,7,1.05,0,0,0,0,0,-6,4,1034,1,1,38,38,0,0,0,-1,-1,3,1,0.59,0.58
316048,110526,0.50,-62.1,-63.0,-1.52,4,7,1.33,0,0,0,0,0,-6,2,1033,1,1,38,38,0,0,0,3,-2,2,1,0.50,0.58
316054,110527,0.56,-59.1,-60.3,-1.12,4,7,2.31,0,0,0,0,0,-6,2,1033,1,1,38,38,0,0,0,3,-2,2,1,0.50,0.57
316060,110528,0.60,-62.7,-64.0,-1.19,4,7,1.25,0,0,0,0,0,-6,2,1033,1,1,38,38,0,0,0,3,-2,2,1,0.56,0.57
316066,110529,0.61,-58.1,-60.0,-0.77,4,7,1.41,0,0,0,0,0,-6,2,1032,1,1,38,38,0,0,0,2,0,1,1,0.60,0.58
316090,110530,0.55,-58.1,-59.7,-1.06,4,7,1.75,0,0,0,0,0,-5,2,1032,1,1,38,38,0,0,0,2,0,1,1,0.56,0.57
316096,110531,0.58,-59.1,-60.2,-0.95,4,7,1.36,0,0,0,0,0,-5,2,1033,1,1,38,38,0,0,0,6,1,-1,1,0.58,0.58
316158,110532,0.59,-59.1,-60.3,-0.89,4,7,2.03,0,0,0,0,0,-5,2,1033,1,1,38,38,0,0,0,6,1,-1,1,0.59,0.58
316194,110533,0.57,-59.1,-60.5,-1.09,4,7,2.03,0,0,0,0,0,-6,2,1035,1,1,38,38,0,0,0,5,-2,2,1,0.58,0.58
316200,110534,0.56,-59.1,-60.1,-1.15,4,7,1.94,0,0,0,0,0,-5,3,1032,1,1,38,38,0,0,0,3,1,1,1,0.57,0.58
316206,110535,0.57,-54.3,-56.2,-0.79,4,7,2.31,0,0,0,0,0,-6,3,1033,1,1,38,38,0,0,0,4,2,3,1,0.57,0.58
316212,110536,0.60,-63.3,-64.0,-0.92,4,7,1.88,0,0,0,0,0,-6,3,1033,1,1,38,38,0,0,0,4,2,3,1,0.57,0.58
316218,110537,0.58,-62.7,-63.9,-1.15,4,7,0.97,0,0,0,0,0,-6,3,1033,1,1,38,38,0,0,0,4,2,3,1,0.57,0.58
316224,110538,0.54,-54.3,-56.2,-0.95,4,6,2.38,0,0,0,0,0,-6,3,1033,1,1,38,38,0,0,0,4,2,3,1,0.57,0.58
316230,110539,0.53,-54.3,-56.0,-1.16,4,6,2.39,0,0,0,0,0,-4,2,1034,1,1,38,38,0,0,0,7,0,0,1,0.57,0.58
316255,110540,0.61,-59.1,-60.4,-0.83,4,7,2.14,0,0,0,0,0,-4,2,1034,1,1,38,38,0,0,0,7,0,0,1,0.58,0.58
316278,110541,0.56,-59.1,-60.2,-0.95,4,7,2.17,0,0,0,0,0,-5,3,1035,1,1,38,38,0,0,0,4,1,2,1,0.56,0.57
316441,110542,0.58,-54.3,-55.9,-1.00,4,7,1.55,0,0,0,0,0,-5,4,1036,1,1,38,38,0,0,0,3,3,2,1,0.56,0.57
316447,110543,0.50,-54.3,-55.7,-1.39,4,7,1.48,0,0,0,0,0,-6,3,1034,1,1,38,38,0,0,0,2,0,1,1,0.56,0.57
316453,110544,0.66,-62.7,-63.7,-0.75,4,7,1.28,0,0,0,0,0,-6,3,1034,1,1,38,38,0,0,0,2,0,1,1,0.58,0.57
316494,110545,0.58,-62.7,-63.6,-0.95,4,7,1.66,0,0,0,0,0,-6,3,1034,1,1,38,38,0,0,0,2,0,1,1,0.58,0.57
316500,110546,0.57,-58.1,-59.7,-0.57,4,7,1.95,0,0,0,0,0,-5,3,1034,1,1,38,38,0,0,0,5,4,2,1,0.58,0.57
316506,110547,0.55,-62.1,-62.8,-1.27,4,7,1.69,0,0,0,0,0,-5,4,1034,1,1,38,38,0,0,0,2,2,1,1,0.57,0.57
316546,110548,0.60,-62.7,-63.8,-1.00,4,7,1.86,0,0,0,0,0,-5,4,1034,1,1,38,38,0,0,0,2,2,1,1,0.58,0.58
316552,110549,0.52,-58.1,-60.1,-1.13,4,7,2.33,0,0,0,0,0,-4,3,1034,1,1,38,38,0,0,0,3,-1,3,1,0.57,0.57
316565,110550,0.57,-63.3,-64.3,-1.22,4,7,1.23,0,0,0,0,0,-4,3,1034,1,1,38,38,0,0,0,3,-1,3,1,0.57,0.57
316573,110551,0.61,-63.3,-64.1,-0.92,4,7,1.94,0,0,0,0,0,-6,3,1034,1,1,38,38,0,0,0,1,-1,1,1,0.57,0.57
316579,110552,0.57,-59.1,-60.6,-1.19,4,7,2.11,0,0,0,0,0,-6,3,1034,1,1,38,38,0,0,0,1,-1,1,1,0.57,0.57
316585,110553,0.63,-59.1,-60.4,-0.92,4,7,2.05,0,0,0,0,0,-5,3,1034,1,1,38,38,0,0,0,3,-2,1,1,0.57,0.57
316591,110554,0.64,-59.1,-60.6,-1.01,4,7,1.92,0,0,0,0,0,-5,3,1034,1,1,38,38,0,0,0,3,-2,1,1,0.61,0.58
316597,110555,0.52,-59.1,-60.5,-1.22,4,7,2.31,0,0,0,0,0,-5,3,1034,1,1,38,38,0,0,0,3,-2,1,1,0.61,0.58
316681,110556,0.57,-59.1,-60.0,-0.92,4,7,1.70,0,0,0,0,0,-6,4,1035,1,1,38,38,0,0,0,3,0,-1,1,0.57,0.58
316689,110557,0.48,-59.1,-60.2,-1.43,4,7,1.59,0,0,0,0,0,-5,3,1034,1,1,38,38,0,0,0,3,2,4,1,0.57,0.58
316697,110558,0.57,-62.7,-63.7,-1.13,4,7,1.22,0,0,0,0,0,-5,3,1034,1,1,38,38,0,0,0,3,2,4,1,0.57,0.58
316705,110559,0.53,-59.1,-60.5,-1.15,4,7,2.14,0,0,0,0,0,-4,3,1035,1,1,38,38,0,0,0,2,-2,2,1,0.53,0.57
316713,110560,0.66,-62.7,-63.9,-0.76,4,7,1.83,0,0,0,0,0,-4,3,1035,1,1,38,38,0,0,0,2,-2,2,1,0.57,0.57
316719,110561,0.56,-62.7,-64.0,-1.04,4,7,1.89,0,0,0,0,0,-4,3,1035,1,1,38,38,0,0,0,2,-2,2,1,0.56,0.57
316725,110562,0.56,-61.6,-63.7,-0.80,4,7,2.19,0,0,0,0,0,-6,2,1033,1,1,38,38,0,0,0,1,4,0,1,0.56,0.57
316732,110563,0.58,-62.7,-63.6,-0.95,4,7,1.78,0,0,0,0,0,-6,2,1033,1,1,38,38,0,0,0,1,4,0,1,0.56,0.57
316785,110564,0.57,-63.3,-64.2,-1.06,4,7,1.91,0,0,0,0,0,-6,2,1033,1,1,38,38,0,0,0,1,4,0,1,0.57,0.57
316793,110565,0.55,-60.3,-60.3,-1.27,4,7,1.70,0,0,0,0,0,-5,3,1033,1,1,38,38,0,0,0,6,-3,1,1,0.56,0.57
316799,110566,0.56,-63.3,-64.0,-1.34,4,7,1.75,0,0,0,0,0,-5,3,1033,1,1,38,38,0,0,0,6,-3,1,1,0.56,0.57
316827,110567,0.58,-62.7,-63.7,-0.89,4,7,1.22,0,0,0,0,0,-6,3,1034,1,1,38,38,0,0,0,3,0,3,1,0.57,0.57
316835,110568,0.55,-59.1,-60.4,-1.19,4,7,2.19,0,0,0,0,0,-5,2,1033,1,1,38,38,0,0,0,4,0,-1,1,0.56,0.57
316841,110569,0.57,-59.1,-60.4,-1.06,4,7,2.23,0,0,0,0,0,-5,3,1035,1,1,38,38,0,0,0,2,0,1,1,0.56,0.57
316847,110570,0.57,-63.3,-64.2,-1.36,4,7,1.09,0,0,0,0,0,-5,3,1035,1,1,38,38,0,0,0,2,0,1,1,0.57,0.57
316866,110571,0.62,-59.1,-60.1,-0.92,4,7,1.73,0,0,0,0,0,-5,3,1035,1,1,38,38,0,0,0,2,0,1,1,0.57,0.57
316874,110572,0.62,-59.1,-59.9,-0.80,4,7,1.56,0,0,0,0,0,-6,3,1033,1,1,38,38,0,0,0,3,-1,-1,1,0.57,0.57
316880,110573,0.59,-58.1,-59.7,-0.85,4,7,1.67,0,0,0,0,0,-6,3,1033,1,1,38,38,0,0,0,3,-1,-1,1,0.59,0.57
316888,110574,0.58,-60.3,-60.5,-1.18,4,7,1.17,0,0,0,0,0,-6,3,1034,1,1,38,38,0,0,0,2,2,5,1,0.59,0.57
316896,110575,0.57,-63.3,-64.0,-1.52,4,7,2.02,0,0,0,0,0,-6,3,1034,1,1,38,38,0,0,0,2,2,5,1,0.59,0.57
316958,110576,0.55,-59.1,-60.5,-1.28,4,7,2.11,0,0,0,0,0,-5,3,1034,1,1,38,38,0,0,0,6,0,-1,1,0.58,0.57
316964,110577,0.53,-54.3,-55.8,-1.10,4,7,2.25,0,0,0,0,0,-7,2,1033,1,1,38,38,0,0,0,3,0,4,1,0.57,0.57
316970,110578,0.68,-63.3,-64.1,-0.70,4,7,2.00,0,0,0,0,0,-7,2,1033,1,1,38,38,0,0,0,3,0,4,1,0.57,0.57
316976,110579,0.60,-59.1,-60.4,-0.92,4,7,2.14,0,0,0,0,0,-7,2,1033,1,1,38,38,0,0,0,3,0,4,1,0.57,0.57
316991,110580,0.57,-58.1,-59.9,-1.04,4,7,2.25,0,0,0,0,0,-5,3,1034,1,1,38,38,0,0,0,1,0,4,1,0.57,0.57
317004,110581,0.54,-58.1,-59.7,-1.03,4,7,1.77,0,0,0,0,0,-5,3,1034,1,1,38,38,0,0,0,1,0,4,1,0.57,0.57
317012,110582,0.60,-62.7,-63.7,-0.95,4,7,1.09,0,0,0,0,0,-5,3,1035,1,1,38,38,0,0,0,3,0,4,1,0.60,0.58
317048,110583,0.67,-59.1,-60.4,-0.69,4,7,2.02,0,0,0,0,0,-5,3,1035,1,1,38,38,0,0,0,3,0,4,1,0.60,0.58
317056,110584,0.57,-59.1,-59.9,-1.04,4,7,1.86,0,0,0,0,0,-7,2,1034,1,1,38,38,0,0,0,4,-2,3,1,0.57,0.58
317090,110585,0.64,-60.3,-60.8,-0.67,4,7,1.61,0,0,0,0,0,-6,3,1035,1,1,38,38,0,0,0,3,-1,2,1,0.60,0.58
317096,110586,0.57,-59.1,-59.9,-1.01,4,7,1.80,0,0,0,0,0,-5,2,1036,1,1,38,38,0,0,0,1,3,2,1,0.60,0.58
317115,110587,0.54,-59.1,-60.1,-1.01,4,7,1.52,0,0,0,0,0,-5,3,1034,1,1,38,38,0,0,0,-2,-2,1,1,0.57,0.58
317123,110588,0.66,-62.7,-63.9,-0.86,4,7,1.08,0,0,0,0,0,-5,3,1034,1,1,38,38,0,0,0,-1,0,1,1,0.57,0.58
317129,110589,0.54,-58.1,-60.0,-0.91,4,7,1.42,0,0,0,0,0,-5,3,1034,1,1,38,38,0,0,0,-1,0,1,1,0.57,0.58
317136,110590,0.60,-62.7,-64.1,-0.89,4,7,1.92,0,0,0,0,0,-5,3,1034,1,1,38,38,0,0,0,-1,0,1,1,0.57,0.58
317142,110591,0.53,-58.1,-60.0,-0.98,4,6,2.44,0,0,0,0,0,-6,4,1034,1,1,38,38,0,0,0,1,1,2,1,0.54,0.58
317150,110592,0.63,-62.7,-63.8,-0.76,4,7,1.80,0,0,0,0,0,-6,4,1034,1,1,38,38,0,0,0,1,1,2,1,0.60,0.58
317158,110593,0.56,-62.7,-63.6,-1.34,4,7,1.50,0,0,0,0,0,-6,4,1034,1,1,38,38,0,0,0,1,1,2,1,0.56,0.58
317166,110594,0.60,-59.1,-60.0,-1.00,4,7,1.42,0,0,0,0,0,-5,3,1034,1,1,38,38,0,0,0,2,-1,-1,1,0.60,0.58
317172,110595,0.53,-59.1,-60.0,-1.24,4,7,1.69,0,0,0,0,0,-5,3,1034,1,1,38,38,0,0,0,2,-1,-1,1,0.56,0.58
317178,110596,0.53,-62.7,-63.8,-1.13,4,7,1.59,0,0,0,0,0,-5,3,1034,1,1,38,38,0,0,0,2,-1,-1,1,0.56,0.58
317186,110597,0.55,-59.1,-60.1,-1.12,4,7,1.48,0,0,0,0,0,-5,4,1034,1,1,38,38,0,0,0,3,3,4,1,0.55,0.57
317192,110598,0.56,-58.1,-59.7,-0.66,4,7,1.84,0,0,0,0,0,-5,4,1034,1,1,38,38,0,0,0,3,3,4,1,0.55,0.57
317199,110599,0.52,-63.3,-64.3,-1.36,4,7,2.33,0,0,0,0,0,-5,4,1034,1,1,38,38,0,0,0,3,3,4,1,0.53,0.57
317207,110600,0.66,-62.7,-64.0,-0.80,4,7,1.97,0,0,0,0,0,-5,4,1034,1,1,38,38,0,0,0,-1,0,3,1,0.55,0.57
317213,110601,0.62,-54.3,-55.9,-0.86,4,7,1.28,0,0,0,0,0,-5,4,1034,1,1,38,38,0,0,0,-1,0,3,1,0.56,0.57
317229,110602,0.56,-58.1,-60.5,-1.07,4,7,2.06,0,0,0,0,0,-4,2,1034,1,1,38,38,0,0,0,-1,1,0,1,0.56,0.57
317234,110603,0.58,-63.3,-64.0,-0.94,4,7,1.84,0,0,0,0,0,-4,2,1034,1,1,38,38,0,0,0,-1,1,0,1,0.58,0.57
317240,110604,0.65,-62.7,-63.8,-0.75,4,7,1.84,0,0,0,0,0,-5,3,1034,1,1,38,38,0,0,0,4,1,2,1,0.62,0.57
317248,110605,0.55,-58.1,-59.6,-1.13,4,7,1.92,0,0,0,0,0,-5,3,1034,1,1,38,38,0,0,0,4,1,2,1,0.58,0.57
317278,110606,0.54,-62.1,-63.5,-1.30,4,6,2.42,0,0,0,0,0,-5,3,1034,1,1,38,38,0,0,0,4,1,2,1,0.56,0.57
317286,110607,0.49,-63.3,-64.3,-1.71,4,7,1.95,0,0,0,0,0,-6,3,1034,1,1,38,38,0,0,0,5,-1,0,1,0.55,0.57
317294,110608,0.56,-58.1,-60.5,-0.97,4,7,2.09,0,0,0,0,0,-6,3,1034,1,1,38,38,0,0,0,5,-1,0,1,0.55,0.57
317308,110609,0.50,-63.3,-64.5,-1.70,4,7,1.05,0,0,0,0,0,-5,3,1036,1,1,38,38,0,0,0,4,1,2,1,0.54,0.57
317315,110610,0.60,-59.1,-60.3,-1.03,4,7,1.95,0,0,0,0,0,-5,3,1036,1,1,38,38,0,0,0,4,1,2,1,0.54,0.57
317321,110611,0.59,-63.3,-64.2,-1.01,4,7,1.92,0,0,0,0,0,-6,2,1036,1,1,38,38,0,0,0,3,-1,1,1,0.56,0.57
317327,110612,0.57,-63.3,-64.6,-1.16,4,7,2.02,0,0,0,0,0,-6,2,1036,1,1,38,38,0,0,0,3,-1,1,1,0.57,0.57
317367,110613,0.61,-58.1,-59.6,-0.85,4,7,1.41,0,0,0,0,0,-6,2,1036,1,1,38,38,0,0,0,3,-1,1,1,0.59,0.57
317380,110614,0.54,-58.1,-59.6,-0.97,4,7,1.70,0,0,0,0,0,-5,2,1034,1,1,38,38,0,0,0,-3,-3,6,1,0.59,0.57
317388,110615,0.59,-59.1,-60.1,-0.85,4,7,1.47,0,0,0,0,0,-6,2,1034,1,1,38,38,0,0,0,2,2,0,1,0.59,0.57
317396,110616,0.53,-59.1,-60.1,-1.43,4,7,2.28,0,0,0,0,0,-6,2,1034,1,1,38,38,0,0,0,2,2,0,1,0.57,0.57
317477,110617,0.57,-63.3,-64.1,-1.16,4,7,1.31,0,0,0,0,0,-4,2,1032,1,1,38,38,0,0,0,0,-2,1,1,0.57,0.57
317483,110618,0.59,-59.1,-60.1,-1.09,4,7,1.50,0,0,0,0,0,-6,3,1034,1,1,38,38,0,0,0,4,0,1,1,0.57,0.57
317517,110619,0.61,-59.1,-60.3,-0.89,4,7,1.28,0,0,0,0,0,-6,3,1034,1,1,38,38,0,0,0,4,0,1,1,0.59,0.57
317523,110620,0.53,-63.3,-64.4,-1.39,4,7,1.14,0,0,0,0,0,-6,3,1035,1,1,38,38,0,0,0,0,-1,1,1,0.57,0.57
317529,110621,0.55,-59.1,-60.1,-1.04,4,7,1.38,0,0,0,0,0,-6,3,1035,1,1,38,38,0,0,0,0,-1,1,1,0.57,0.57
317587,110622,0.55,-58.1,-59.8,-1.25,4,7,1.86,0,0,0,0,0,-6,3,1035,1,1,38,38,0,0,0,0,-1,1,1,0.55,0.57
317593,110623,0.62,-63.3,-63.8,-0.97,4,7,1.61,0,0,0,0,0,-7,3,1035,1,1,38,38,0,0,0,-2,-1,1,1,0.55,0.57
317599,110624,0.55,-58.1,-59.6,-1.28,4,7,1.73,0,0,0,0,0,-7,2,1035,1,1,38,38,0,0,0,0,-2,4,1,0.55,0.57
317607,110625,0.54,-59.1,-59.9,-1.27,4,7,1.44,0,0,0,0,0,-7,2,1035,1,1,38,38,0,0,0,0,-2,4,1,0.55,0.57
317635,110626,0.59,-59.1,-60.0,-0.95,4,7,1.88,0,0,0,0,0,-7,2,1035,1,1,38,38,0,0,0,0,-2,4,1,0.55,0.57
317643,110627,0.58,-62.1,-63.3,-0.88,4,7,1.81,0,0,0,0,0,-4,2,1033,1,1,38,38,0,0,0,1,2,4,1,0.58,0.57
317651,110628,0.57,-58.1,-59.9,-0.88,4,7,1.66,0,0,0,0,0,-4,2,1033,1,1,38,38,0,0,0,1,2,4,1,0.57,0.57
317659,110629,0.61,-59.1,-60.2,-1.10,4,7,1.36,0,0,0,0,0,-4,3,1035,1,1,38,38,0,0,0,2,0,-1,1,0.58,0.57
317665,110630,0.65,-60.3,-61.0,-1.00,4,7,1.09,0,0,0,0,0,-4,3,1035,1,1,38,38,0,0,0,2,0,-1,1,0.59,0.57
317712,110631,0.55,-54.3,-56.5,-1.01,4,7,2.30,0,0,0,0,0,-4,3,1035,1,1,38,38,0,0,0,2,0,-1,1,0.58,0.57
317718,110632,0.57,-59.1,-60.1,-1.13,4,7,1.95,0,0,0,0,0,-5,2,1035,1,1,38,38,0,0,0,2,0,0,1,0.57,0.57
317724,110633,0.59,-62.7,-64.1,-1.13,4,7,1.86,0,0,0,0,0,-5,2,1035,1,1,38,38,0,0,0,2,0,0,1,0.59,0.57
317730,110634,0.56,-58.1,-60.1,-1.16,4,7,2.13,0,0,0,0,0,-5,2,1035,1,1,38,38,0,0,0,2,0,0,1,0.57,0.57
317736,110635,0.66,-62.7,-63.9,-0.76,4,7,1.89,0,0,0,0,0,-5,2,1035,1,1,38,38,0,0,0,2,0,0,1,0.57,0.57
317742,110636,0.56,-58.1,-60.0,-0.95,4,6,2.42,0,0,0,0,0,-6,3,1035,1,1,38,38,0,0,0,6,-1,2,1,0.57,0.57
317747,110637,0.61,-59.1,-60.3,-0.92,4,7,2.03,0,0,0,0,0,-6,3,1035,1,1,38,38,0,0,0,6,-1,2,1,0.59,0.57
317776,110638,0.53,-58.1,-59.8,-1.06,4,7,1.95,0,0,0,0,0,-6,3,1035,1,1,38,38,0,0,0,6,-1,2,1,0.56,0.57
317789,110639,0.62,-59.1,-60.2,-0.73,4,7,1.83,0,0,0,0,0,-5,2,1034,1,1,38,38,0,0,0,2,-1,2,1,0.61,0.57
317797,110640,0.62,-59.1,-60.3,-0.83,4,7,1.34,0,0,0,0,0,-5,2,1034,1,1,38,38,0,0,0,2,1,4,1,0.61,0.58
317803,110641,0.53,-63.3,-64.1,-1.39,4,7,1.33,0,0,0,0,0,-4,3,1034,1,1,38,38,0,0,0,1,1,4,1,0.61,0.58
317817,110642,0.57,-59.1,-60.0,-1.22,4,7,1.69,0,0,0,0,0,-4,3,1034,1,1,38,38,0,0,0,1,1,4,1,0.57,0.58
317823,110643,0.56,-58.1,-59.6,-1.13,4,7,1.77,0,0,0,0,0,-5,2,1032,1,1,38,38,0,0,0,3,-2,0,1,0.57,0.58
317907,110644,0.60,-59.1,-60.4,-1.07,4,7,1.13,0,0,0,0,0,-5,2,1032,1,1,38,38,0,0,0,3,-2,0,1,0.57,0.58
317988,110645,0.63,-59.1,-60.2,-0.83,4,7,1.41,0,0,0,0,0,-5,2,1034,1,1,38,38,0,0,0,3,-1,-1,1,0.57,0.58
317994,110646,0.58,-63.3,-64.2,-1.27,4,7,2.34,0,0,0,0,0,-5,2,1035,1,1,38,38,0,0,0,3,1,3,1,0.58,0.58
318000,110647,0.62,-58.1,-59.8,-0.79,4,7,1.44,0,0,0,0,0,-4,3,1033,1,1,38,38,0,0,0,4,1,3,1,0.60,0.58
318008,110648,0.56,-63.3,-64.3,-1.30,4,7,1.17,0,0,0,0,0,-4,3,1033,1,1,38,38,0,0,0,4,1,3,1,0.60,0.58
318053,110649,0.62,-62.7,-63.7,-0.89,4,7,1.73,0,0,0,0,0,-4,3,1033,1,1,38,38,0,0,0,4,1,3,1,0.62,0.58
318139,110650,0.59,-63.3,-64.2,-0.94,4,7,1.20,0,0,0,0,0,-6,3,1034,1,1,38,38,0,0,0,-1,3,3,1,0.59,0.58
318147,110651,0.59,-59.1,-60.5,-0.92,4,7,2.28,0,0,0,0,0,-7,3,1033,1,1,38,38,0,0,0,5,0,3,1,0.59,0.58
318153,110652,0.60,-59.1,-60.3,-1.25,4,7,2.02,0,0,0,0,0,-7,3,1033,1,1,38,38,0,0,0,5,0,-1,1,0.59,0.58
318176,110653,0.53,-54.3,-56.3,-1.28,4,6,2.42,0,0,0,0,0,-4,3,1035,1,1,38,38,0,0,0,5,1,-1,1,0.59,0.58
318182,110654,0.62,-59.1,-60.3,-0.89,4,7,2.03,0,0,0,0,0,-5,2,1034,1,1,38,38,0,0,0,2,-3,6,1,0.59,0.58
318190,110655,0.60,-59.1,-60.5,-0.77,4,7,2.03,0,0,0,0,0,-5,2,1034,1,1,38,38,0,0,0,2,-3,6,1,0.60,0.58
318196,110656,0.55,-59.1,-60.1,-1.22,4,7,1.89,0,0,0,0,0,-5,3,1033,1,1,38,38,0,0,0,5,0,3,1,0.60,0.59
318202,110657,0.60,-63.3,-64.1,-0.97,4,7,1.88,0,0,0,0,0,-5,3,1033,1,1,38,38,0,0,0,5,0,3,1,0.60,0.59
318210,110658,0.51,-62.1,-63.4,-1.46,4,7,1.81,0,0,0,0,0,-5,3,1033,1,1,38,38,0,0,0,5,0,3,1,0.60,0.59
318217,110659,0.53,-58.1,-59.6,-1.28,4,7,1.77,0,0,0,0,0,-5,3,1034,1,1,38,38,0,0,0,3,1,3,1,0.55,0.59
318223,110660,0.60,-59.1,-59.9,-0.88,4,7,1.77,0,0,0,0,0,-5,3,1034,1,1,38,38,0,0,0,3,1,3,1,0.55,0.58
318237,110661,0.62,-62.7,-63.9,-0.89,4,7,1.75,0,0,0,0,0,-5,3,1034,1,1,38,38,0,0,0,3,1,3,1,0.60,0.58
318245,110662,0.55,-63.3,-63.9,-1.15,4,7,1.64,0,0,0,0,0,-6,3,1033,1,1,38,38,0,0,0,3,1,5,1,0.55,0.58
318252,110663,0.53,-62.7,-63.8,-1.34,4,7,1.45,0,0,0,0,0,-6,3,1033,1,1,38,38,0,0,0,3,1,5,1,0.55,0.58
318260,110664,0.53,-58.1,-60.0,-1.10,4,7,1.81,0,0,0,0,0,-5,3,1034,1,1,38,38,0,0,0,4,1,-2,1,0.55,0.58
318266,110665,0.63,-62.7,-63.7,-0.92,4,7,1.27,0,0,0,0,0,-5,3,1034,1,1,38,38,0,0,0,4,1,-2,1,0.55,0.58
318317,110666,0.59,-58.1,-60.0,-0.97,4,7,1.52,0,0,0,0,0,-5,3,1034,1,1,38,38,0,0,0,4,1,-2,1,0.55,0.58
318325,110667,0.57,-62.1,-63.2,-1.16,4,7,2.23,0,0,0,0,0,-4,3,1034,1,1,38,38,0,0,0,4,2,5,1,0.57,0.58
318383,110668,0.56,-59.1,-60.0,-1.04,4,7,1.69,0,0,0,0,0,-4,3,1034,1,1,38,38,0,0,0,4,2,5,1,0.57,0.58
318402,110669,0.58,-58.1,-60.0,-1.03,4,7,1.48,0,0,0,0,0,-7,4,1034,1,1,38,38,0,0,0,2,1,-1,1,0.58,0.58
318410,110670,0.67,-62.7,-63.6,-0.69,4,7,2.02,0,0,0,0,0,-6,3,1034,1,1,38,38,0,0,0,6,0,-1,1,0.58,0.58
318418,110671,0.53,-59.1,-59.9,-1.45,4,7,2.00,0,0,0,0,0,-5,3,1035,1,1,38,38,0,0,0,3,1,2,1,0.57,0.58
318426,110672,0.55,-58.1,-60.3,-1.03,4,7,2.05,0,0,0,0,0,-5,3,1035,1,1,38,38,0,0,0,3,1,2,1,0.56,0.58
318432,110673,0.53,-62.7,-63.6,-1.52,4,7,1.58,0,0,0,0,0,-5,3,1035,1,1,38,38,0,0,0,0,-1,0,1,0.55,0.58
318454,110674,0.53,-59.1,-59.9,-1.19,4,7,1.78,0,0,0,0,0,-5,2,1034,1,1,38,38,0,0,0,0,-1,0,1,0.53,0.57
318530,110675,0.60,-62.1,-63.4,-1.01,4,7,1.52,0,0,0,0,0,-4,3,1034,1,1,38,38,0,0,0,2,1,2,1,0.53,0.57
318586,110676,0.66,-59.1,-60.1,-0.75,4,7,1.75,0,0,0,0,0,-5,3,1035,1,1,38,38,0,0,0,2,-1,1,1,0.55,0.57
318592,110677,0.55,-58.1,-60.4,-1.09,4,7,2.08,0,0,0,0,0,-4,2,1033,1,1,38,38,0,0,0,0,4,1,1,0.55,0.57
318598,110678,0.55,-62.1,-63.1,-1.30,4,7,1.89,0,0,0,0,0,-4,2,1033,1,1,38,38,0,0,0,0,4,1,1,0.55,0.57
318604,110679,0.60,-62.7,-63.8,-1.00,4,7,1.81,0,0,0,0,0,-4,2,1033,1,1,38,38,0,0,0,0,4,1,1,0.60,0.57
318734,110680,0.61,-59.1,-60.0,-1.10,4,7,1.58,0,0,0,0,0,-4,2,1033,1,1,38,38,0,0,0,0,4,1,1,0.60,0.57
318769,110681,0.53,-63.3,-64.1,-1.65,4,7,1.39,0,0,0,0,0,-5,3,1035,1,1,38,38,0,0,0,4,-4,3,1,0.55,0.57
318777,110682,0.60,-58.1,-59.7,-0.94,4,6,2.42,0,0,0,0,0,-6,2,1034,1,1,38,38,0,0,0,2,-1,4,1,0.60,0.57
318785,110683,0.65,-63.3,-63.9,-0.76,4,7,1.05,0,0,0,0,0,-6,2,1034,1,1,38,38,0,0,0,2,-1,4,1,0.60,0.57
318832,110684,0.53,-58.1,-60.2,-0.67,4,7,2.28,0,0,0,0,0,-5,4,1035,1,1,38,38,0,0,0,2,2,1,1,0.60,0.58
318853,110685,0.62,-54.3,-56.0,-0.76,4,7,2.22,0,0,0,0,0,-6,3,1039,1,1,38,38,0,0,0,4,5,2,1,0.60,0.58
318988,110686,0.51,-63.3,-64.3,-1.59,4,7,2.06,0,0,0,0,0,-4,1,1034,1,1,38,38,0,0,0,1,1,-1,1,0.60,0.58
318994,110687,0.53,-59.1,-60.3,-1.25,4,7,1.28,0,0,0,0,0,-5,3,1033,1,1,38,38,0,0,0,3,1,-1,1,0.53,0.58
319064,110688,0.57,-58.1,-59.4,-1.28,4,7,1.47,0,0,0,0,0,-5,3,1033,1,1,38,38,0,0,0,3,1,-1,1,0.53,0.57
319085,110689,0.59,-63.3,-64.0,-1.25,4,7,1.83,0,0,0,0,0,-5,4,1033,1,1,38,38,0,0,0,-1,3,3,1,0.57,0.57
319091,110690,0.58,-59.1,-60.9,-0.97,4,7,2.09,0,0,0,0,0,-5,2,1034,1,1,38,38,0,0,0,-2,0,0,1,0.57,0.57
319098,110691,0.57,-62.1,-63.2,-0.89,4,7,1.84,0,0,0,0,0,-5,2,1034,1,1,38,38,0,0,0,-2,0,0,1,0.57,0.57
319121,110692,0.58,-62.1,-63.3,-0.80,4,7,1.83,0,0,0,0,0,-5,2,1034,1,1,38,38,0,0,0,-2,0,0,1,0.58,0.57
319127,110693,0.57,-62.7,-63.6,-1.01,4,7,1.73,0,0,0,0,0,-4,3,1034,1,1,38,38,0,0,0,5,3,-2,1,0.58,0.57
319135,110694,0.52,-63.3,-63.8,-1.45,4,7,1.59,0,0,0,0,0,-5,2,1033,1,1,38,38,0,0,0,4,-2,-2,1,0.57,0.57
319141,110695,0.53,-59.1,-59.8,-1.24,4,7,1.75,0,0,0,0,0,-5,2,1033,1,1,38,38,0,0,0,4,-2,-2,1,0.57,0.57
319149,110696,0.55,-59.1,-59.8,-1.03,4,7,1.52,0,0,0,0,0,-5,2,1033,1,1,38,38,0,0,0,4,-2,-2,1,0.55,0.57
319168,110697,0.59,-58.1,-60.0,-0.94,4,7,2.25,0,0,0,0,0,-5,3,1034,1,1,38,38,0,0,0,2,4,0,1,0.55,0.57
319176,110698,0.57,-59.1,-60.3,-0.92,4,7,1.89,0,0,0,0,0,-6,3,1035,1,1,38,38,0,0,0,3,-1,7,1,0.55,0.57
319182,110699,0.60,-63.3,-63.8,-0.79,4,7,1.81,0,0,0,0,0,-6,3,1035,1,1,38,38,0,0,0,3,-1,7,1,0.57,0.57
319206,110700,0.55,-59.1,-60.7,-1.15,4,7,2.19,0,0,0,0,0,-6,2,1033,1,1,38,38,0,0,0,-1,2,4,1,0.57,0.57
319214,110701,0.51,-58.1,-60.4,-1.18,4,7,2.08,0,0,0,0,0,-5,3,1033,1,1,38,38,0,0,0,4,0,0,1,0.57,0.57
319220,110702,0.68,-62.7,-63.6,-0.54,4,7,1.78,0,0,0,0,0,-5,3,1033,1,1,38,38,0,0,0,4,0,0,1,0.57,0.57
319226,110703,0.52,-58.1,-60.0,-0.92,4,6,2.41,0,0,0,0,0,-5,3,1033,1,1,38,38,0,0,0,4,0,0,1,0.55,0.57
319232,110704,0.58,-62.7,-63.9,-1.18,4,7,1.81,0,0,0,0,0,-5,3,1034,1,1,38,38,0,0,0,5,-2,6,1,0.55,0.57
319238,110705,0.57,-63.3,-64.1,-1.12,4,7,1.86,0,0,0,0,0,-5,3,1034,1,1,38,38,0,0,0,5,-2,6,1,0.57,0.57
319259,110706,0.59,-59.1,-60.2,-0.77,4,7,2.31,0,0,0,0,0,-5,3,1034,1,1,38,38,0,0,0,5,-2,6,1,0.58,0.57
319265,110707,0.58,-63.3,-64.2,-1.18,4,7,0.98,0,0,0,0,0,-5,2,1035,1,1,38,38,0,0,0,0,1,4,1,0.58,0.57
319271,110708,0.60,-63.3,-64.1,-1.07,4,7,1.95,0,0,0,0,0,-4,3,1034,1,1,38,38,0,0,0,3,1,-1,1,0.58,0.57
319277,110709,0.60,-62.1,-63.1,-0.94,4,7,1.22,0,0,0,0,0,-4,3,1034,1,1,38,38,0,0,0,3,1,-1,1,0.59,0.57
319283,110710,0.57,-63.3,-64.2,-1.34,4,7,2.20,0,0,0,0,0,-4,3,1034,1,1,38,38,0,0,0,3,1,-1,1,0.59,0.57
319289,110711,0.54,-58.1,-60.1,-1.01,4,6,2.38,0,0,0,0,0,-5,2,1034,1,1,38,38,0,0,0,2,-2,1,1,0.58,0.57
319325,110712,0.55,-63.3,-64.2,-1.56,4,7,1.88,0,0,0,0,0,-5,2,1034,1,1,38,38,0,0,0,2,-2,1,1,0.57,0.57
319349,110713,0.63,-62.7,-63.8,-0.91,4,7,1.08,0,0,0,0,0,-6,3,1034,1,1,38,38,0,0,0,2,1,1,1,0.57,0.57
319400,110714,0.59,-62.7,-63.7,-1.07,4,7,2.30,0,0,0,0,0,-6,3,1034,1,1,38,38,0,0,0,4,-2,2,1,0.57,0.57
319408,110715,0.61,-59.1,-60.0,-0.97,4,7,1.97,0,0,0,0,0,-6,2,1034,1,1,38,38,0,0,0,4,2,3,1,0.59,0.57
319414,110716,0.56,-54.3,-56.0,-1.01,4,7,2.19,0,0,0,0,0,-6,2,1034,1,1,38,38,0,0,0,4,2,3,1,0.59,0.58
319422,110717,0.57,-58.1,-60.2,-0.73,4,7,2.22,0,0,0,0,0,-6,2,1034,1,1,38,38,0,0,0,4,2,3,1,0.59,0.58
319430,110718,0.55,-59.1,-59.8,-1.10,4,7,1.75,0,0,0,0,0,-5,3,1034,1,1,38,38,0,0,0,1,-1,-1,1,0.57,0.58
319437,110719,0.56,-58.1,-59.5,-1.12,4,7,1.52,0,0,0,0,0,-5,3,1034,1,1,38,38,0,0,0,1,-1,-1,1,0.56,0.58
319473,110720,0.53,-54.3,-55.9,-1.19,4,7,1.45,0,0,0,0,0,-5,3,1034,1,1,38,38,0,0,0,1,-1,-1,1,0.56,0.57
319479,110721,0.64,-59.1,-60.1,-0.94,4,7,1.20,0,0,0,0,0,-6,1,1036,1,1,38,38,0,0,0,1,2,2,1,0.56,0.57
319485,110722,0.50,-59.1,-59.7,-1.56,4,7,1.36,0,0,0,0,0,-6,1,1036,1,1,38,38,0,0,0,1,2,3,1,0.55,0.57
319491,110723,0.64,-62.1,-63.1,-0.86,4,7,1.38,0,0,0,0,0,-5,2,1034,1,1,38,38,0,0,0,1,-1,3,1,0.56,0.57
319497,110724,0.56,-57.3,-59.3,-0.92,4,7,1.75,0,0,0,0,0,-5,2,1034,1,1,38,38,0,0,0,1,-1,3,1,0.56,0.57
319531,110725,0.57,-59.1,-60.1,-1.10,4,7,2.09,0,0,0,0,0,-5,2,1034,1,1,38,38,0,0,0,1,-1,3,1,0.57,0.57
319539,110726,0.62,-62.7,-63.8,-0.86,4,7,1.86,0,0,0,0,0,-5,4,1034,1,1,38,38,0,0,0,1,2,4,1,0.57,0.57
319545,110727,0.53,-58.1,-60.0,-0.97,4,6,2.44,0,0,0,0,0,-5,4,1034,1,1,38,38,0,0,0,1,-1,5,1,0.57,0.57
319553,110728,0.56,-59.1,-60.4,-1.30,4,7,1.72,0,0,0,0,0,-5,2,1034,1,1,38,38,0,0,0,1,-1,5,1,0.56,0.57
319577,110729,0.56,-59.1,-60.2,-1.28,4,7,1.77,0,0,0,0,0,-5,2,1034,1,1,38,38,0,0,0,1,-1,5,1,0.56,0.57
319613,110730,0.54,-59.1,-59.9,-0.94,4,7,1.86,0,0,0,0,0,-5,2,1034,1,1,38,38,0,0,0,3,1,3,1,0.56,0.57
319619,110731,0.61,-59.1,-59.6,-0.77,4,7,1.77,0,0,0,0,0,-5,3,1034,1,1,38,38,0,0,0,2,0,1,1,0.56,0.57
319625,110732,0.57,-59.1,-60.0,-1.10,4,7,1.69,0,0,0,0,0,-4,3,1035,1,1,38,38,0,0,0,3,1,0,1,0.56,0.57
319633,110733,0.53,-63.3,-64.0,-1.33,4,7,1.55,0,0,0,0,0,-4,3,1035,1,1,38,38,0,0,0,3,1,0,1,0.56,0.57
319646,110734,0.59,-59.1,-59.7,-0.89,4,7,1.88,0,0,0,0,0,-4,3,1035,1,1,38,38,0,0,0,3,1,0,1,0.57,0.57
319681,110735,0.57,-58.1,-59.6,-0.86,4,7,1.75,0,0,0,0,0,-6,3,1035,1,1,38,38,0,0,0,4,-1,-2,1,0.57,0.57
319687,110736,0.53,-58.1,-59.6,-1.07,4,7,1.78,0,0,0,0,0,-5,3,1034,1,1,38,38,0,0,0,5,-1,2,1,0.57,0.57
319692,110737,0.59,-63.3,-64.0,-1.25,4,7,1.55,0,0,0,0,0,-5,3,1034,1,1,38,38,0,0,0,5,-1,2,1,0.57,0.57
319712,110738,0.58,-62.1,-63.2,-1.19,4,7,1.38,0,0,0,0,0,-5,3,1034,1,1,38,38,0,0,0,5,-1,2,1,0.58,0.57
319717,110739,0.65,-62.7,-63.8,-0.79,4,7,1.16,0,0,0,0,0,-5,4,1034,1,1,38,38,0,0,0,3,4,4,1,0.58,0.57
319723,110740,0.50,-58.1,-60.0,-1.07,4,7,1.73,0,0,0,0,0,-5,4,1034,1,1,38,38,0,0,0,3,4,4,1,0.58,0.57
319729,110741,0.56,-62.7,-63.9,-1.52,4,7,1.22,0,0,0,0,0,-5,2,1035,1,1,38,38,0,0,0,2,0,0,1,0.58,0.57
319735,110742,0.51,-58.1,-60.0,-1.10,4,7,1.75,0,0,0,0,0,-5,2,1035,1,1,38,38,0,0,0,2,0,0,1,0.56,0.57
319741,110743,0.61,-62.7,-63.7,-0.80,4,7,1.23,0,0,0,0,0,-5,2,1035,1,1,38,38,0,0,0,2,0,0,1,0.56,0.57
319766,110744,0.64,-58.1,-59.9,-0.86,4,7,1.39,0,0,0,0,0,-6,3,1033,1,1,38,38,0,0,0,2,3,2,1,0.56,0.57
319772,110745,0.61,-59.1,-60.3,-1.10,4,7,1.38,0,0,0,0,0,-6,3,1035,1,1,38,38,0,0,0,3,4,5,1,0.61,0.57
319778,110746,0.62,-62.1,-63.2,-0.75,4,6,2.47,0,0,0,0,0,-6,3,1035,1,1,38,38,0,0,0,3,4,5,1,0.61,0.57
319784,110747,0.53,-62.7,-64.0,-1.19,4,7,1.47,0,0,0,0,0,-7,3,1034,1,1,38,38,0,0,0,4,-1,5,1,0.61,0.58
319805,110748,0.53,-58.1,-59.4,-1.03,4,7,1.80,0,0,0,0,0,-7,3,1034,1,1,38,38,0,0,0,4,-1,5,1,0.61,0.58
319908,110749,0.60,-59.1,-60.0,-0.97,4,7,1.27,0,0,0,0,0,-6,3,1033,1,1,38,38,0,0,0,1,0,0,1,0.60,0.58
319959,110750,0.56,-58.1,-59.7,-0.98,4,7,1.44,0,0,0,0,0,-6,3,1034,1,1,38,38,0,0,0,5,-1,-1,1,0.56,0.58
319965,110751,0.61,-59.1,-60.1,-0.97,4,7,1.23,0,0,0,0,0,-6,2,1034,1,1,38,38,0,0,0,3,3,3,1,0.56,0.58
319971,110752,0.55,-62.1,-62.9,-1.03,4,7,1.52,0,0,0,0,0,-6,2,1034,1,1,38,38,0,0,0,3,3,3,1,0.56,0.58
320012,110753,0.60,-59.1,-60.0,-0.80,4,7,1.66,0,0,0,0,0,-6,2,1034,1,1,38,38,0,0,0,3,3,3,1,0.60,0.58
320037,110754,0.54,-58.1,-61.0,-1.06,4,7,2.11,0,0,0,0,0,-4,4,1034,1,1,38,38,0,0,0,-1,3,0,1,0.56,0.58
320045,110755,0.65,-60.3,-60.8,-0.72,4,7,1.41,0,0,0,0,0,-5,2,1034,1,1,38,38,0,0,0,1,1,7,1,0.60,0.58
320051,110756,0.52,-62.1,-62.9,-1.33,4,7,1.67,0,0,0,0,0,-5,2,1034,1,1,38,38,0,0,0,1,1,7,1,0.55,0.58
320057,110757,0.54,-58.1,-59.6,-1.06,4,7,1.78,0,0,0,0,0,-5,2,1034,1,1,38,38,0,0,0,1,1,7,1,0.54,0.58
320072,110758,0.60,-58.1,-59.7,-0.98,4,7,1.45,0,0,0,0,0,-6,2,1035,1,1,38,38,0,0,0,3,0,-1,1,0.54,0.57
320078,110759,0.68,-59.1,-60.1,-0.69,4,7,1.25,0,0,0,0,0,-6,2,1035,1,1,38,38,0,0,0,3,0,-1,1,0.60,0.58
320084,110760,0.65,-59.1,-59.8,-0.86,4,7,1.28,0,0,0,0,0,-6,3,1036,1,1,38,38,0,0,0,5,1,-1,1,0.60,0.58
320090,110761,0.58,-59.1,-60.1,-1.06,4,7,1.30,0,0,0,0,0,-6,3,1036,1,1,38,38,0,0,0,5,1,-1,1,0.60,0.58
320096,110762,0.55,-63.3,-64.1,-1.59,4,7,1.28,0,0,0,0,0,-6,3,1036,1,1,38,38,0,0,0,5,1,-1,1,0.60,0.58
320109,110763,0.60,-58.1,-59.5,-0.89,4,7,1.67,0,0,0,0,0,-6,2,1033,1,1,38,38,0,0,0,2,-4,1,1,0.60,0.58
320115,110764,0.56,-59.1,-60.0,-1.10,4,7,1.53,0,0,0,0,0,-6,2,1033,1,1,38,38,0,0,0,2,-4,1,1,0.58,0.58
320123,110765,0.63,-62.7,-63.7,-0.75,4,7,1.33,0,0,0,0,0,-6,2,1033,1,1,38,38,0,0,0,2,-4,1,1,0.58,0.58
320131,110766,0.58,-63.3,-64.3,-1.12,4,7,1.16,0,0,0,0,0,-5,2,1034,1,1,38,38,0,0,0,3,-1,1,1,0.58,0.58
320161,110767,0.55,-58.1,-59.6,-1.13,4,7,1.83,0,0,0,0,0,-5,2,1034,1,1,38,38,0,0,0,3,-1,1,1,0.58,0.58
320169,110768,0.56,-59.1,-60.0,-0.97,4,7,1.58,0,0,0,0,0,-6,3,1034,1,1,38,38,0,0,0,1,1,3,1,0.56,0.58
320177,110769,0.57,-59.1,-60.1,-1.18,4,7,1.14,0,0,0,0,0,-6,3,1034,1,1,38,38,0,0,0,1,1,3,1,0.57,0.58
320185,110770,0.60,-58.1,-60.0,-1.01,4,7,2.23,0,0,0,0,0,-6,2,1034,1,1,38,38,0,0,0,3,-1,3,1,0.57,0.58
320192,110771,0.66,-62.7,-63.7,-0.73,4,7,1.81,0,0,0,0,0,-6,2,1034,1,1,38,38,0,0,0,3,-1,3,1,0.57,0.58
320227,110772,0.65,-60.3,-60.6,-0.82,4,7,1.56,0,0,0,0,0,-6,2,1034,1,1,38,38,0,0,0,3,-1,3,1,0.60,0.58
320233,110773,0.57,-62.7,-63.6,-0.94,4,7,1.66,0,0,0,0,0,-6,3,1034,1,1,38,38,0,0,0,2,-1,-1,1,0.60,0.58
320285,110774,0.61,-62.1,-63.2,-0.86,4,7,1.86,0,0,0,0,0,-6,3,1034,1,1,38,38,0,0,0,2,-1,-1,1,0.61,0.58
320291,110775,0.59,-62.7,-63.9,-1.00,4,7,1.75,0,0,0,0,0,-6,2,1034,1,1,38,38,0,0,0,1,-2,3,1,0.61,0.58
320297,110776,0.56,-59.1,-60.7,-0.82,4,7,2.08,0,0,0,0,0,-6,2,1034,1,1,38,38,0,0,0,1,-2,3,1,0.59,0.58
320348,110777,0.62,-59.1,-60.3,-1.00,4,7,1.73,0,0,0,0,0,-5,3,1034,1,1,38,38,0,0,0,3,-3,4,1,0.59,0.58
320356,110778,0.58,-58.1,-59.8,-0.95,4,7,1.78,0,0,0,0,0,-5,2,1034,1,1,38,38,0,0,0,3,2,2,1,0.59,0.58
320364,110779,0.59,-58.1,-59.5,-1.06,4,7,1.47,0,0,0,0,0,-5,3,1034,1,1,38,38,0,0,0,1,3,0,1,0.59,0.58
320370,110780,0.59,-59.1,-60.3,-1.09,4,7,1.45,0,0,0,0,0,-5,3,1034,1,1,38,38,0,0,0,1,3,0,1,0.59,0.59
320394,110781,0.67,-60.3,-60.5,-0.85,4,7,1.17,0,0,0,0,0,-5,3,1034,1,1,38,38,0,0,0,1,3,0,1,0.59,0.59
320402,110782,0.58,-59.1,-60.1,-1.10,4,7,2.16,0,0,0,0,0,-6,2,1034,1,1,38,38,0,0,0,5,0,5,1,0.59,0.59
320408,110783,0.51,-62.1,-63.2,-1.39,4,7,1.31,0,0,0,0,0,-6,2,1034,1,1,38,38,0,0,0,5,0,5,1,0.59,0.59
320421,110784,0.59,-63.3,-63.8,-1.12,4,7,1.36,0,0,0,0,0,-6,2,1034,1,1,38,38,0,0,0,5,0,5,1,0.59,0.59
320429,110785,0.62,-62.7,-64.0,-0.95,4,7,1.19,0,0,0,0,0,-6,3,1034,1,1,38,38,0,0,0,3,1,-1,1,0.59,0.59
320460,110786,0.63,-58.1,-59.5,-0.66,4,7,1.88,0,0,0,0,0,-6,3,1034,1,1,38,38,0,0,0,3,1,-1,1,0.59,0.59
320482,110787,0.55,-59.1,-60.0,-1.09,4,7,1.73,0,0,0,0,0,-6,2,1035,1,1,38,38,0,0,0,2,0,2,1,0.59,0.59
320518,110788,0.59,-59.1,-60.1,-1.04,4,7,1.44,0,0,0,0,0,-7,3,1034,1,1,38,38,0,0,0,1,1,2,1,0.59,0.59
320526,110789,0.56,-58.1,-59.8,-0.92,4,7,2.31,0,0,0,0,0,-6,2,1034,1,1,38,38,0,0,0,4,2,4,1,0.59,0.59
320532,110790,0.56,-63.3,-64.1,-1.39,4,7,1.11,0,0,0,0,0,-6,2,1034,1,1,38,38,0,0,0,4,2,4,1,0.56,0.59
320557,110791,0.57,-63.3,-64.1,-1.51,4,7,2.05,0,0,0,0,0,-6,2,1034,1,1,38,38,0,0,0,4,2,4,1,0.56,0.58
320587,110792,0.58,-60.3,-60.8,-1.00,4,7,1.59,0,0,0,0,0,-5,2,1034,1,1,38,38,0,0,0,2,2,-1,1,0.57,0.58
320595,110793,0.57,-63.3,-63.9,-1.55,4,7,1.28,0,0,0,0,0,-6,4,1033,1,1,38,38,0,0,0,2,0,-2,1,0.57,0.58
320618,110794,0.57,-59.1,-60.0,-1.10,4,7,1.48,0,0,0,0,0,-6,4,1035,1,1,38,38,0,0,0,3,1,-1,1,0.57,0.58
320624,110795,0.62,-59.1,-60.1,-0.89,4,7,1.41,0,0,0,0,0,-6,3,1035,1,1,38,38,0,0,0,-1,-1,1,1,0.57,0.58
320630,110796,0.54,-59.1,-60.1,-1.13,4,7,1.50,0,0,0,0,0,-6,3,1035,1,1,38,38,0,0,0,-1,-1,1,1,0.57,0.58
320636,110797,0.63,-62.1,-63.3,-0.80,4,7,1.44,0,0,0,0,0,-6,3,1035,1,1,38,38,0,0,0,-1,-1,1,1,0.57,0.58
320641,110798,0.62,-62.1,-63.2,-0.88,4,7,1.44,0,0,0,0,0,-6,2,1034,1,1,38,38,0,0,0,2,1,-1,1,0.62,0.58
320649,110799,0.61,-59.1,-60.3,-0.86,4,6,2.42,0,0,0,0,0,-6,2,1034,1,1,38,38,0,0,0,2,1,-1,1,0.62,0.59
320657,110800,0.67,-62.7,-63.9,-0.72,4,7,1.89,0,0,0,0,0,-6,2,1034,1,1,38,38,0,0,0,2,1,-1,1,0.62,0.59
320665,110801,0.58,-58.1,-60.3,-0.86,4,7,2.06,0,0,0,0,0,-4,3,1035,1,1,38,38,0,0,0,4,0,2,1,0.62,0.59
320673,110802,0.58,-59.1,-60.1,-0.97,4,7,1.78,0,0,0,0,0,-4,3,1035,1,1,38,38,0,0,0,4,0,2,1,0.61,0.59
320681,110803,0.58,-59.1,-60.0,-0.80,4,7,1.56,0,0,0,0,0,-5,3,1035,1,1,38,38,0,0,0,3,2,-1,1,0.58,0.59
320688,110804,0.55,-58.1,-59.9,-1.09,4,7,1.58,0,0,0,0,0,-5,3,1035,1,1,38,38,0,0,0,3,2,-1,1,0.58,0.59
320694,110805,0.58,-62.1,-63.5,-1.03,4,6,2.41,0,0,0,0,0,-5,3,1035,1,1,38,38,0,0,0,3,2,-1,1,0.58,0.59
320702,110806,0.63,-59.1,-60.1,-0.95,4,7,1.97,0,0,0,0,0,-5,3,1033,1,1,38,38,0,0,0,1,3,-1,1,0.58,0.59
320708,110807,0.58,-62.7,-64.1,-1.31,4,7,1.97,0,0,0,0,0,-5,3,1033,1,1,38,38,0,0,0,1,3,-1,1,0.58,0.59
320716,110808,0.62,-62.7,-63.6,-0.92,4,7,1.80,0,0,0,0,0,-5,3,1033,1,1,38,38,0,0,0,1,3,-1,1,0.58,0.59
320722,110809,0.60,-63.3,-64.1,-1.01,4,7,1.86,0,0,0,0,0,-4,3,1034,1,1,38,38,0,0,0,3,0,6,1,0.60,0.59
320778,110810,0.62,-62.7,-64.1,-0.94,4,7,1.00,0,0,0,0,0,-4,3,1034,1,1,38,38,0,0,0,3,0,6,1,0.62,0.59
320784,110811,0.53,-54.3,-55.8,-1.36,4,6,2.42,0,0,0,0,0,-5,3,1034,1,1,38,38,0,0,0,4,0,3,1,0.60,0.59
320790,110812,0.65,-62.7,-64.2,-0.85,4,7,0.98,0,0,0,0,0,-5,3,1034,1,1,38,38,0,0,0,4,0,3,1,0.62,0.59
320796,110813,0.59,-63.3,-64.1,-0.94,4,7,1.03,0,0,0,0,0,-5,3,1034,1,1,38,38,0,0,0,4,0,3,1,0.60,0.59
320802,110814,0.57,-59.1,-60.3,-1.40,4,7,2.05,0,0,0,0,0,-5,2,1034,1,1,38,38,0,0,0,-1,1,3,1,0.59,0.59
320808,110815,0.65,-62.7,-64.2,-1.01,4,7,0.98,0,0,0,0,0,-5,2,1034,1,1,38,38,0,0,0,-1,1,3,1,0.59,0.59
320814,110816,0.63,-60.3,-61.1,-1.04,4,7,2.00,0,0,0,0,0,-5,2,1034,1,1,38,38,0,0,0,-1,1,3,1,0.63,0.59
320820,110817,0.53,-54.3,-55.5,-1.04,4,7,1.33,0,0,0,0,0,-5,3,1034,1,1,38,38,0,0,0,5,2,3,1,0.59,0.59
320826,110818,0.59,-62.1,-63.6,-1.15,4,7,1.27,0,0,0,0,0,-5,3,1034,1,1,38,38,0,0,0,5,2,3,1,0.59,0.59
320832,110819,0.68,-62.7,-63.5,-0.64,4,7,1.08,0,0,0,0,0,-5,3,1034,1,1,38,38,0,0,0,5,2,3,1,0.63,0.60
320838,110820,0.63,-63.3,-64.2,-0.89,4,7,1.09,0,0,0,0,0,-5,3,1034,1,1,38,38,0,0,0,1,2,1,1,0.63,0.60
320844,110821,0.55,-63.3,-64.3,-1.22,4,7,1.20,0,0,0,0,0,-5,3,1034,1,1,38,38,0,0,0,1,2,1,1,0.59,0.60
320850,110822,0.53,-58.1,-60.0,-1.03,4,7,1.61,0,0,0,0,0,-5,3,1034,1,1,38,38,0,0,0,1,2,1,1,0.59,0.60
320856,110823,0.52,-54.3,-55.8,-1.24,4,6,2.53,0,0,0,0,0,-5,3,1034,1,1,38,38,0,0,0,1,2,1,1,0.55,0.59
320862,110824,0.58,-59.1,-60.3,-1.30,4,7,2.14,0,0,0,0,0,-5,3,1035,1,1,38,38,0,0,0,2,3,3,1,0.55,0.59
320868,110825,0.56,-63.3,-64.3,-1.56,4,7,2.08,0,0,0,0,0,-5,3,1035,1,1,38,38,0,0,0,2,3,3,1,0.55,0.59
320896,110826,0.56,-58.1,-59.6,-1.01,4,7,1.89,0,0,0,0,0,-5,3,1035,1,1,38,38,0,0,0,2,3,3,1,0.56,0.59
320902,110827,0.53,-59.1,-59.9,-1.21,4,7,1.86,0,0,0,0,0,-4,2,1035,1,1,38,38,0,0,0,2,0,1,1,0.56,0.59
320908,110828,0.53,-58.1,-59.8,-1.16,4,7,1.80,0,0,0,0,0,-4,2,1035,1,1,38,38,0,0,0,2,0,1,1,0.56,0.59
320933,110829,0.57,-58.1,-59.7,-1.06,4,7,1.75,0,0,0,0,0,-4,2,1035,1,1,38,38,0,0,0,2,0,1,1,0.56,0.59
320939,110830,0.55,-58.1,-59.6,-0.92,4,7,1.72,0,0,0,0,0,-5,3,1033,1,1,38,38,0,0,0,2,-1,-3,1,0.55,0.58
320945,110831,0.64,-59.1,-59.8,-0.88,4,7,1.53,0,0,0,0,0,-5,3,1033,1,1,38,38,0,0,0,2,-1,-3,1,0.55,0.58
320997,110832,0.54,-62.7,-63.8,-1.40,4,7,1.42,0,0,0,0,0,-5,3,1033,1,1,38,38,0,0,0,2,-1,-3,1,0.55,0.58
321005,110833,0.61,-58.1,-59.8,-0.70,4,7,1.50,0,0,0,0,0,-6,2,1034,1,1,38,38,0,0,0,3,0,-1,1,0.57,0.58
321028,110834,0.56,-59.1,-60.3,-1.06,4,7,1.47,0,0,0,0,0,-6,2,1034,1,1,38,38,0,0,0,3,0,-1,1,0.56,0.58
321034,110835,0.54,-59.1,-60.1,-1.15,4,7,1.47,0,0,0,0,0,-5,3,1034,1,1,38,38,0,0,0,5,2,2,1,0.56,0.58
321042,110836,0.58,-59.1,-60.1,-1.04,4,7,2.14,0,0,0,0,0,-5,2,1034,1,1,38,38,0,0,0,2,2,3,1,0.56,0.58
321050,110837,0.68,-62.7,-64.0,-0.73,4,7,1.84,0,0,0,0,0,-5,2,1034,1,1,38,38,0,0,0,2,2,3,1,0.58,0.58
321055,110838,0.65,-62.7,-63.9,-0.77,4,7,1.92,0,0,0,0,0,-5,2,1034,1,1,38,38,0,0,0,2,2,3,1,0.58,0.58
321061,110839,0.60,-63.3,-64.4,-1.12,4,7,1.98,0,0,0,0,0,-4,2,1034,1,1,38,38,0,0,0,3,0,-1,1,0.60,0.58
321069,110840,0.50,-63.3,-64.2,-1.67,4,7,1.73,0,0,0,0,0,-4,2,1034,1,1,38,38,0,0,0,3,0,-1,1,0.60,0.58
321075,110841,0.53,-62.1,-63.2,-1.16,4,7,1.89,0,0,0,0,0,-4,2,1034,1,1,38,38,0,0,0,3,0,-1,1,0.60,0.58
321117,110842,0.59,-56.1,-57.0,-1.04,4,7,2.06,0,0,0,0,0,-6,2,1035,1,1,38,38,0,0,0,4,3,2,1,0.59,0.58
321123,110843,0.64,-59.1,-60.5,-0.88,4,7,2.00,0,0,0,0,0,-5,3,1035,1,1,38,38,0,0,0,2,4,0,1,0.59,0.58
321130,110844,0.61,-62.7,-63.7,-0.80,4,7,1.78,0,0,0,0,0,-5,3,1035,1,1,38,38,0,0,0,2,4,0,1,0.59,0.58
321165,110845,0.57,-62.7,-63.9,-1.09,4,7,1.63,0,0,0,0,0,-6,2,1034,1,1,38,38,0,0,0,2,-3,-1,1,0.59,0.58
321171,110846,0.55,-62.7,-63.8,-1.19,4,7,1.66,0,0,0,0,0,-5,3,1032,1,1,38,38,0,0,0,5,2,4,1,0.59,0.58
321229,110847,0.53,-63.3,-64.5,-1.42,4,7,0.97,0,0,0,0,0,-5,4,1035,1,1,38,38,0,0,0,1,-2,4,1,0.57,0.58
321235,110848,0.62,-62.1,-63.8,-0.80,4,7,1.20,0,0,0,0,0,-6,2,1035,1,1,38,38,0,0,0,1,2,2,1,0.57,0.58
321241,110849,0.67,-62.7,-63.9,-0.76,4,7,0.95,0,0,0,0,0,-6,2,1033,1,1,38,38,0,0,0,0,-1,2,1,0.57,0.58
321247,110850,0.62,-59.1,-60.4,-0.94,4,7,2.08,0,0,0,0,0,-6,2,1033,1,1,38,38,0,0,0,0,-1,2,1,0.62,0.58
321253,110851,0.58,-59.1,-60.2,-1.18,4,7,2.09,0,0,0,0,0,-6,2,1033,1,1,38,38,0,0,0,0,-1,2,1,0.62,0.59
321259,110852,0.47,-63.3,-64.5,-1.74,4,7,2.02,0,0,0,0,0,-5,4,1033,1,1,38,38,0,0,0,3,0,5,1,0.62,0.59
321265,110853,0.62,-62.7,-63.8,-0.82,4,7,2.06,0,0,0,0,0,-5,4,1033,1,1,38,38,0,0,0,3,0,5,1,0.62,0.59
321284,110854,0.59,-62.7,-63.9,-1.10,4,7,1.72,0,0,0,0,0,-5,4,1033,1,1,38,38,0,0,0,3,0,5,1,0.59,0.59
321305,110855,0.62,-62.7,-63.9,-0.97,4,7,1.88,0,0,0,0,0,-5,4,1034,1,1,38,38,0,0,0,3,-1,1,1,0.59,0.59
321311,110856,0.64,-62.7,-63.8,-0.82,4,7,1.84,0,0,0,0,0,-4,3,1035,1,1,38,38,0,0,0,1,0,0,1,0.62,0.59
321317,110857,0.60,-62.7,-64.0,-1.12,4,7,1.89,0,0,0,0,0,-6,2,1034,1,1,38,38,0,0,0,6,-1,3,1,0.62,0.59
321322,110858,0.62,-59.1,-60.0,-0.88,4,7,1.98,0,0,0,0,0,-6,2,1034,1,1,38,38,0,0,0,6,-1,3,1,0.62,0.59
321381,110859,0.53,-58.1,-59.6,-1.18,4,7,1.80,0,0,0,0,0,-6,2,1034,1,1,38,38,0,0,0,6,-1,3,1,0.62,0.59
321387,110860,0.59,-58.1,-59.7,-1.12,4,7,1.45,0,0,0,0,0,-5,3,1035,1,1,38,38,0,0,0,1,1,0,1,0.60,0.59
321393,110861,0.55,-63.3,-64.0,-1.53,4,7,1.30,0,0,0,0,0,-5,3,1035,1,1,38,38,0,0,0,1,1,0,1,0.59,0.59
321401,110862,0.63,-59.1,-60.0,-0.79,4,7,2.22,0,0,0,0,0,-5,2,1034,1,1,38,38,0,0,0,0,0,2,1,0.59,0.59
321406,110863,0.63,-62.7,-63.7,-0.89,4,7,1.11,0,0,0,0,0,-5,2,1034,1,1,38,38,0,0,0,0,0,2,1,0.59,0.59
321414,110864,0.55,-59.1,-60.4,-0.91,4,7,2.16,0,0,0,0,0,-5,2,1034,1,1,38,38,0,0,0,0,0,2,1,0.59,0.59
321420,110865,0.63,-62.7,-64.1,-0.58,4,7,1.94,0,0,0,0,0,-6,3,1034,1,1,38,38,0,0,0,2,4,0,1,0.63,0.60
321451,110866,0.56,-63.3,-64.3,-1.45,4,7,1.11,0,0,0,0,0,-6,3,1034,1,1,38,38,0,0,0,2,4,0,1,0.63,0.60
321458,110867,0.53,-62.7,-64.4,-1.27,4,7,2.00,0,0,0,0,0,-5,3,1033,1,1,38,38,0,0,0,3,1,-1,1,0.56,0.60
321464,110868,0.52,-58.1,-59.9,-1.01,4,6,2.41,0,0,0,0,0,-5,3,1033,1,1,38,38,0,0,0,3,1,-1,1,0.55,0.59
321470,110869,0.59,-54.3,-56.2,-0.75,4,6,2.41,0,0,0,0,0,-5,3,1033,1,1,38,38,0,0,0,3,1,-1,1,0.56,0.59
321489,110870,0.57,-58.1,-59.8,-0.97,4,7,1.91,0,0,0,0,0,-7,2,1034,1,1,38,38,0,0,0,4,0,0,1,0.56,0.59
321520,110871,0.68,-63.3,-64.1,-0.69,4,7,1.94,0,0,0,0,0,-5,2,1034,1,1,38,38,0,0,0,2,-1,4,1,0.57,0.59
321527,110872,0.60,-59.1,-60.2,-0.95,4,7,1.95,0,0,0,0,0,-5,2,1032,1,1,38,38,0,0,0,0,0,3,1,0.59,0.59
321651,110873,0.67,-63.3,-64.1,-0.76,4,7,1.97,0,0,0,0,0,-6,3,1034,1,1,38,38,0,0,0,0,2,2,1,0.60,0.59
321657,110874,0.61,-62.7,-64.0,-1.06,4,7,1.06,0,0,0,0,0,-4,3,1035,1,1,38,38,0,0,0,2,1,3,1,0.61,0.59
321663,110875,0.57,-58.1,-60.1,-0.82,4,7,1.27,0,0,0,0,0,-4,3,1035,1,1,38,38,0,0,0,2,1,3,1,0.61,0.59
321669,110876,0.62,-59.1,-60.2,-1.00,4,7,2.11,0,0,0,0,0,-4,3,1035,1,1,38,38,0,0,0,2,1,3,1,0.61,0.59
321688,110877,0.50,-58.1,-59.7,-1.43,4,7,1.83,0,0,0,0,0,-4,3,1036,1,1,38,38,0,0,0,1,-3,1,1,0.61,0.59
321709,110878,0.63,-63.3,-64.0,-0.86,4,7,1.89,0,0,0,0,0,-5,3,1034,1,1,38,38,0,0,0,-3,0,5,1,0.61,0.59
321788,110879,0.55,-63.3,-64.2,-1.40,4,7,1.94,0,0,0,0,0,-5,4,1034,1,1,38,38,0,0,0,6,-1,1,1,0.57,0.59
321794,110880,0.65,-62.7,-63.6,-0.58,4,7,2.05,0,0,0,0,0,-5,4,1034,1,1,38,38,0,0,0,6,-1,1,1,0.62,0.59
321800,110881,0.53,-63.3,-64.4,-1.34,4,7,1.14,0,0,0,0,0,-5,4,1034,1,1,38,38,0,0,0,6,-1,1,1,0.55,0.59
321806,110882,0.59,-54.3,-56.1,-0.95,4,6,2.38,0,0,0,0,0,-5,4,1034,1,1,38,38,0,0,0,6,-1,1,1,0.59,0.59
321812,110883,0.64,-59.1,-60.1,-1.00,4,7,1.11,0,0,0,0,0,-6,3,1034,1,1,38,38,0,0,0,4,1,0,1,0.59,0.59
321818,110884,0.53,-59.1,-59.9,-1.27,4,7,2.28,0,0,0,0,0,-6,3,1034,1,1,38,38,0,0,0,4,1,0,1,0.59,0.59
321824,110885,0.64,-62.1,-63.3,-0.63,4,7,2.28,0,0,0,0,0,-6,3,1034,1,1,38,38,0,0,0,4,1,0,1,0.59,0.59
321845,110886,0.66,-62.1,-63.1,-0.63,4,7,1.50,0,0,0,0,0,-6,3,1034,1,1,38,38,0,0,0,4,1,0,1,0.64,0.59
321851,110887,0.57,-59.1,-60.2,-1.15,4,7,1.47,0,0,0,0,0,-5,3,1033,1,1,38,38,0,0,0,2,0,6,1,0.64,0.60
321859,110888,0.55,-54.3,-56.0,-0.92,4,6,2.42,0,0,0,0,0,-6,3,1034,1,1,38,38,0,0,0,1,2,4,1,0.57,0.60
321866,110889,0.66,-62.7,-63.9,-0.85,4,7,1.89,0,0,0,0,0,-6,3,1034,1,1,38,38,0,0,0,1,2,4,1,0.64,0.60
321872,110890,0.62,-59.1,-60.4,-0.82,4,7,2.14,0,0,0,0,0,-6,4,1033,1,1,38,38,0,0,0,4,0,1,1,0.62,0.60
321878,110891,0.66,-59.1,-60.3,-0.76,4,7,2.03,0,0,0,0,0,-6,4,1033,1,1,38,38,0,0,0,4,0,1,1,0.62,0.60
321884,110892,0.59,-59.1,-60.3,-1.04,4,7,1.98,0,0,0,0,0,-6,4,1033,1,1,38,38,0,0,0,4,0,1,1,0.62,0.60
321890,110893,0.62,-59.1,-60.2,-0.92,4,7,2.00,0,0,0,0,0,-6,4,1033,1,1,38,38,0,0,0,4,0,1,1,0.62,0.60
321896,110894,0.55,-63.3,-64.5,-1.25,4,7,0.98,0,0,0,0,0,-5,2,1033,1,1,38,38,0,0,0,4,0,-1,1,0.62,0.60
321921,110895,0.61,-62.1,-63.8,-0.85,4,7,2.20,0,0,0,0,0,-5,2,1033,1,1,38,38,0,0,0,4,0,-1,1,0.61,0.60
321927,110896,0.63,-62.7,-63.9,-0.92,4,7,1.00,0,0,0,0,0,-6,2,1034,1,1,38,38,0,0,0,8,0,2,1,0.61,0.60
322006,110897,0.56,-63.3,-64.1,-1.52,4,7,1.89,0,0,0,0,0,-5,3,1035,1,1,38,38,0,0,0,1,0,3,1,0.61,0.60
322025,110898,0.54,-58.1,-59.6,-1.18,4,7,1.89,0,0,0,0,0,-5,3,1034,1,1,38,38,0,0,0,4,1,1,1,0.56,0.60
322050,110899,0.62,-62.7,-63.8,-1.04,4,7,1.61,0,0,0,0,0,-7,4,1033,1,1,38,38,0,0,0,2,0,-1,1,0.61,0.60
322057,110900,0.54,-62.7,-63.9,-1.28,4,7,1.42,0,0,0,0,0,-6,3,1034,1,1,38,38,0,0,0,2,0,3,1,0.56,0.60
322093,110901,0.61,-62.1,-63.4,-0.94,4,6,2.41,0,0,0,0,0,-6,3,1034,1,1,38,38,0,0,0,2,0,3,1,0.56,0.60
322099,110902,0.59,-59.1,-60.2,-1.04,4,7,1.44,0,0,0,0,0,-6,3,1034,1,1,38,38,0,0,0,2,-2,2,1,0.59,0.60
322115,110903,0.64,-63.3,-64.2,-0.82,4,7,1.97,0,0,0,0,0,-6,3,1034,1,1,38,38,0,0,0,2,-2,2,1,0.61,0.60
322121,110904,0.61,-62.7,-64.0,-0.97,4,7,1.98,0,0,0,0,0,-6,3,1034,1,1,38,38,0,0,0,0,6,1,1,0.61,0.60
322128,110905,0.62,-58.1,-60.4,-0.72,4,7,2.09,0,0,0,0,0,-6,3,1034,1,1,38,38,0,0,0,0,6,1,1,0.61,0.60
322142,110906,0.63,-62.7,-64.3,-0.70,4,7,1.00,0,0,0,0,0,-3,2,1034,1,1,38,38,0,0,0,1,1,3,1,0.62,0.60
322150,110907,0.52,-54.3,-56.1,-1.16,4,7,2.14,0,0,0,0,0,-3,2,1034,1,1,38,38,0,0,0,1,1,3,1,0.62,0.60
322156,110908,0.52,-58.1,-60.3,-1.24,4,7,2.08,0,0,0,0,0,-5,3,1034,1,1,38,38,0,0,0,1,-1,1,1,0.61,0.60
322180,110909,0.57,-58.1,-59.9,-1.22,4,7,1.92,0,0,0,0,0,-5,3,1034,1,1,38,38,0,0,0,1,-1,1,1,0.57,0.60
322186,110910,0.53,-62.7,-64.1,-1.31,4,7,1.81,0,0,0,0,0,-6,3,1035,1,1,38,38,0,0,0,0,0,-1,1,0.53,0.60
322282,110911,0.59,-59.1,-60.8,-1.07,4,7,1.92,0,0,0,0,0,-6,3,1035,1,1,38,38,0,0,0,1,0,4,1,0.53,0.59
322290,110912,0.52,-62.7,-63.9,-1.40,4,7,1.81,0,0,0,0,0,-4,2,1035,1,1,38,38,0,0,0,1,2,2,1,0.53,0.59
322320,110913,0.60,-58.1,-59.9,-0.89,4,7,1.33,0,0,0,0,0,-6,2,1034,1,1,38,38,0,0,0,2,0,3,1,0.57,0.59
322326,110914,0.56,-58.1,-59.8,-1.13,4,7,1.42,0,0,0,0,0,-6,2,1035,1,1,38,38,0,0,0,5,-1,0,1,0.56,0.59
322332,110915,0.63,-60.3,-60.6,-1.06,4,7,1.20,0,0,0,0,0,-5,4,1035,1,1,38,38,0,0,0,2,0,0,1,0.59,0.59
322355,110916,0.55,-58.1,-60.9,-0.95,4,7,2.02,0,0,0,0,0,-5,3,1035,1,1,38,38,0,0,0,-2,4,2,1,0.56,0.59
322406,110917,0.56,-63.3,-64.0,-1.24,4,7,1.61,0,0,0,0,0,-5,3,1035,1,1,38,38,0,0,0,-2,4,2,1,0.56,0.59
322430,110918,0.63,-59.1,-60.0,-0.75,4,7,1.63,0,0,0,0,0,-7,3,1035,1,1,38,38,0,0,0,-1,-3,0,1,0.56,0.59
322436,110919,0.59,-63.3,-64.1,-1.24,4,7,1.56,0,0,0,0,0,-5,2,1033,1,1,38,38,0,0,0,3,2,3,1,0.59,0.59
322442,110920,0.53,-59.1,-60.2,-1.24,4,7,1.86,0,0,0,0,0,-5,2,1033,1,1,38,38,0,0,0,3,2,3,1,0.56,0.58
322448,110921,0.56,-62.7,-63.8,-1.00,4,7,1.69,0,0,0,0,0,-5,1,1034,1,1,38,38,0,0,0,5,-2,-1,1,0.56,0.58
322484,110922,0.64,-59.1,-60.3,-0.76,4,7,1.48,0,0,0,0,0,-5,1,1034,1,1,38,38,0,0,0,5,-2,-1,1,0.59,0.58
322490,110923,0.54,-63.3,-64.0,-1.36,4,7,1.45,0,0,0,0,0,-6,3,1035,1,1,38,38,0,0,0,2,1,-1,1,0.56,0.58
322496,110924,0.48,-59.1,-59.7,-1.65,4,7,1.64,0,0,0,0,0,-6,3,1035,1,1,38,38,0,0,0,2,1,-1,1,0.54,0.58
322504,110925,0.52,-58.1,-60.0,-1.25,4,7,1.88,0,0,0,0,0,-6,3,1035,1,1,38,38,0,0,0,2,1,-1,1,0.54,0.58
322525,110926,0.59,-60.3,-60.6,-1.06,4,7,1.28,0,0,0,0,0,-5,4,1034,1,1,38,38,0,0,0,2,2,4,1,0.54,0.58
322531,110927,0.54,-62.7,-64.0,-1.27,4,7,1.48,0,0,0,0,0,-6,3,1034,1,1,38,38,0,0,0,2,-1,5,1,0.54,0.58
322578,110928,0.56,-62.1,-63.5,-1.34,4,7,2.09,0,0,0,0,0,-6,3,1034,1,1,38,38,0,0,0,2,-1,5,1,0.54,0.57
322584,110929,0.68,-62.7,-64.0,-0.73,4,7,1.97,0,0,0,0,0,-5,4,1035,1,1,38,38,0,0,0,-1,0,3,1,0.56,0.57
322603,110930,0.58,-62.7,-63.8,-1.03,4,7,1.66,0,0,0,0,0,-5,3,1035,1,1,38,38,0,0,0,2,-1,5,1,0.58,0.57
322611,110931,0.50,-63.3,-64.1,-1.65,4,7,1.44,0,0,0,0,0,-5,3,1033,1,1,38,38,0,0,0,1,-2,0,1,0.56,0.57
322617,110932,0.53,-59.1,-60.2,-1.48,4,7,1.64,0,0,0,0,0,-5,3,1033,1,1,38,38,0,0,0,1,-2,0,1,0.56,0.57
322656,110933,0.60,-59.1,-60.0,-0.82,4,7,1.75,0,0,0,0,0,-5,3,1033,1,1,38,38,0,0,0,1,-2,0,1,0.58,0.57
322664,110934,0.56,-59.1,-60.2,-1.21,4,7,1.47,0,0,0,0,0,-6,2,1034,1,1,38,38,0,0,0,5,1,1,1,0.56,0.57
322685,110935,0.53,-54.3,-56.3,-1.28,4,7,2.08,0,0,0,0,0,-5,3,1034,1,1,38,38,0,0,0,2,0,1,1,0.53,0.57
322691,110936,0.56,-62.1,-63.3,-1.01,4,7,1.97,0,0,0,0,0,-6,4,1034,1,1,38,38,0,0,0,1,1,1,1,0.56,0.57
322699,110937,0.60,-58.1,-59.7,-0.86,4,7,1.89,0,0,0,0,0,-6,4,1034,1,1,38,38,0,0,0,1,1,1,1,0.56,0.57
322707,110938,0.50,-59.1,-60.0,-1.28,4,7,1.69,0,0,0,0,0,-6,4,1034,1,1,38,38,0,0,0,1,1,1,1,0.56,0.57
322713,110939,0.54,-59.1,-60.1,-1.07,4,7,1.67,0,0,0,0,0,-6,3,1035,1,1,38,38,0,0,0,3,-2,3,1,0.54,0.57
322718,110940,0.57,-63.3,-64.1,-1.24,4,7,1.58,0,0,0,0,0,-6,3,1035,1,1,38,38,0,0,0,3,-2,3,1,0.56,0.57
322724,110941,0.59,-58.1,-59.6,-0.75,4,7,1.69,0,0,0,0,0,-6,3,1035,1,1,38,38,0,0,0,3,-2,3,1,0.57,0.57
322730,110942,0.58,-58.1,-59.9,-0.72,4,7,1.81,0,0,0,0,0,-7,1,1034,1,1,38,38,0,0,0,3,0,1,1,0.57,0.57
322736,110943,0.63,-59.1,-60.0,-0.94,4,7,1.45,0,0,0,0,0,-7,1,1034,1,1,38,38,0,0,0,3,0,1,1,0.58,0.57
322742,110944,0.53,-58.1,-60.0,-1.21,4,7,1.83,0,0,0,0,0,-7,1,1034,1,1,38,38,0,0,0,3,0,1,1,0.58,0.57
322748,110945,0.59,-60.3,-60.9,-1.01,4,7,1.44,0,0,0,0,0,-6,3,1033,1,1,38,38,0,0,0,3,0,5,1,0.59,0.57
322754,110946,0.61,-59.1,-60.1,-0.98,4,7,1.66,0,0,0,0,0,-6,3,1033,1,1,38,38,0,0,0,3,0,5,1,0.59,0.57
322762,110947,0.52,-62.1,-62.9,-1.28,4,7,1.55,0,0,0,0,0,-6,3,1033,1,1,38,38,0,0,0,3,0,5,1,0.59,0.57
322770,110948,0.56,-54.3,-56.1,-1.06,4,6,2.56,0,0,0,0,0,-5,3,1033,1,1,38,38,0,0,0,2,1,1,1,0.56,0.57
322804,110949,0.53,-62.7,-64.3,-1.37,4,7,1.97,0,0,0,0,0,-5,3,1033,1,1,38,38,0,0,0,2,1,1,1,0.56,0.57
322812,110950,0.53,-62.7,-63.9,-1.45,4,7,1.75,0,0,0,0,0,-5,2,1034,1,1,38,38,0,0,0,3,-2,-1,1,0.53,0.57
322848,110951,0.54,-59.1,-59.9,-1.09,4,7,1.66,0,0,0,0,0,-5,2,1034,1,1,38,38,0,0,0,3,-2,-1,1,0.53,0.57
322854,110952,0.60,-62.7,-63.7,-0.80,4,7,1.58,0,0,0,0,0,-5,3,1034,1,1,38,38,0,0,0,3,2,3,1,0.54,0.57
322859,110953,0.51,-58.1,-60.6,-1.10,4,7,2.09,0,0,0,0,0,-5,3,1034,1,1,38,38,0,0,0,3,2,3,1,0.53,0.57
322867,110954,0.53,-62.7,-63.6,-1.59,4,7,1.28,0,0,0,0,0,-5,3,1035,1,1,38,38,0,0,0,5,-3,-1,1,0.53,0.56
322903,110955,0.53,-63.3,-64.1,-1.76,4,7,2.23,0,0,0,0,0,-5,3,1035,1,1,38,38,0,0,0,5,-3,-1,1,0.53,0.56
322932,110956,0.60,-63.3,-63.9,-1.10,4,7,1.66,0,0,0,0,0,-6,2,1034,1,1,38,38,0,0,0,4,-2,0,1,0.53,0.56
322940,110957,0.55,-62.1,-63.0,-1.06,4,7,1.56,0,0,0,0,0,-6,3,1034,1,1,38,38,0,0,0,1,5,9,1,0.53,0.56
322945,110958,0.68,-60.3,-60.5,-0.76,4,7,1.33,0,0,0,0,0,-6,4,1034,1,1,38,38,0,0,0,5,-1,1,1,0.55,0.56
322953,110959,0.62,-59.1,-60.4,-0.85,4,7,1.14,0,0,0,0,0,-6,4,1034,1,1,38,38,0,0,0,5,-1,1,1,0.60,0.56
322959,110960,0.53,-63.3,-64.2,-1.52,4,7,1.25,0,0,0,0,0,-6,4,1034,1,1,38,38,0,0,0,5,-1,1,1,0.60,0.56
322965,110961,0.46,-58.1,-59.8,-1.37,4,7,1.75,0,0,0,0,0,-6,3,1035,1,1,38,38,0,0,0,3,0,3,1,0.55,0.56
322971,110962,0.61,-62.1,-63.2,-0.92,4,7,1.41,0,0,0,0,0,-6,3,1035,1,1,38,38,0,0,0,3,0,3,1,0.61,0.56
322977,110963,0.61,-60.3,-60.8,-0.95,4,7,1.16,0,0,0,0,0,-6,3,1035,1,1,38,38,0,0,0,3,0,3,1,0.61,0.57
322983,110964,0.56,-63.3,-64.1,-1.33,4,6,2.42,0,0,0,0,0,-6,3,1035,1,1,38,38,0,0,0,3,0,3,1,0.56,0.57
322989,110965,0.57,-58.1,-59.5,-0.97,4,6,2.45,0,0,0,0,0,-5,2,1035,1,1,38,38,0,0,0,3,2,-1,1,0.57,0.57
322995,110966,0.67,-59.1,-60.0,-0.88,4,7,1.20,0,0,0,0,0,-5,2,1035,1,1,38,38,0,0,0,3,2,-1,1,0.61,0.57
323003,110967,0.53,-54.3,-56.1,-1.19,4,7,1.30,0,0,0,0,0,-5,3,1035,1,1,38,38,0,0,0,1,0,2,1,0.57,0.57
323010,110968,0.64,-63.3,-64.0,-0.85,4,7,1.89,0,0,0,0,0,-5,3,1035,1,1,38,38,0,0,0,1,0,2,1,0.57,0.57
323018,110969,0.61,-59.1,-60.0,-0.95,4,7,1.77,0,0,0,0,0,-5,3,1035,1,1,38,38,0,0,0,1,0,2,1,0.61,0.57
323075,110970,0.62,-58.1,-59.9,-0.86,4,7,1.36,0,0,0,0,0,-5,3,1035,1,1,38,38,0,0,0,3,2,4,1,0.62,0.57
323083,110971,0.51,-58.1,-60.1,-1.45,4,7,2.14,0,0,0,0,0,-5,4,1034,1,1,38,38,0,0,0,6,2,3,1,0.61,0.58
323089,110972,0.52,-54.3,-56.0,-1.18,4,7,2.22,0,0,0,0,0,-6,4,1035,1,1,38,38,0,0,0,4,2,-1,1,0.61,0.58
323119,110973,0.56,-59.1,-60.0,-1.04,4,7,1.48,0,0,0,0,0,-6,4,1035,1,1,38,38,0,0,0,4,2,-1,1,0.56,0.58
323125,110974,0.61,-60.3,-60.6,-1.04,4,7,1.25,0,0,0,0,0,-5,1,1034,1,1,38,38,0,0,0,4,0,1,1,0.56,0.58
323131,110975,0.63,-58.1,-59.6,-0.82,4,7,1.52,0,0,0,0,0,-5,1,1034,1,1,38,38,0,0,0,4,0,1,1,0.56,0.57
323210,110976,0.55,-62.1,-63.2,-1.07,4,7,1.55,0,0,0,0,0,-5,1,1034,1,1,38,38,0,0,0,4,0,1,1,0.56,0.57
323218,110977,0.59,-63.3,-64.4,-1.24,4,7,2.17,0,0,0,0,0,-5,3,1033,1,1,38,38,0,0,0,3,-4,-1,1,0.59,0.58
323224,110978,0.59,-63.3,-64.2,-1.13,4,7,1.19,0,0,0,0,0,-6,3,1034,1,1,38,38,0,0,0,2,-5,1,1,0.59,0.58
323260,110979,0.68,-62.7,-63.8,-0.77,4,7,1.81,0,0,0,0,0,-6,3,1034,1,1,38,38,0,0,0,2,-5,1,1,0.59,0.58
323265,110980,0.60,-63.3,-64.2,-1.21,4,7,1.84,0,0,0,0,0,-4,3,1038,1,1,38,38,0,0,0,4,0,0,1,0.59,0.58
323273,110981,0.56,-62.7,-64.0,-1.24,4,7,1.73,0,0,0,0,0,-4,3,1038,1,1,38,38,0,0,0,4,0,0,1,0.59,0.58
323279,110982,0.57,-58.1,-59.6,-0.95,4,7,1.91,0,0,0,0,0,-4,3,1038,1,1,38,38,0,0,0,4,0,0,1,0.59,0.58
323293,110983,0.58,-62.7,-63.8,-1.13,4,7,1.91,0,0,0,0,0,-5,3,1040,1,1,38,38,0,0,0,-9,0,1,1,0.58,0.58
323317,110984,0.66,-59.1,-60.4,-0.77,4,7,2.02,0,0,0,0,0,-5,3,1040,1,1,38,38,0,0,0,-9,0,1,1,0.58,0.58
323323,110985,0.54,-63.3,-64.2,-1.56,4,7,0.95,0,0,0,0,0,-5,2,1033,1,1,38,38,0,0,0,-2,-2,2,1,0.57,0.58
323346,110986,0.67,-62.7,-63.9,-0.88,4,7,1.88,0,0,0,0,0,-5,2,1033,1,1,38,38,0,0,0,-2,-2,2,1,0.58,0.58
323352,110987,0.63,-59.1,-60.6,-0.77,4,7,2.16,0,0,0,0,0,-6,3,1032,1,1,38,38,0,0,0,-1,-2,4,1,0.63,0.58
323360,110988,0.62,-62.7,-63.9,-1.00,4,7,1.72,0,0,0,0,0,-6,3,1032,1,1,38,38,0,0,0,-1,-2,4,1,0.63,0.58
323366,110989,0.54,-63.3,-64.2,-1.58,4,7,1.75,0,0,0,0,0,-5,3,1031,1,1,38,38,0,0,0,4,3,1,1,0.62,0.59
323374,110990,0.59,-59.1,-59.9,-1.00,4,7,1.53,0,0,0,0,0,-5,3,1031,1,1,38,38,0,0,0,4,3,1,1,0.62,0.59
323380,110991,0.52,-58.1,-59.9,-1.10,4,7,1.97,0,0,0,0,0,-5,3,1031,1,1,38,38,0,0,0,4,3,1,1,0.59,0.59
323386,110992,0.57,-62.7,-63.8,-1.34,4,7,1.59,0,0,0,0,0,-6,3,1032,1,1,38,38,0,0,0,6,1,2,1,0.57,0.59
323410,110993,0.59,-60.3,-60.4,-1.00,4,7,1.66,0,0,0,0,0,-6,3,1032,1,1,38,38,0,0,0,6,1,2,1,0.57,0.59
323435,110994,0.57,-63.3,-63.8,-1.25,4,7,1.58,0,0,0,0,0,-5,2,1035,1,1,38,38,0,0,0,5,1,-1,1,0.57,0.59
323459,110995,0.60,-59.1,-60.0,-0.98,4,7,1.77,0,0,0,0,0,-5,3,1036,1,1,38,38,0,0,0,3,3,4,1,0.57,0.58
323477,110996,0.61,-62.1,-63.1,-1.00,4,7,1.47,0,0,0,0,0,-6,3,1033,1,1,38,38,0,0,0,4,0,-1,1,0.59,0.58
323485,110997,0.58,-54.3,-55.9,-1.04,4,6,2.47,0,0,0,0,0,-5,2,1034,1,1,38,38,0,0,0,1,0,-1,1,0.59,0.59
323560,110998,0.60,-59.1,-60.1,-1.12,4,7,1.81,0,0,0,0,0,-5,2,1034,1,1,38,38,0,0,0,1,0,-1,1,0.60,0.59
323567,110999,0.57,-62.7,-63.8,-1.03,4,7,1.73,0,0,0,0,0,-5,2,1035,1,1,38,38,0,0,0,-1,0,3,1,0.60,0.59
323573,111000,0.53,-58.1,-60.9,-1.04,4,7,2.03,0,0,0,0,0,-5,2,1035,1,1,38,38,0,0,0,-1,0,3,1,0.58,0.59
323581,111001,0.57,-62.7,-63.9,-0.91,4,7,1.59,0,0,0,0,0,-5,2,1035,1,1,38,38,0,0,0,-1,0,3,1,0.57,0.59
323589,111002,0.55,-59.1,-60.0,-1.12,4,7,1.50,0,0,0,0,0,-6,2,1034,1,1,38,38,0,0,0,3,1,1,1,0.57,0.59
323612,111003,0.60,-62.1,-63.4,-0.95,4,6,2.47,0,0,0,0,0,-6,2,1034,1,1,38,38,0,0,0,3,1,1,1,0.57,0.58
323620,111004,0.62,-59.1,-60.2,-1.09,4,7,1.14,0,0,0,0,0,-5,4,1035,1,1,38,38,0,0,0,3,0,4,1,0.57,0.58
323626,111005,0.64,-59.1,-60.7,-1.01,4,7,2.08,0,0,0,0,0,-5,2,1034,1,1,38,38,0,0,0,-2,5,6,1,0.60,0.58
323632,111006,0.59,-62.7,-63.9,-0.98,4,7,2.17,0,0,0,0,0,-5,2,1034,1,1,38,38,0,0,0,-2,5,6,1,0.60,0.59
323639,111007,0.61,-59.1,-60.5,-0.94,4,7,2.02,0,0,0,0,0,-5,2,1034,1,1,38,38,0,0,0,-2,5,6,1,0.61,0.59
323645,111008,0.59,-63.3,-64.6,-1.22,4,7,1.94,0,0,0,0,0,-5,2,1032,1,1,38,38,0,0,0,3,1,4,1,0.61,0.59
323653,111009,0.59,-59.1,-60.9,-0.77,4,7,2.14,0,0,0,0,0,-5,2,1032,1,1,38,38,0,0,0,3,1,4,1,0.59,0.59
323661,111010,0.56,-59.1,-59.8,-0.97,4,7,1.84,0,0,0,0,0,-5,2,1032,1,1,38,38,0,0,0,3,1,4,1,0.59,0.59
323667,111011,0.62,-58.1,-59.7,-0.69,4,7,1.91,0,0,0,0,0,-6,3,1034,1,1,38,38,0,0,0,5,1,0,1,0.59,0.59
323705,111012,0.58,-60.3,-60.7,-1.22,4,7,1.25,0,0,0,0,0,-6,3,1034,1,1,38,38,0,0,0,5,1,0,1,0.59,0.59
323713,111013,0.62,-62.1,-63.2,-1.01,4,7,2.28,0,0,0,0,0,-5,4,1034,1,1,38,38,0,0,0,1,2,1,1,0.59,0.59
323718,111014,0.59,-59.1,-59.8,-1.03,4,7,2.25,0,0,0,0,0,-5,4,1034,1,1,38,38,0,0,0,1,2,1,1,0.59,0.59
323724,111015,0.59,-58.1,-59.7,-1.00,4,7,1.39,0,0,0,0,0,-4,2,1032,1,1,38,38,0,0,0,3,2,0,1,0.59,0.59
323747,111016,0.65,-59.1,-60.5,-0.98,4,7,2.03,0,0,0,0,0,-4,2,1032,1,1,38,38,0,0,0,3,2,0,1,0.59,0.59
323794,111017,0.57,-62.7,-64.0,-1.10,4,7,1.81,0,0,0,0,0,-4,3,1033,1,1,38,38,0,0,0,5,0,5,1,0.59,0.59
323802,111018,0.59,-58.1,-59.6,-0.98,4,7,1.80,0,0,0,0,0,-6,3,1034,1,1,38,38,0,0,0,2,1,4,1,0.59,0.59
323808,111019,0.59,-59.1,-59.8,-1.09,4,7,1.72,0,0,0,0,0,-6,3,1034,1,1,38,38,0,0,0,2,1,4,1,0.59,0.59
323816,111020,0.57,-59.1,-59.8,-1.25,4,7,1.64,0,0,0,0,0,-6,3,1034,1,1,38,38,0,0,0,2,1,4,1,0.59,0.59
323824,111021,0.55,-59.1,-60.1,-1.43,4,7,1.47,0,0,0,0,0,-6,3,1033,1,1,38,38,0,0,0,3,2,3,1,0.57,0.59
323832,111022,0.53,-58.1,-60.0,-0.80,4,6,2.66,0,0,0,0,0,-6,3,1033,1,1,38,38,0,0,0,3,2,3,1,0.57,0.59
323845,111023,0.48,-63.3,-64.1,-1.70,4,6,2.44,0,0,0,0,0,-6,3,1033,1,1,38,38,0,0,0,3,2,3,1,0.55,0.59
323918,111024,0.72,-62.7,-63.9,-0.51,4,7,1.86,0,0,0,0,0,-5,3,1034,1,1,38,38,0,0,0,6,2,4,1,0.55,0.58
323926,111025,0.61,-59.1,-60.0,-0.94,4,7,1.78,0,0,0,0,0,-5,2,1033,1,1,38,38,0,0,0,2,1,2,1,0.55,0.58
323934,111026,0.57,-59.1,-60.0,-0.97,4,7,1.73,0,0,0,0,0,-5,2,1033,1,1,38,38,0,0,0,2,1,2,1,0.57,0.58
323942,111027,0.59,-59.1,-60.0,-1.24,4,7,1.28,0,0,0,0,0,-6,3,1032,1,1,38,38,0,0,0,5,1,2,1,0.59,0.58
324021,111028,0.62,-59.1,-59.9,-0.98,4,7,1.50,0,0,0,0,0,-6,3,1032,1,1,38,38,0,0,0,5,1,2,1,0.61,0.58
324027,111029,0.58,-59.1,-60.1,-1.07,4,7,1.38,0,0,0,0,0,-7,2,1034,1,1,38,38,0,0,0,6,0,4,1,0.59,0.58
324057,111030,0.57,-59.1,-59.9,-1.04,4,7,1.81,0,0,0,0,0,-7,2,1034,1,1,38,38,0,0,0,6,0,4,1,0.58,0.58
324076,111031,0.56,-58.1,-59.7,-1.00,4,7,1.66,0,0,0,0,0,-6,4,1034,1,1,38,38,0,0,0,1,0,-2,1,0.58,0.58
324155,111032,0.55,-59.1,-60.0,-1.31,4,7,1.63,0,0,0,0,0,-5,2,1034,1,1,38,38,0,0,0,3,2,3,1,0.57,0.58
324161,111033,0.50,-59.1,-60.1,-1.28,4,7,1.70,0,0,0,0,0,-7,4,1036,1,1,38,38,0,0,0,-1,1,1,1,0.56,0.58
324236,111034,0.56,-58.1,-59.9,-0.92,4,7,1.45,0,0,0,0,0,-7,4,1036,1,1,38,38,0,0,0,-1,1,1,1,0.56,0.58
324244,111035,0.57,-54.3,-56.2,-1.13,4,7,2.25,0,0,0,0,0,-6,4,1033,1,1,38,38,0,0,0,-1,-1,2,1,0.56,0.58
324252,111036,0.61,-63.3,-64.1,-0.88,4,7,1.78,0,0,0,0,0,-6,4,1033,1,1,38,38,0,0,0,-1,-1,2,1,0.56,0.58
324260,111037,0.57,-63.3,-64.0,-1.21,4,7,1.66,0,0,0,0,0,-5,3,1033,1,1,38,38,0,0,0,0,-3,4,1,0.57,0.58
324266,111038,0.59,-60.3,-60.6,-1.10,4,7,1.59,0,0,0,0,0,-5,3,1033,1,1,38,38,0,0,0,0,-3,4,1,0.57,0.58
324289,111039,0.53,-58.1,-60.0,-1.21,4,7,1.94,0,0,0,0,0,-5,3,1033,1,1,38,38,0,0,0,0,-3,4,1,0.57,0.58
324295,111040,0.58,-62.7,-63.5,-0.92,4,7,1.70,0,0,0,0,0,-6,4,1034,1,1,38,38,0,0,0,2,-1,3,1,0.58,0.58
324300,111041,0.62,-62.7,-63.8,-0.82,4,7,1.73,0,0,0,0,0,-6,2,1034,1,1,38,38,0,0,0,4,1,0,1,0.58,0.58
324306,111042,0.60,-54.3,-55.8,-0.85,4,7,1.95,0,0,0,0,0,-6,2,1034,1,1,38,38,0,0,0,4,1,0,1,0.59,0.58
324314,111043,0.56,-58.1,-59.7,-0.94,4,7,1.69,0,0,0,0,0,-6,2,1034,1,1,38,38,0,0,0,4,1,0,1,0.58,0.58
324328,111044,0.54,-62.7,-63.9,-1.37,4,7,1.67,0,0,0,0,0,-6,3,1033,1,1,38,38,0,0,0,3,2,4,1,0.58,0.58
324335,111045,0.59,-58.1,-59.5,-1.00,4,7,1.77,0,0,0,0,0,-6,3,1033,1,1,38,38,0,0,0,3,2,4,1,0.59,0.58
324343,111046,0.52,-59.1,-60.1,-1.30,4,7,1.48,0,0,0,0,0,-5,3,1031,1,1,38,38,0,0,0,9,-1,-1,1,0.56,0.58
324434,111047,0.57,-54.3,-56.1,-0.97,4,7,1.70,0,0,0,0,0,-5,3,1031,1,1,38,38,0,0,0,9,-1,-1,1,0.56,0.58
324447,111048,0.54,-62.7,-63.9,-1.18,4,7,1.56,0,0,0,0,0,-5,3,1033,1,1,38,38,0,0,0,0,-1,1,1,0.54,0.58
324455,111049,0.56,-63.3,-64.2,-1.46,4,7,1.34,0,0,0,0,0,-5,3,1033,1,1,38,38,0,0,0,0,-1,1,1,0.56,0.58
324461,111050,0.56,-59.1,-60.3,-1.18,4,7,1.52,0,0,0,0,0,-5,2,1034,1,1,38,38,0,0,0,-2,-2,3,1,0.56,0.58
324467,111051,0.63,-60.3,-61.0,-0.79,4,7,1.20,0,0,0,0,0,-5,2,1034,1,1,38,38,0,0,0,-2,-2,3,1,0.56,0.57
324473,111052,0.59,-54.3,-55.8,-0.86,4,7,1.52,0,0,0,0,0,-5,2,1034,1,1,38,38,0,0,0,-2,-2,3,1,0.56,0.57
324479,111053,0.60,-58.1,-59.8,-0.76,4,7,1.59,0,0,0,0,0,-4,3,1035,1,1,38,38,0,0,0,2,1,0,1,0.59,0.58
324484,111054,0.64,-59.1,-59.9,-0.98,4,7,1.36,0,0,0,0,0,-4,3,1035,1,1,38,38,0,0,0,2,1,0,1,0.60,0.58
324492,111055,0.62,-62.7,-64.0,-0.94,4,7,1.23,0,0,0,0,0,-4,3,1035,1,1,38,38,0,0,0,2,1,0,1,0.62,0.58
324500,111056,0.53,-63.3,-64.5,-1.49,4,7,2.00,0,0,0,0,0,-5,3,1036,1,1,38,38,0,0,0,-1,2,1,1,0.60,0.58
324508,111057,0.58,-59.1,-60.1,-0.98,4,7,1.97,0,0,0,0,0,-5,3,1036,1,1,38,38,0,0,0,-1,2,1,1,0.60,0.58
324516,111058,0.60,-60.3,-60.5,-1.18,4,7,1.52,0,0,0,0,0,-5,3,1036,1,1,38,38,0,0,0,-1,2,1,1,0.60,0.58
324522,111059,0.59,-60.3,-60.5,-0.95,4,7,1.55,0,0,0,0,0,-4,3,1034,1,1,38,38,0,0,0,2,2,2,1,0.59,0.58
324573,111060,0.61,-59.1,-59.8,-0.83,4,7,1.66,0,0,0,0,0,-4,3,1034,1,1,38,38,0,0,0,2,2,2,1,0.59,0.58
324579,111061,0.59,-63.3,-63.8,-1.19,4,7,1.59,0,0,0,0,0,-6,3,1033,1,1,38,38,0,0,0,2,1,-1,1,0.59,0.58
324585,111062,0.56,-62.7,-63.4,-1.39,4,7,1.55,0,0,0,0,0,-6,3,1033,1,1,38,38,0,0,0,2,1,-1,1,0.59,0.58
324591,111063,0.61,-60.3,-60.5,-1.09,4,7,1.59,0,0,0,0,0,-6,3,1033,1,1,38,38,0,0,0,2,1,-1,1,0.59,0.58
324596,111064,0.56,-59.1,-59.9,-0.92,4,7,1.70,0,0,0,0,0,-5,3,1034,1,1,38,38,0,0,0,1,0,2,1,0.59,0.58
324602,111065,0.53,-58.1,-60.7,-0.92,4,7,2.06,0,0,0,0,0,-5,3,1034,1,1,38,38,0,0,0,1,0,2,1,0.56,0.58
324610,111066,0.65,-60.3,-60.6,-0.75,4,7,1.41,0,0,0,0,0,-5,3,1034,1,1,38,38,0,0,0,1,0,2,1,0.56,0.58
324618,111067,0.52,-63.3,-64.1,-1.52,4,7,1.27,0,0,0,0,0,-5,4,1033,1,1,38,38,0,0,0,4,0,2,1,0.56,0.58
324624,111068,0.59,-62.1,-63.2,-0.75,4,6,2.53,0,0,0,0,0,-5,4,1033,1,1,38,38,0,0,0,4,0,2,1,0.56,0.58
324637,111069,0.58,-58.1,-59.6,-1.15,4,7,1.63,0,0,0,0,0,-5,4,1033,1,1,38,38,0,0,0,4,0,2,1,0.58,0.58
324673,111070,0.57,-59.1,-60.0,-1.10,4,7,1.50,0,0,0,0,0,-6,3,1034,1,1,38,38,0,0,0,3,1,1,1,0.58,0.58
324679,111071,0.52,-63.3,-64.0,-1.46,4,7,1.55,0,0,0,0,0,-4,2,1035,1,1,38,38,0,0,0,4,1,2,1,0.57,0.58
324700,111072,0.57,-58.1,-60.0,-0.92,4,7,1.98,0,0,0,0,0,-4,2,1035,1,1,38,38,0,0,0,4,1,2,1,0.57,0.58
324706,111073,0.59,-58.1,-59.6,-0.79,4,7,1.91,0,0,0,0,0,-6,4,1034,1,1,38,38,0,0,0,2,2,5,1,0.57,0.58
324712,111074,0.53,-59.1,-59.8,-1.34,4,7,1.66,0,0,0,0,0,-6,4,1034,1,1,38,38,0,0,0,2,2,5,1,0.57,0.58
324748,111075,0.58,-62.7,-63.8,-1.27,4,7,1.39,0,0,0,0,0,-6,2,1034,1,1,38,38,0,0,0,3,-1,2,1,0.57,0.58
324767,111076,0.59,-59.1,-60.4,-1.22,4,7,2.08,0,0,0,0,0,-5,2,1035,1,1,38,38,0,0,0,3,2,3,1,0.58,0.58
324835,111077,0.60,-58.1,-59.8,-0.92,4,7,1.50,0,0,0,0,0,-5,3,1035,1,1,38,38,0,0,0,3,2,3,1,0.59,0.58
324843,111078,0.62,-62.7,-63.7,-0.88,4,7,2.03,0,0,0,0,0,-5,2,1036,1,1,38,38,0,0,0,0,1,2,1,0.59,0.58
324849,111079,0.67,-59.1,-60.6,-0.86,4,7,2.02,0,0,0,0,0,-5,2,1036,1,1,38,38,0,0,0,0,1,2,1,0.60,0.58
324862,111080,0.53,-62.7,-63.9,-1.27,4,7,1.41,0,0,0,0,0,-6,2,1034,1,1,38,38,0,0,0,3,1,3,1,0.60,0.58
324870,111081,0.64,-63.3,-64.0,-0.86,4,7,2.19,0,0,0,0,0,-6,2,1034,1,1,38,38,0,0,0,3,1,3,1,0.62,0.58
324876,111082,0.56,-62.7,-64.0,-1.12,4,7,1.16,0,0,0,0,0,-7,2,1033,1,1,38,38,0,0,0,4,0,4,1,0.62,0.59
324884,111083,0.58,-54.3,-56.0,-1.06,4,7,2.22,0,0,0,0,0,-7,2,1033,1,1,38,38,0,0,0,4,0,4,1,0.58,0.59
324891,111084,0.61,-59.1,-60.0,-0.94,4,7,1.86,0,0,0,0,0,-7,2,1033,1,1,38,38,0,0,0,4,0,4,1,0.58,0.59
324897,111085,0.58,-59.1,-59.8,-1.10,4,7,1.95,0,0,0,0,0,-4,4,1033,1,1,38,38,0,0,0,3,-1,4,1,0.58,0.58
324903,111086,0.57,-63.3,-63.9,-1.03,4,7,1.81,0,0,0,0,0,-4,4,1033,1,1,38,38,0,0,0,3,-1,4,1,0.58,0.58
324909,111087,0.60,-58.1,-59.6,-0.89,4,7,1.98,0,0,0,0,0,-4,4,1033,1,1,38,38,0,0,0,3,-1,4,1,0.58,0.58
324917,111088,0.55,-59.1,-60.8,-0.95,4,7,2.06,0,0,0,0,0,-5,4,1035,1,1,38,38,0,0,0,3,-1,2,1,0.58,0.58
324923,111089,0.54,-59.1,-60.1,-1.01,4,7,1.89,0,0,0,0,0,-5,4,1035,1,1,38,38,0,0,0,3,-1,2,1,0.57,0.58
324942,111090,0.59,-63.3,-64.0,-1.30,4,7,1.36,0,0,0,0,0,-5,4,1035,1,1,38,38,0,0,0,3,-1,2,1,0.57,0.58
324948,111091,0.53,-58.1,-59.8,-1.13,4,7,1.63,0,0,0,0,0,-6,2,1035,1,1,38,38,0,0,0,3,2,2,1,0.55,0.58
324971,111092,0.62,-58.1,-59.5,-0.85,4,7,1.61,0,0,0,0,0,-6,1,1034,1,1,38,38,0,0,0,3,0,1,1,0.55,0.58
324984,111093,0.57,-59.1,-60.0,-0.88,4,7,1.77,0,0,0,0,0,-5,3,1034,1,1,38,38,0,0,0,2,1,3,1,0.57,0.58
324990,111094,0.52,-58.1,-59.9,-1.03,4,7,1.94,0,0,0,0,0,-5,3,1034,1,1,38,38,0,0,0,2,1,3,1,0.57,0.58
325009,111095,0.57,-59.1,-60.3,-1.15,4,7,1.19,0,0,0,0,0,-6,4,1033,1,1,38,38,0,0,0,1,-2,1,1,0.57,0.58
325015,111096,0.53,-63.3,-64.1,-1.55,4,7,2.19,0,0,0,0,0,-5,4,1033,1,1,38,38,0,0,0,0,2,1,1,0.57,0.58
325034,111097,0.60,-59.1,-60.8,-0.80,4,7,2.13,0,0,0,0,0,-5,4,1033,1,1,38,38,0,0,0,0,2,1,1,0.57,0.58
325040,111098,0.61,-59.1,-60.0,-0.79,4,7,1.88,0,0,0,0,0,-5,3,1034,1,1,38,38,0,0,0,-1,-1,-1,1,0.57,0.58
325076,111099,0.65,-62.7,-63.8,-0.77,4,7,1.78,0,0,0,0,0,-5,3,1034,1,1,38,38,0,0,0,-1,-1,-1,1,0.60,0.58
325082,111100,0.60,-62.7,-63.8,-1.01,4,7,1.81,0,0,0,0,0,-5,2,1034,1,1,38,38,0,0,0,-1,-2,-2,1,0.60,0.58
325088,111101,0.57,-58.1,-60.4,-0.98,4,7,2.14,0,0,0,0,0,-5,2,1034,1,1,38,38,0,0,0,-1,-2,-2,1,0.60,0.58
325128,111102,0.59,-59.1,-60.5,-1.06,4,7,2.00,0,0,0,0,0,-5,3,1033,1,1,38,38,0,0,0,3,3,3,1,0.60,0.58
325141,111103,0.57,-59.1,-59.9,-0.92,4,7,1.41,0,0,0,0,0,-6,4,1034,1,1,38,38,0,0,0,3,3,1,1,0.59,0.58
325177,111104,0.53,-59.1,-60.0,-1.40,4,7,2.19,0,0,0,0,0,-6,4,1034,1,1,38,38,0,0,0,3,3,1,1,0.57,0.58
325256,111105,0.53,-59.1,-60.0,-1.39,4,7,2.31,0,0,0,0,0,-4,4,1035,1,1,38,38,0,0,0,1,1,1,1,0.57,0.58
325264,111106,0.60,-62.7,-64.0,-1.15,4,7,1.95,0,0,0,0,0,-6,3,1033,1,1,38,38,0,0,0,0,-1,3,1,0.57,0.58
325376,111107,0.56,-58.1,-59.6,-1.04,4,7,1.83,0,0,0,0,0,-6,3,1033,1,1,38,38,0,0,0,0,-1,3,1,0.56,0.58
325384,111108,0.56,-59.1,-60.0,-0.92,4,7,1.52,0,0,0,0,0,-6,3,1035,1,1,38,38,0,0,0,5,2,3,1,0.56,0.58
325398,111109,0.54,-59.1,-60.0,-1.07,4,7,1.75,0,0,0,0,0,-6,3,1035,1,1,38,38,0,0,0,5,4,5,1,0.56,0.58
325405,111110,0.62,-59.1,-60.2,-0.88,4,7,1.33,0,0,0,0,0,-5,3,1033,1,1,38,38,0,0,0,-1,4,5,1,0.56,0.58
325481,111111,0.53,-62.1,-63.1,-1.43,4,7,1.33,0,0,0,0,0,-5,2,1034,1,1,38,38,0,0,0,2,-1,5,1,0.56,0.58
325488,111112,0.59,-59.1,-60.6,-0.92,4,7,2.02,0,0,0,0,0,-5,3,1034,1,1,38,38,0,0,0,2,-1,5,1,0.56,0.58
325528,111113,0.53,-62.1,-63.4,-1.24,4,6,2.41,0,0,0,0,0,-5,3,1036,1,1,38,38,0,0,0,3,2,-6,1,0.54,0.57
325536,111114,0.56,-62.7,-64.0,-1.28,4,7,1.05,0,0,0,0,0,-3,3,1035,1,1,38,38,0,0,0,3,0,1,1,0.56,0.57
325542,111115,0.68,-62.7,-63.9,-0.64,4,7,2.02,0,0,0,0,0,-3,3,1035,1,1,38,38,0,0,0,3,0,1,1,0.56,0.57
325578,111116,0.66,-59.1,-60.4,-0.82,4,7,1.97,0,0,0,0,0,-3,3,1035,1,1,38,38,0,0,0,3,0,1,1,0.59,0.57
325584,111117,0.55,-54.3,-56.0,-1.21,4,7,2.27,0,0,0,0,0,-5,3,1035,1,1,38,38,0,0,0,1,-2,0,1,0.56,0.57
325590,111118,0.68,-63.3,-64.1,-0.72,4,7,1.92,0,0,0,0,0,-7,2,1033,1,1,38,38,0,0,0,2,0,1,1,0.66,0.58
325596,111119,0.59,-58.1,-60.0,-1.10,4,7,2.25,0,0,0,0,0,-7,2,1033,1,1,38,38,0,0,0,2,0,1,1,0.66,0.58
325603,111120,0.63,-62.7,-63.9,-0.94,4,7,1.81,0,0,0,0,0,-7,2,1033,1,1,38,38,0,0,0,2,0,1,1,0.63,0.58
325643,111121,0.60,-62.7,-63.9,-0.89,4,7,1.09,0,0,0,0,0,-7,3,1035,1,1,38,38,0,0,0,4,2,0,1,0.60,0.59
325649,111122,0.59,-54.3,-55.9,-0.89,4,7,1.38,0,0,0,0,0,-5,3,1034,1,1,38,38,0,0,0,1,1,1,1,0.60,0.59
325657,111123,0.58,-63.3,-64.2,-1.13,4,7,0.92,0,0,0,0,0,-5,3,1034,1,1,38,38,0,0,0,1,1,1,1,0.59,0.59
325663,111124,0.60,-62.7,-64.2,-1.06,4,7,1.95,0,0,0,0,0,-5,3,1034,1,1,38,38,0,0,0,1,1,1,1,0.60,0.59
325732,111125,0.58,-58.1,-59.6,-0.80,4,7,1.39,0,0,0,0,0,-4,3,1035,1,1,38,38,0,0,0,1,1,2,1,0.59,0.59
325738,111126,0.54,-63.3,-64.1,-1.34,4,6,2.36,0,0,0,0,0,-7,3,1035,1,1,38,38,0,0,0,3,1,3,1,0.58,0.59
325744,111127,0.66,-62.1,-63.0,-0.60,4,7,1.44,0,0,0,0,0,-7,3,1035,1,1,38,38,0,0,0,3,1,3,1,0.58,0.59
325758,111128,0.58,-63.3,-64.0,-1.16,4,7,1.59,0,0,0,0,0,-6,3,1034,1,1,38,38,0,0,0,1,0,0,1,0.58,0.59
325781,111129,0.56,-63.3,-64.0,-1.12,4,7,1.66,0,0,0,0,0,-6,3,1034,1,1,38,38,0,0,0,1,0,0,1,0.58,0.59
325786,111130,0.54,-58.1,-59.7,-0.91,4,7,1.89,0,0,0,0,0,-6,3,1035,1,1,38,38,0,0,0,3,2,2,1,0.56,0.58
325792,111131,0.57,-59.1,-59.8,-1.06,4,7,1.64,0,0,0,0,0,-5,3,1035,1,1,38,38,0,0,0,1,-1,2,1,0.57,0.58
325798,111132,0.58,-58.1,-59.5,-1.06,4,7,1.80,0,0,0,0,0,-5,3,1035,1,1,38,38,0,0,0,1,-1,2,1,0.57,0.58
325806,111133,0.57,-59.1,-59.9,-1.10,4,7,1.52,0,0,0,0,0,-5,3,1035,1,1,38,38,0,0,0,1,-1,2,1,0.57,0.58
325812,111134,0.51,-59.1,-60.0,-1.27,4,7,1.73,0,0,0,0,0,-5,3,1035,1,1,38,38,0,0,0,4,1,1,1,0.57,0.58
325820,111135,0.48,-57.3,-59.6,-1.16,4,7,1.83,0,0,0,0,0,-5,3,1035,1,1,38,38,0,0,0,4,1,1,1,0.57,0.58
325826,111136,0.60,-63.3,-64.0,-1.03,4,7,1.44,0,0,0,0,0,-5,3,1035,1,1,38,38,0,0,0,4,1,1,1,0.57,0.58
325834,111137,0.62,-62.1,-63.2,-0.67,4,7,1.30,0,0,0,0,0,-5,3,1034,1,1,38,38,0,0,0,3,1,3,1,0.57,0.58
325840,111138,0.55,-58.1,-59.9,-1.03,4,7,1.44,0,0,0,0,0,-5,3,1034,1,1,38,38,0,0,0,3,1,3,1,0.55,0.58
325847,111139,0.63,-63.3,-64.2,-1.10,4,7,1.00,0,0,0,0,0,-5,3,1034,1,1,38,38,0,0,0,3,1,3,1,0.60,0.58
325853,111140,0.55,-54.3,-56.4,-0.98,4,7,1.44,0,0,0,0,0,-6,2,1034,1,1,38,38,0,0,0,6,-3,4,1,0.60,0.58
325859,111141,0.53,-63.3,-64.3,-1.68,4,7,2.06,0,0,0,0,0,-6,2,1034,1,1,38,38,0,0,0,6,-3,4,1,0.55,0.58
325865,111142,0.67,-62.7,-63.6,-0.64,4,7,1.06,0,0,0,0,0,-6,2,1034,1,1,38,38,0,0,0,6,-3,4,1,0.55,0.58
325916,111143,0.52,-54.3,-56.4,-1.46,4,7,1.53,0,0,0,0,0,-6,2,1035,1,1,38,38,0,0,0,3,0,3,1,0.55,0.58
325924,111144,0.68,-62.7,-64.1,-0.67,4,7,1.95,0,0,0,0,0,-4,4,1033,1,1,38,38,0,0,0,2,1,5,1,0.55,0.58
325932,111145,0.57,-63.3,-64.0,-1.04,4,7,1.83,0,0,0,0,0,-5,4,1033,1,1,38,38,0,0,0,1,2,2,1,0.57,0.58
325940,111146,0.58,-58.1,-59.7,-0.82,4,7,1.97,0,0,0,0,0,-5,4,1033,1,1,38,38,0,0,0,1,2,2,1,0.58,0.58
325946,111147,0.58,-63.3,-64.1,-1.07,4,7,1.64,0,0,0,0,0,-5,4,1033,1,1,38,38,0,0,0,1,2,2,1,0.58,0.58
325952,111148,0.56,-58.1,-59.7,-0.85,4,7,1.94,0,0,0,0,0,-5,2,1034,1,1,38,38,0,0,0,4,1,4,1,0.58,0.58
325957,111149,0.61,-60.3,-60.4,-0.98,4,7,1.69,0,0,0,0,0,-5,2,1034,1,1,38,38,0,0,0,4,1,4,1,0.58,0.58
325963,111150,0.61,-59.1,-59.8,-0.86,4,7,1.84,0,0,0,0,0,-5,2,1034,1,1,38,38,0,0,0,4,1,4,1,0.58,0.58
325999,111151,0.59,-62.7,-63.9,-1.15,4,7,1.61,0,0,0,0,0,-5,3,1034,1,1,38,38,0,0,0,4,-1,2,1,0.59,0.58
326005,111152,0.54,-59.1,-60.0,-0.91,4,7,1.84,0,0,0,0,0,-5,2,1034,1,1,38,38,0,0,0,3,2,3,1,0.59,0.58
326011,111153,0.63,-58.1,-59.5,-0.55,4,7,1.89,0,0,0,0,0,-6,3,1035,1,1,38,38,0,0,0,4,-1,3,1,0.61,0.58
326017,111154,0.53,-63.3,-64.2,-1.48,4,7,1.69,0,0,0,0,0,-6,3,1035,1,1,38,38,0,0,0,4,-1,3,1,0.59,0.58
326031,111155,0.66,-62.7,-63.9,-0.88,4,7,1.84,0,0,0,0,0,-6,3,1035,1,1,38,38,0,0,0,4,-1,3,1,0.59,0.58
326038,111156,0.53,-58.1,-59.6,-1.24,4,7,1.89,0,0,0,0,0,-5,4,1034,1,1,38,38,0,0,0,3,1,2,1,0.54,0.58
326056,111157,0.51,-57.3,-59.6,-1.16,4,7,2.00,0,0,0,0,0,-5,4,1034,1,1,38,38,0,0,0,3,1,2,1,0.53,0.58
326063,111158,0.62,-62.1,-63.5,-0.94,4,7,2.30,0,0,0,0,0,-5,3,1033,1,1,38,38,0,0,0,1,-3,3,1,0.53,0.58
326083,111159,0.60,-62.7,-63.9,-0.89,4,7,1.78,0,0,0,0,0,-6,3,1033,1,1,38,38,0,0,0,3,-1,3,1,0.60,0.58
326090,111160,0.53,-58.1,-59.5,-1.45,4,7,1.73,0,0,0,0,0,-5,3,1034,1,1,38,38,0,0,0,4,-1,1,1,0.53,0.57
326098,111161,0.56,-58.1,-59.6,-0.92,4,7,1.73,0,0,0,0,0,-5,3,1034,1,1,38,38,0,0,0,4,-1,1,1,0.56,0.57
326128,111162,0.58,-63.3,-64.1,-1.33,4,7,1.86,0,0,0,0,0,-5,3,1034,1,1,38,38,0,0,0,4,-1,1,1,0.58,0.57
326134,111163,0.66,-62.7,-63.8,-0.69,4,7,1.89,0,0,0,0,0,-6,3,1034,1,1,38,38,0,0,0,1,-1,0,1,0.58,0.57
326170,111164,0.55,-63.3,-64.0,-1.39,4,7,1.80,0,0,0,0,0,-6,3,1034,1,1,38,38,0,0,0,1,-1,0,1,0.56,0.57
326244,111165,0.53,-58.1,-59.5,-1.40,4,7,1.69,0,0,0,0,0,-5,2,1034,1,1,38,38,0,0,0,1,2,2,1,0.56,0.57
326251,111166,0.62,-59.1,-60.0,-0.86,4,7,1.33,0,0,0,0,0,-6,3,1035,1,1,38,38,0,0,0,4,-1,3,1,0.58,0.57
326325,111167,0.52,-54.3,-56.2,-1.04,4,7,1.55,0,0,0,0,0,-6,3,1035,1,1,38,38,0,0,0,4,-1,3,1,0.55,0.57
326331,111168,0.67,-59.1,-60.3,-0.75,4,7,1.13,0,0,0,0,0,-5,3,1034,1,1,38,38,0,0,0,1,1,0,1,0.55,0.57
326337,111169,0.55,-62.1,-63.6,-1.00,4,6,2.39,0,0,0,0,0,-5,3,1034,1,1,38,38,0,0,0,1,1,0,1,0.55,0.57
326384,111170,0.65,-59.1,-60.4,-0.70,4,7,2.02,0,0,0,0,0,-5,3,1034,1,1,38,38,0,0,0,1,1,0,1,0.62,0.57
326392,111171,0.55,-58.1,-60.6,-1.03,4,7,2.03,0,0,0,0,0,-6,3,1034,1,1,38,38,0,0,0,2,1,0,1,0.55,0.57
326398,111172,0.59,-58.1,-59.7,-1.09,4,7,1.89,0,0,0,0,0,-6,3,1034,1,1,38,38,0,0,0,2,1,0,1,0.59,0.57
326460,111173,0.55,-58.1,-60.5,-1.00,4,7,2.05,0,0,0,0,0,-6,3,1034,1,1,38,38,0,0,0,2,1,0,1,0.55,0.57
326466,111174,0.53,-63.3,-64.0,-1.52,4,7,1.67,0,0,0,0,0,-5,3,1035,1,1,38,38,0,0,0,1,-2,3,1,0.55,0.57
326474,111175,0.51,-63.3,-63.9,-1.48,4,7,1.61,0,0,0,0,0,-5,3,1035,1,1,38,38,0,0,0,1,-2,3,1,0.55,0.57
326481,111176,0.62,-62.1,-63.3,-0.88,4,6,2.53,0,0,0,0,0,-5,3,1035,1,1,38,38,0,0,0,1,-2,3,1,0.55,0.57
326489,111177,0.60,-59.1,-60.1,-1.03,4,7,1.13,0,0,0,0,0,-5,3,1035,1,1,38,38,0,0,0,4,-1,-1,1,0.55,0.57
326497,111178,0.64,-59.1,-60.3,-0.76,4,7,2.08,0,0,0,0,0,-5,3,1035,1,1,38,38,0,0,0,4,-1,-1,1,0.60,0.57
326539,111179,0.54,-63.3,-64.2,-1.51,4,7,2.27,0,0,0,0,0,-5,3,1035,1,1,38,38,0,0,0,4,-1,-1,1,0.60,0.57
326546,111180,0.63,-59.1,-60.3,-0.92,4,7,2.08,0,0,0,0,0,-6,3,1034,1,1,38,38,0,0,0,2,1,1,1,0.62,0.57
326597,111181,0.63,-59.1,-60.4,-1.10,4,7,2.13,0,0,0,0,0,-6,3,1034,1,1,38,38,0,0,0,2,1,1,1,0.63,0.58
326603,111182,0.60,-63.3,-64.0,-1.19,4,7,1.16,0,0,0,0,0,-6,3,1033,1,1,38,38,0,0,0,2,-3,3,1,0.63,0.58
326617,111183,0.55,-58.1,-59.7,-0.98,4,7,1.58,0,0,0,0,0,-6,3,1033,1,1,38,38,0,0,0,2,-3,3,1,0.60,0.58
326624,111184,0.63,-62.7,-63.7,-1.06,4,7,1.22,0,0,0,0,0,-6,3,1033,1,1,38,38,0,0,0,2,-3,3,1,0.63,0.58
326630,111185,0.54,-58.1,-60.0,-1.22,4,7,1.45,0,0,0,0,0,-5,3,1033,1,1,38,38,0,0,0,2,1,4,1,0.60,0.58
326644,111186,0.58,-58.1,-59.8,-1.03,4,7,1.67,0,0,0,0,0,-5,3,1033,1,1,38,38,0,0,0,2,1,4,1,0.58,0.58
326652,111187,0.59,-62.7,-64.0,-0.92,4,7,1.30,0,0,0,0,0,-5,4,1035,1,1,38,38,0,0,0,1,-1,3,1,0.58,0.58
326658,111188,0.51,-54.3,-55.9,-1.16,4,7,1.66,0,0,0,0,0,-5,4,1035,1,1,38,38,0,0,0,1,-1,3,1,0.58,0.58
326665,111189,0.55,-63.3,-64.5,-1.24,4,7,2.17,0,0,0,0,0,-5,2,1035,1,1,38,38,0,0,0,2,1,4,1,0.55,0.58
326671,111190,0.62,-59.1,-60.0,-1.06,4,7,2.11,0,0,0,0,0,-5,2,1035,1,1,38,38,0,0,0,2,1,4,1,0.58,0.58
326679,111191,0.55,-58.1,-59.9,-0.77,4,6,2.52,0,0,0,0,0,-5,2,1035,1,1,38,38,0,0,0,2,1,4,1,0.55,0.58
326685,111192,0.66,-62.7,-64.2,-0.77,4,7,1.92,0,0,0,0,0,-5,4,1034,1,1,38,38,0,0,0,3,0,0,1,0.55,0.58
326693,111193,0.56,-58.1,-60.5,-0.98,4,7,2.09,0,0,0,0,0,-5,4,1034,1,1,38,38,0,0,0,3,0,0,1,0.56,0.58
326699,111194,0.53,-58.1,-60.5,-1.33,4,7,2.06,0,0,0,0,0,-5,4,1034,1,1,38,38,0,0,0,3,0,0,1,0.56,0.58
326707,111195,0.62,-59.1,-60.1,-0.95,4,7,1.75,0,0,0,0,0,-7,3,1035,1,1,38,38,0,0,0,4,4,1,1,0.56,0.58
326713,111196,0.49,-59.1,-60.0,-1.40,4,7,1.89,0,0,0,0,0,-7,3,1035,1,1,38,38,0,0,0,4,4,1,1,0.56,0.58
326736,111197,0.60,-60.3,-60.6,-1.00,4,7,1.69,0,0,0,0,0,-7,3,1035,1,1,38,38,0,0,0,4,4,1,1,0.56,0.58
326742,111198,0.59,-58.1,-59.6,-0.91,4,7,1.91,0,0,0,0,0,-4,2,1034,1,1,38,38,0,0,0,0,-4,1,1,0.59,0.58
326749,111199,0.56,-59.1,-60.3,-1.00,4,7,1.77,0,0,0,0,0,-4,3,1035,1,1,38,38,0,0,0,1,1,3,1,0.59,0.58
326780,111200,0.68,-62.7,-64.0,-0.73,4,7,1.95,0,0,0,0,0,-4,3,1035,1,1,38,38,0,0,0,1,1,3,1,0.59,0.58
326786,111201,0.54,-54.3,-56.0,-1.19,4,7,1.44,0,0,0,0,0,-5,2,1033,1,1,38,38,0,0,0,3,2,5,1,0.59,0.58
326791,111202,0.60,-63.3,-64.3,-1.25,4,7,0.97,0,0,0,0,0,-5,2,1033,1,1,38,38,0,0,0,3,2,5,1,0.59,0.58
326797,111203,0.68,-62.7,-64.1,-0.75,4,7,2.00,0,0,0,0,0,-5,2,1033,1,1,38,38,0,0,0,3,2,5,1,0.60,0.58
326805,111204,0.60,-62.7,-63.9,-1.21,4,7,1.88,0,0,0,0,0,-6,4,1034,1,1,38,38,0,0,0,0,1,1,1,0.60,0.58
326867,111205,0.62,-62.7,-63.9,-1.01,4,7,1.86,0,0,0,0,0,-6,4,1034,1,1,38,38,0,0,0,0,1,1,1,0.60,0.58
326873,111206,0.53,-58.1,-59.8,-0.89,4,7,2.33,0,0,0,0,0,-5,2,1034,1,1,38,38,0,0,0,6,1,2,1,0.60,0.58
326881,111207,0.60,-60.3,-60.7,-0.97,4,7,1.67,0,0,0,0,0,-5,2,1034,1,1,38,38,0,0,0,6,1,2,1,0.60,0.58
326889,111208,0.54,-63.3,-64.1,-1.31,4,7,1.52,0,0,0,0,0,-4,4,1033,1,1,38,38,0,0,0,3,4,1,1,0.60,0.58
326895,111209,0.58,-59.1,-60.0,-1.03,4,7,1.69,0,0,0,0,0,-4,4,1033,1,1,38,38,0,0,0,3,4,1,1,0.58,0.58
326901,111210,0.53,-63.3,-64.0,-1.22,4,7,1.64,0,0,0,0,0,-4,4,1033,1,1,38,38,0,0,0,3,4,1,1,0.54,0.58
326942,111211,0.59,-62.7,-64.0,-1.12,4,7,1.88,0,0,0,0,0,-4,3,1034,1,1,38,38,0,0,0,0,-2,0,1,0.58,0.58
326950,111212,0.63,-62.1,-63.4,-0.67,4,7,1.88,0,0,0,0,0,-6,3,1033,1,1,38,38,0,0,0,2,1,2,1,0.58,0.58
326956,111213,0.66,-59.1,-59.9,-0.70,4,7,1.63,0,0,0,0,0,-6,3,1033,1,1,38,38,0,0,0,2,1,2,1,0.59,0.58
326964,111214,0.63,-60.3,-60.5,-1.10,4,7,1.45,0,0,0,0,0,-5,3,1034,1,1,38,38,0,0,0,1,2,-1,1,0.63,0.59
327004,111215,0.58,-63.3,-64.1,-0.95,4,7,1.83,0,0,0,0,0,-5,3,1034,1,1,38,38,0,0,0,1,2,-1,1,0.63,0.59
327010,111216,0.59,-59.1,-60.5,-0.94,4,7,2.05,0,0,0,0,0,-5,3,1034,1,1,38,38,0,0,0,-1,1,3,1,0.63,0.59
327017,111217,0.60,-62.7,-63.8,-1.03,4,7,1.72,0,0,0,0,0,-5,3,1034,1,1,38,38,0,0,0,-1,1,3,1,0.60,0.59
327025,111218,0.56,-63.3,-64.0,-1.15,4,7,1.52,0,0,0,0,0,-5,2,1034,1,1,38,38,0,0,0,0,2,2,1,0.59,0.59
327055,111219,0.66,-62.7,-63.7,-0.83,4,7,1.95,0,0,0,0,0,-5,2,1034,1,1,38,38,0,0,0,0,2,2,1,0.59,0.59
327063,111220,0.63,-63.3,-64.0,-0.98,4,7,1.80,0,0,0,0,0,-5,3,1034,1,1,38,38,0,0,0,6,0,3,1,0.60,0.59
327071,111221,0.58,-62.7,-63.9,-1.16,4,7,1.69,0,0,0,0,0,-5,3,1034,1,1,38,38,0,0,0,6,0,3,1,0.60,0.59
327079,111222,0.61,-58.1,-59.6,-0.83,4,7,1.69,0,0,0,0,0,-5,3,1034,1,1,38,38,0,0,0,6,0,3,1,0.61,0.59
327087,111223,0.56,-63.3,-64.1,-1.12,4,7,1.44,0,0,0,0,0,-6,2,1033,1,1,38,38,0,0,0,2,-2,0,1,0.61,0.59
327155,111224,0.53,-59.1,-59.9,-1.28,4,7,1.83,0,0,0,0,0,-6,2,1033,1,1,38,38,0,0,0,2,-2,0,1,0.58,0.59
327162,111225,0.61,-59.1,-60.1,-0.83,4,7,1.70,0,0,0,0,0,-5,3,1034,1,1,38,38,0,0,0,3,0,3,1,0.58,0.59
327168,111226,0.60,-63.3,-64.0,-1.22,4,7,1.44,0,0,0,0,0,-5,3,1034,1,1,38,38,0,0,0,3,0,3,1,0.60,0.59
327275,111227,0.53,-59.1,-59.9,-1.33,4,7,1.88,0,0,0,0,0,-5,3,1034,1,1,38,38,0,0,0,3,0,3,1,0.56,0.59
327300,111228,0.60,-62.7,-63.8,-1.03,4,7,1.80,0,0,0,0,0,-5,2,1034,1,1,38,38,0,0,0,1,0,1,1,0.60,0.59
327308,111229,0.61,-59.1,-59.9,-0.70,4,7,1.80,0,0,0,0,0,-4,2,1034,1,1,38,38,0,0,0,2,1,0,1,0.60,0.59
327314,111230,0.55,-58.1,-60.5,-0.94,4,7,2.05,0,0,0,0,0,-4,2,1034,1,1,38,38,0,0,0,2,1,0,1,0.60,0.59
327322,111231,0.57,-58.1,-59.8,-0.61,4,7,1.81,0,0,0,0,0,-5,3,1034,1,1,38,38,0,0,0,0,1,1,1,0.57,0.59
327329,111232,0.53,-62.7,-64.1,-1.34,4,7,1.41,0,0,0,0,0,-5,3,1034,1,1,38,38,0,0,0,0,1,1,1,0.57,0.59
327335,111233,0.61,-59.1,-60.1,-1.21,4,7,1.33,0,0,0,0,0,-5,3,1034,1,1,38,38,0,0,0,0,1,1,1,0.57,0.59
327377,111234,0.55,-58.1,-60.3,-0.95,4,7,2.06,0,0,0,0,0,-6,4,1035,1,1,38,38,0,0,0,5,0,0,1,0.55,0.59
327385,111235,0.62,-59.1,-59.9,-0.86,4,7,1.67,0,0,0,0,0,-5,3,1033,1,1,38,38,0,0,0,1,3,2,1,0.57,0.59
327391,111236,0.53,-63.3,-64.1,-1.64,4,7,1.52,0,0,0,0,0,-5,3,1033,1,1,38,38,0,0,0,1,3,2,1,0.55,0.59
327447,111237,0.59,-62.1,-63.4,-1.04,4,7,1.30,0,0,0,0,0,-5,3,1033,1,1,38,38,0,0,0,1,3,2,1,0.59,0.59
327453,111238,0.60,-63.3,-64.4,-1.24,4,7,2.16,0,0,0,0,0,-5,3,1034,1,1,38,38,0,0,0,5,1,-2,1,0.59,0.59
327459,111239,0.55,-58.1,-59.9,-0.73,4,6,2.63,0,0,0,0,0,-5,3,1034,1,1,38,38,0,0,0,0,-1,-2,1,0.59,0.59
327465,111240,0.59,-63.3,-64.0,-1.33,4,7,2.06,0,0,0,0,0,-5,3,1034,1,1,38,38,0,0,0,0,-1,-2,1,0.59,0.59
327471,111241,0.64,-63.3,-64.0,-0.79,4,7,1.23,0,0,0,0,0,-5,3,1034,1,1,38,38,0,0,0,0,-1,-2,1,0.59,0.59
327477,111242,0.55,-54.3,-56.1,-0.88,4,7,1.66,0,0,0,0,0,-5,3,1034,1,1,38,38,0,0,0,0,-1,-2,1,0.59,0.59
327518,111243,0.59,-59.1,-59.6,-1.00,4,7,1.69,0,0,0,0,0,-4,3,1034,1,1,38,38,0,0,0,1,0,4,1,0.59,0.59
327528,111244,0.47,-58.1,-60.0,-1.18,4,7,1.77,0,0,0,0,0,-6,3,1035,1,1,38,38,0,0,0,0,1,4,1,0.59,0.59
327551,111245,0.58,-63.3,-64.1,-1.24,4,6,2.36,0,0,0,0,0,-6,3,1035,1,1,38,38,0,0,0,0,1,4,1,0.58,0.59
327598,111246,0.66,-63.3,-64.3,-0.76,4,7,1.97,0,0,0,0,0,-5,2,1035,1,1,38,38,0,0,0,1,1,2,1,0.58,0.59
327606,111247,0.52,-62.1,-63.3,-1.30,4,7,1.94,0,0,0,0,0,-5,3,1034,1,1,38,38,0,0,0,5,0,1,1,0.58,0.59
327612,111248,0.61,-59.1,-60.5,-0.86,4,7,2.02,0,0,0,0,0,-5,3,1034,1,1,38,38,0,0,0,5,0,1,1,0.58,0.59
327642,111249,0.55,-59.1,-60.0,-1.07,4,7,1.48,0,0,0,0,0,-5,2,1033,1,1,38,38,0,0,0,2,0,-2,1,0.58,0.59
327648,111250,0.53,-59.1,-60.0,-1.03,4,7,1.69,0,0,0,0,0,-5,2,1035,1,1,38,38,0,0,0,4,0,3,1,0.55,0.58
327654,111251,0.50,-59.1,-59.6,-1.48,4,7,1.58,0,0,0,0,0,-5,2,1035,1,1,38,38,0,0,0,4,0,3,1,0.53,0.58
327660,111252,0.59,-60.3,-60.6,-0.97,4,7,1.39,0,0,0,0,0,-5,2,1035,1,1,38,38,0,0,0,4,-2,1,1,0.55,0.58
327683,111253,0.53,-63.3,-63.9,-1.74,4,7,1.41,0,0,0,0,0,-5,2,1035,1,1,38,38,0,0,0,4,-2,1,1,0.53,0.58
327689,111254,0.54,-59.1,-60.1,-0.94,4,7,1.84,0,0,0,0,0,-5,4,1034,1,1,38,38,0,0,0,5,0,0,1,0.53,0.58
327697,111255,0.58,-59.1,-59.8,-1.16,4,7,1.53,0,0,0,0,0,-5,4,1034,1,1,38,38,0,0,0,5,0,0,1,0.54,0.57
327710,111256,0.55,-62.7,-63.7,-1.21,4,7,1.70,0,0,0,0,0,-6,3,1035,1,1,38,38,0,0,0,3,-2,0,1,0.55,0.57
327718,111257,0.60,-60.3,-60.6,-1.10,4,7,1.42,0,0,0,0,0,-6,3,1035,1,1,38,38,0,0,0,3,-2,0,1,0.55,0.57
327726,111258,0.59,-59.1,-60.0,-1.10,4,7,1.48,0,0,0,0,0,-5,2,1035,1,1,38,38,0,0,0,0,3,4,1,0.58,0.57
327732,111259,0.58,-58.1,-59.6,-0.88,4,7,1.53,0,0,0,0,0,-5,2,1035,1,1,38,38,0,0,0,0,3,4,1,0.58,0.57
327739,111260,0.58,-58.1,-59.7,-1.09,4,7,1.44,0,0,0,0,0,-5,3,1035,1,1,38,38,0,0,0,1,0,2,1,0.58,0.57
327758,111261,0.59,-58.1,-60.3,-0.76,4,7,2.06,0,0,0,0,0,-5,3,1035,1,1,38,38,0,0,0,1,0,2,1,0.59,0.57
327821,111262,0.47,-54.3,-55.8,-1.51,4,7,2.25,0,0,0,0,0,-4,4,1033,1,1,38,38,0,0,0,4,0,1,1,0.58,0.57
327828,111263,0.64,-63.3,-63.9,-0.82,4,7,1.72,0,0,0,0,0,-5,3,1034,1,1,38,38,0,0,0,2,-2,5,1,0.58,0.58
327834,111264,0.64,-62.7,-63.6,-0.57,4,7,1.73,0,0,0,0,0,-5,3,1034,1,1,38,38,0,0,0,2,-2,5,1,0.59,0.58
327840,111265,0.59,-59.1,-60.1,-1.04,4,7,1.94,0,0,0,0,0,-5,4,1035,1,1,38,38,0,0,0,1,-2,4,1,0.59,0.58
327846,111266,0.53,-62.7,-64.0,-1.33,4,7,0.86,0,0,0,0,0,-5,4,1035,1,1,38,38,0,0,0,1,-2,4,1,0.59,0.58
327852,111267,0.62,-59.1,-60.4,-0.67,4,7,2.05,0,0,0,0,0,-5,4,1035,1,1,38,38,0,0,0,1,-2,4,1,0.62,0.58
327858,111268,0.56,-63.3,-64.3,-1.22,4,7,1.89,0,0,0,0,0,-5,2,1034,1,1,38,38,0,0,0,4,0,2,1,0.59,0.58
327864,111269,0.63,-62.7,-63.8,-0.89,4,7,1.91,0,0,0,0,0,-5,2,1034,1,1,38,38,0,0,0,4,0,2,1,0.59,0.58
327870,111270,0.63,-62.7,-64.0,-0.76,4,7,1.89,0,0,0,0,0,-5,2,1034,1,1,38,38,0,0,0,4,0,2,1,0.62,0.58
327876,111271,0.67,-63.3,-64.2,-0.79,4,7,2.00,0,0,0,0,0,-5,2,1034,1,1,38,38,0,0,0,5,0,1,1,0.63,0.58
327882,111272,0.53,-54.3,-56.3,-0.97,4,6,2.41,0,0,0,0,0,-5,2,1034,1,1,38,38,0,0,0,5,0,1,1,0.63,0.59
327888,111273,0.57,-62.1,-63.3,-1.25,4,7,1.27,0,0,0,0,0,-5,2,1034,1,1,38,38,0,0,0,5,0,1,1,0.63,0.59
327894,111274,0.54,-54.3,-55.9,-1.06,4,7,1.39,0,0,0,0,0,-5,2,1034,1,1,38,38,0,0,0,5,0,1,1,0.57,0.59
327956,111275,0.57,-62.7,-63.7,-1.21,4,7,1.22,0,0,0,0,0,-6,3,1034,1,1,38,38,0,0,0,4,3,-2,1,0.57,0.59
327964,111276,0.65,-63.3,-64.1,-0.82,4,7,2.03,0,0,0,0,0,-7,3,1035,1,1,38,38,0,0,0,2,-1,-1,1,0.57,0.59
327970,111277,0.55,-58.1,-60.2,-1.19,4,7,2.20,0,0,0,0,0,-7,3,1035,1,1,38,38,0,0,0,2,-1,-1,1,0.57,0.59
327976,111278,0.56,-63.3,-64.2,-1.42,4,7,1.05,0,0,0,0,0,-4,3,1035,1,1,38,38,0,0,0,2,-1,2,1,0.56,0.58
327983,111279,0.63,-62.7,-63.9,-0.79,4,7,1.83,0,0,0,0,0,-4,3,1035,1,1,38,38,0,0,0,2,-1,2,1,0.57,0.58
327997,111280,0.62,-62.1,-63.4,-0.92,4,7,1.30,0,0,0,0,0,-4,3,1035,1,1,38,38,0,0,0,2,-1,2,1,0.62,0.59
328005,111281,0.61,-63.3,-64.3,-1.12,4,7,1.97,0,0,0,0,0,-5,3,1034,1,1,38,38,0,0,0,3,3,-1,1,0.61,0.59
328013,111282,0.50,-61.6,-63.6,-1.30,4,7,2.14,0,0,0,0,0,-5,3,1034,1,1,38,38,0,0,0,3,3,-1,1,0.61,0.59
328019,111283,0.59,-59.1,-59.9,-1.04,4,7,1.97,0,0,0,0,0,-5,3,1033,1,1,38,38,0,0,0,5,0,1,1,0.61,0.59
328024,111284,0.56,-58.1,-60.4,-1.04,4,7,2.14,0,0,0,0,0,-5,3,1033,1,1,38,38,0,0,0,5,0,1,1,0.59,0.59
328030,111285,0.59,-62.7,-64.1,-1.22,4,7,0.97,0,0,0,0,0,-5,3,1033,1,1,38,38,0,0,0,5,0,1,1,0.59,0.59
328038,111286,0.53,-62.7,-63.9,-1.34,4,7,1.81,0,0,0,0,0,-6,3,1034,1,1,38,38,0,0,0,3,3,3,1,0.56,0.59
328046,111287,0.58,-59.1,-60.5,-1.09,4,7,1.67,0,0,0,0,0,-6,3,1034,1,1,38,38,0,0,0,3,3,3,1,0.58,0.59
328091,111288,0.51,-62.7,-63.9,-1.56,4,7,1.52,0,0,0,0,0,-6,3,1034,1,1,38,38,0,0,0,3,3,3,1,0.56,0.59
328099,111289,0.59,-62.7,-63.6,-1.01,4,7,1.27,0,0,0,0,0,-5,3,1034,1,1,38,38,0,0,0,3,0,3,1,0.58,0.59
328105,111290,0.53,-58.1,-59.8,-1.13,4,7,1.48,0,0,0,0,0,-5,3,1034,1,1,38,38,0,0,0,3,0,3,1,0.53,0.58
328113,111291,0.60,-58.1,-60.1,-0.82,4,7,2.33,0,0,0,0,0,-5,3,1034,1,1,38,38,0,0,0,3,0,3,1,0.58,0.58
328121,111292,0.58,-58.1,-59.9,-0.92,4,7,2.22,0,0,0,0,0,-4,3,1032,1,1,38,38,0,0,0,1,-3,3,1,0.58,0.58
328140,111293,0.60,-58.1,-59.4,-0.86,4,7,1.72,0,0,0,0,0,-4,3,1032,1,1,38,38,0,0,0,1,-3,3,1,0.59,0.58
328170,111294,0.66,-60.3,-60.6,-1.01,4,7,1.09,0,0,0,0,0,-5,3,1035,1,1,38,38,0,0,0,2,-2,1,1,0.60,0.58
328238,111295,0.52,-59.1,-60.0,-1.25,4,7,1.97,0,0,0,0,0,-6,4,1033,1,1,38,38,0,0,0,1,0,2,1,0.60,0.59
328251,111296,0.61,-59.1,-60.2,-1.10,4,7,1.92,0,0,0,0,0,-5,4,1033,1,1,38,38,0,0,0,1,1,0,1,0.60,0.59
328259,111297,0.55,-58.1,-60.5,-1.01,4,7,2.06,0,0,0,0,0,-5,3,1034,1,1,38,38,0,0,0,5,-2,3,1,0.60,0.59
328265,111298,0.63,-62.7,-63.7,-0.76,4,7,1.77,0,0,0,0,0,-5,3,1034,1,1,38,38,0,0,0,5,-2,3,1,0.61,0.59
328273,111299,0.57,-60.3,-60.4,-1.10,4,7,1.63,0,0,0,0,0,-5,3,1034,1,1,38,38,0,0,0,5,-2,3,1,0.57,0.59
328279,111300,0.53,-58.1,-59.7,-1.07,4,7,1.97,0,0,0,0,0,-4,3,1034,1,1,38,38,0,0,0,4,-1,5,1,0.57,0.59
328292,111301,0.61,-62.7,-64.1,-1.10,4,7,0.97,0,0,0,0,0,-4,3,1034,1,1,38,38,0,0,0,4,-1,5,1,0.57,0.59
328300,111302,0.56,-54.3,-55.7,-1.01,4,7,2.00,0,0,0,0,0,-5,3,1034,1,1,38,38,0,0,0,2,-2,4,1,0.57,0.59
328306,111303,0.56,-62.7,-63.9,-1.28,4,7,1.84,0,0,0,0,0,-5,3,1034,1,1,38,38,0,0,0,2,-2,4,1,0.56,0.58
328314,111304,0.61,-59.1,-60.0,-0.76,4,7,1.95,0,0,0,0,0,-5,3,1034,1,1,38,38,0,0,0,2,-2,4,1,0.56,0.58
328320,111305,0.64,-59.1,-60.2,-0.76,4,7,1.81,0,0,0,0,0,-6,3,1034,1,1,38,38,0,0,0,1,1,3,1,0.61,0.58
328365,111306,0.51,-62.7,-63.6,-1.70,4,7,1.44,0,0,0,0,0,-6,3,1034,1,1,38,38,0,0,0,1,1,3,1,0.56,0.58
328384,111307,0.54,-58.1,-60.3,-0.85,4,7,1.92,0,0,0,0,0,-6,3,1035,1,1,38,38,0,0,0,0,0,6,1,0.56,0.58
328392,111308,0.57,-58.1,-59.6,-0.82,4,6,2.45,0,0,0,0,0,-5,3,1034,1,1,38,38,0,0,0,1,-1,7,1,0.57,0.58
328398,111309,0.51,-63.3,-64.3,-1.40,4,7,1.08,0,0,0,0,0,-4,3,1033,1,1,38,38,0,0,0,4,1,-2,1,0.54,0.58
328411,111310,0.62,-62.7,-63.7,-0.86,4,7,1.38,0,0,0,0,0,-4,3,1033,1,1,38,38,0,0,0,4,1,-2,1,0.54,0.58
328419,111311,0.59,-59.1,-60.2,-1.10,4,6,2.39,0,0,0,0,0,-5,3,1035,1,1,38,38,0,0,0,3,1,0,1,0.57,0.58
328425,111312,0.50,-54.3,-55.8,-1.13,4,6,2.56,0,0,0,0,0,-5,3,1035,1,1,38,38,0,0,0,3,1,0,1,0.57,0.58
328439,111313,0.58,-59.1,-60.0,-0.86,4,7,1.67,0,0,0,0,0,-5,3,1035,1,1,38,38,0,0,0,3,1,0,1,0.58,0.58
328446,111314,0.61,-59.1,-60.1,-1.12,4,7,1.39,0,0,0,0,0,-5,3,1034,1,1,38,38,0,0,0,2,1,2,1,0.59,0.58
328452,111315,0.55,-58.1,-59.7,-1.10,4,7,1.53,0,0,0,0,0,-4,3,1034,1,1,38,38,0,0,0,2,4,0,1,0.58,0.58
328503,111316,0.52,-63.3,-63.8,-1.55,4,7,1.55,0,0,0,0,0,-4,3,1034,1,1,38,38,0,0,0,2,4,0,1,0.55,0.58
328509,111317,0.63,-62.1,-63.1,-0.54,4,7,1.70,0,0,0,0,0,-5,3,1033,1,1,38,38,0,0,0,2,1,4,1,0.58,0.58
328540,111318,0.51,-63.3,-64.4,-1.58,4,7,1.08,0,0,0,0,0,-5,4,1033,1,1,38,38,0,0,0,-2,2,3,1,0.55,0.58
328547,111319,0.56,-63.3,-64.1,-1.27,4,7,1.84,0,0,0,0,0,-5,2,1034,1,1,38,38,0,0,0,1,-1,3,1,0.55,0.58
328553,111320,0.63,-62.7,-63.9,-0.83,4,7,1.89,0,0,0,0,0,-4,2,1035,1,1,38,38,0,0,0,5,2,2,1,0.56,0.57
328559,111321,0.64,-59.1,-60.4,-0.98,4,7,1.97,0,0,0,0,0,-4,2,1035,1,1,38,38,0,0,0,5,2,2,1,0.63,0.58
328567,111322,0.58,-59.1,-60.2,-1.25,4,7,1.83,0,0,0,0,0,-4,2,1035,1,1,38,38,0,0,0,5,2,2,1,0.58,0.58
328603,111323,0.54,-59.1,-59.8,-1.24,4,7,1.91,0,0,0,0,0,-5,2,1033,1,1,38,38,0,0,0,2,1,0,1,0.58,0.58
328609,111324,0.59,-62.7,-63.9,-1.04,4,7,1.81,0,0,0,0,0,-6,3,1034,1,1,38,38,0,0,0,1,0,1,1,0.59,0.58
328615,111325,0.59,-62.7,-63.9,-1.03,4,7,1.83,0,0,0,0,0,-5,3,1034,1,1,38,38,0,0,0,-1,1,-2,1,0.59,0.58
328638,111326,0.57,-63.3,-64.2,-1.21,4,7,1.89,0,0,0,0,0,-5,3,1034,1,1,38,38,0,0,0,-1,1,-2,1,0.58,0.58
328690,111327,0.57,-63.3,-63.9,-1.16,4,7,1.06,0,0,0,0,0,-5,3,1034,1,1,38,38,0,0,0,2,4,1,1,0.57,0.58
328698,111328,0.61,-59.1,-60.2,-0.98,4,7,1.95,0,0,0,0,0,-4,2,1034,1,1,38,38,0,0,0,2,0,-2,1,0.59,0.58
328772,111329,0.53,-58.1,-59.6,-1.16,4,7,1.92,0,0,0,0,0,-4,2,1034,1,1,38,38,0,0,0,2,0,-2,1,0.57,0.58
328791,111330,0.53,-58.1,-59.8,-1.04,4,7,1.69,0,0,0,0,0,-5,3,1033,1,1,38,38,0,0,0,2,1,0,1,0.57,0.58
328815,111331,0.62,-62.7,-63.8,-1.07,4,7,1.52,0,0,0,0,0,-5,4,1033,1,1,38,38,0,0,0,6,2,-1,1,0.57,0.58
328821,111332,0.62,-60.3,-60.5,-1.10,4,7,1.50,0,0,0,0,0,-5,3,1035,1,1,38,38,0,0,0,4,4,-2,1,0.61,0.58
328846,111333,0.56,-63.3,-63.9,-1.31,4,7,1.69,0,0,0,0,0,-5,3,1035,1,1,38,38,0,0,0,4,4,-2,1,0.56,0.58
328908,111334,0.63,-60.3,-60.5,-0.91,4,7,1.67,0,0,0,0,0,-6,2,1034,1,1,38,38,0,0,0,1,0,1,1,0.62,0.58
328914,111335,0.55,-59.1,-60.4,-0.82,4,7,2.06,0,0,0,0,0,-4,3,1035,1,1,38,38,0,0,0,1,0,2,1,0.62,0.58
328920,111336,0.55,-63.3,-64.1,-1.45,4,7,1.73,0,0,0,0,0,-4,3,1035,1,1,38,38,0,0,0,1,0,2,1,0.56,0.58
328956,111337,0.60,-59.1,-60.3,-1.12,4,7,1.52,0,0,0,0,0,-4,3,1035,1,1,38,38,0,0,0,1,0,2,1,0.56,0.58
328998,111338,0.60,-59.1,-60.6,-0.88,4,7,2.31,0,0,0,0,0,-5,4,1035,1,1,38,38,0,0,0,2,0,-2,1,0.60,0.58
329003,111339,0.56,-54.3,-56.4,-0.89,4,6,2.47,0,0,0,0,0,-7,2,1033,1,1,38,38,0,0,0,3,1,2,1,0.56,0.58
329009,111340,0.59,-62.1,-63.2,-0.82,4,7,1.31,0,0,0,0,0,-5,3,1035,1,1,38,38,0,0,0,2,0,1,1,0.59,0.58
329017,111341,0.68,-62.7,-64.1,-0.77,4,7,1.94,0,0,0,0,0,-5,3,1035,1,1,38,38,0,0,0,2,0,1,1,0.60,0.58
329040,111342,0.57,-63.3,-64.1,-1.18,4,7,1.05,0,0,0,0,0,-5,3,1035,1,1,38,38,0,0,0,2,0,1,1,0.59,0.58
329046,111343,0.51,-59.1,-60.3,-1.33,4,7,2.30,0,0,0,0,0,-5,3,1033,1,1,38,38,0,0,0,2,2,0,1,0.57,0.58
329065,111344,0.59,-63.3,-63.9,-1.19,4,7,1.73,0,0,0,0,0,-6,3,1034,1,1,38,38,0,0,0,1,0,3,1,0.59,0.58
329073,111345,0.54,-58.1,-59.6,-1.07,4,7,1.94,0,0,0,0,0,-5,4,1036,1,1,38,38,0,0,0,2,0,3,1,0.57,0.58
329079,111346,0.53,-59.1,-60.1,-1.07,4,7,1.91,0,0,0,0,0,-5,4,1036,1,1,38,38,0,0,0,2,0,3,1,0.54,0.58
329154,111347,0.55,-63.3,-63.9,-1.53,4,7,1.52,0,0,0,0,0,-5,4,1036,1,1,38,38,0,0,0,2,0,3,1,0.54,0.58
329160,111348,0.54,-58.1,-59.7,-0.92,4,7,1.88,0,0,0,0,0,-5,4,1034,1,1,38,38,0,0,0,3,-1,3,1,0.54,0.58
329177,111349,0.59,-58.1,-59.6,-0.83,4,7,1.44,0,0,0,0,0,-5,4,1034,1,1,38,38,0,0,0,3,-1,3,1,0.54,0.58
329202,111350,0.58,-63.3,-63.9,-1.21,4,7,1.38,0,0,0,0,0,-5,2,1033,1,1,38,38,0,0,0,3,0,2,1,0.55,0.57
329208,111351,0.60,-59.1,-60.2,-0.94,4,7,1.56,0,0,0,0,0,-5,2,1034,1,1,38,38,0,0,0,2,4,3,1,0.58,0.57
329214,111352,0.53,-58.1,-59.7,-1.07,4,7,1.75,0,0,0,0,0,-5,2,1034,1,1,38,38,0,0,0,2,4,3,1,0.58,0.57
329239,111353,0.54,-59.1,-60.1,-1.09,4,7,1.72,0,0,0,0,0,-5,2,1034,1,1,38,38,0,0,0,2,4,3,1,0.58,0.58
329374,111354,0.58,-63.3,-64.2,-1.24,4,7,1.91,0,0,0,0,0,-6,3,1035,1,1,38,38,0,0,0,1,1,-2,1,0.58,0.58
329404,111355,0.56,-58.1,-59.4,-1.07,4,7,1.72,0,0,0,0,0,-6,1,1033,1,1,38,38,0,0,0,6,3,0,1,0.56,0.57
329410,111356,0.56,-58.1,-59.7,-0.88,4,7,1.94,0,0,0,0,0,-5,3,1035,1,1,38,38,0,0,0,4,0,2,1,0.56,0.57
329418,111357,0.56,-59.1,-60.0,-1.06,4,7,1.88,0,0,0,0,0,-5,3,1035,1,1,38,38,0,0,0,4,0,2,1,0.56,0.57
329488,111358,0.61,-60.3,-60.5,-1.12,4,7,1.70,0,0,0,0,0,-5,3,1035,1,1,38,38,0,0,0,4,0,2,1,0.56,0.57
329495,111359,0.53,-59.1,-60.0,-1.19,4,7,1.83,0,0,0,0,0,-5,2,1036,1,1,38,38,0,0,0,4,1,4,1,0.56,0.57
329501,111360,0.52,-58.1,-59.6,-1.13,4,7,1.98,0,0,0,0,0,-5,2,1036,1,1,38,38,0,0,0,4,1,4,1,0.56,0.57
329509,111361,0.56,-59.1,-59.7,-1.00,4,7,1.67,0,0,0,0,0,-6,2,1033,1,1,38,38,0,0,0,-2,-3,2,1,0.56,0.57
329556,111362,0.47,-58.1,-59.6,-1.34,4,7,1.80,0,0,0,0,0,-6,2,1033,1,1,38,38,0,0,0,-2,-3,2,1,0.53,0.57
329562,111363,0.53,-57.3,-59.7,-0.86,4,7,1.97,0,0,0,0,0,-6,3,1033,1,1,38,38,0,0,0,5,1,-2,1,0.53,0.57
329619,111364,0.52,-58.1,-60.1,-1.49,4,7,2.13,0,0,0,0,0,-6,4,1035,1,1,38,38,0,0,0,5,2,-1,1,0.52,0.56
329625,111365,0.60,-58.1,-60.1,-0.95,4,7,2.09,0,0,0,0,0,-5,3,1037,1,1,38,38,0,0,0,4,-2,5,1,0.53,0.56
329633,111366,0.58,-59.1,-60.6,-0.83,4,7,2.02,0,0,0,0,0,-6,2,1035,1,1,38,38,0,0,0,2,1,5,1,0.53,0.56
329640,111367,0.53,-63.3,-64.0,-1.28,4,7,1.72,0,0,0,0,0,-6,2,1035,1,1,38,38,0,0,0,2,1,5,1,0.53,0.56
329646,111368,0.54,-63.3,-63.9,-1.49,4,7,1.64,0,0,0,0,0,-7,2,1033,1,1,38,38,0,0,0,4,2,1,1,0.54,0.56
329660,111369,0.61,-60.3,-60.8,-0.98,4,7,1.86,0,0,0,0,0,-7,2,1033,1,1,38,38,0,0,0,4,2,1,1,0.58,0.56
329666,111370,0.60,-63.3,-64.1,-1.18,4,7,1.92,0,0,0,0,0,-6,5,1034,1,1,38,38,0,0,0,2,1,-1,1,0.58,0.56
329674,111371,0.63,-59.1,-60.3,-0.82,4,7,1.84,0,0,0,0,0,-6,5,1034,1,1,38,38,0,0,0,2,1,-1,1,0.60,0.56
329679,111372,0.62,-62.7,-63.7,-0.72,4,7,1.83,0,0,0,0,0,-6,5,1034,1,1,38,38,0,0,0,2,1,-1,1,0.61,0.57
329687,111373,0.59,-62.7,-63.6,-0.98,4,7,1.73,0,0,0,0,0,-5,4,1034,1,1,38,38,0,0,0,2,0,2,1,0.61,0.57
329695,111374,0.54,-59.1,-60.0,-1.09,4,7,1.77,0,0,0,0,0,-5,4,1034,1,1,38,38,0,0,0,2,0,2,1,0.60,0.57
329701,111375,0.61,-63.3,-63.9,-0.95,4,7,1.59,0,0,0,0,0,-5,4,1034,1,1,38,38,0,0,0,2,0,2,1,0.61,0.57
329718,111376,0.61,-59.1,-59.9,-0.94,4,7,1.39,0,0,0,0,0,-5,2,1036,1,1,38,38,0,0,0,2,-1,1,1,0.61,0.57
329726,111377,0.56,-63.3,-64.1,-1.34,4,7,2.05,0,0,0,0,0,-5,2,1036,1,1,38,38,0,0,0,2,-1,3,1,0.59,0.57
329732,111378,0.67,-62.7,-63.6,-0.75,4,7,1.08,0,0,0,0,0,-5,1,1034,1,1,38,38,0,0,0,-1,-1,3,1,0.61,0.58
329740,111379,0.64,-63.3,-64.3,-0.83,4,7,1.91,0,0,0,0,0,-5,1,1034,1,1,38,38,0,0,0,-1,-1,3,1,0.61,0.58
329748,111380,0.55,-58.1,-59.6,-0.98,4,7,1.95,0,0,0,0,0,-5,2,1036,1,1,38,38,0,0,0,3,3,1,1,0.61,0.58
329756,111381,0.53,-63.3,-64.0,-1.42,4,7,1.56,0,0,0,0,0,-5,2,1036,1,1,38,38,0,0,0,3,3,1,1,0.56,0.58
329763,111382,0.53,-63.3,-64.2,-1.48,4,7,1.44,0,0,0,0,0,-5,2,1036,1,1,38,38,0,0,0,3,3,1,1,0.55,0.58
329771,111383,0.62,-59.1,-60.1,-0.83,4,7,1.30,0,0,0,0,0,-5,3,1033,1,1,38,38,0,0,0,-1,-1,2,1,0.55,0.58
329779,111384,0.58,-63.3,-64.2,-1.15,4,7,1.11,0,0,0,0,0,-5,3,1033,1,1,38,38,0,0,0,-1,-1,2,1,0.55,0.57
329792,111385,0.65,-60.3,-60.8,-0.97,4,7,1.30,0,0,0,0,0,-7,2,1032,1,1,38,38,0,0,0,2,1,2,1,0.58,0.58
329800,111386,0.58,-63.3,-64.2,-1.00,4,6,2.36,0,0,0,0,0,-7,2,1032,1,1,38,38,0,0,0,2,1,2,1,0.58,0.58
329806,111387,0.53,-58.1,-59.6,-1.33,4,7,1.41,0,0,0,0,0,-6,3,1035,1,1,38,38,0,0,0,2,2,2,1,0.58,0.58
329812,111388,0.57,-54.3,-55.8,-0.75,4,7,1.56,0,0,0,0,0,-6,3,1035,1,1,38,38,0,0,0,2,2,2,1,0.58,0.58
329818,111389,0.53,-63.3,-63.9,-1.51,4,7,1.30,0,0,0,0,0,-6,3,1035,1,1,38,38,0,0,0,2,2,2,1,0.57,0.58
329824,111390,0.56,-62.7,-63.9,-1.40,4,7,1.41,0,0,0,0,0,-5,2,1033,1,1,38,38,0,0,0,2,0,1,1,0.56,0.58
329830,111391,0.54,-62.7,-63.7,-1.46,4,7,1.34,0,0,0,0,0,-5,2,1033,1,1,38,38,0,0,0,2,0,1,1,0.54,0.57
329836,111392,0.49,-58.1,-60.6,-0.98,4,7,2.08,0,0,0,0,0,-5,2,1033,1,1,38,38,0,0,0,2,0,1,1,0.54,0.57
329859,111393,0.54,-59.1,-60.0,-1.24,4,7,1.84,0,0,0,0,0,-5,2,1033,1,1,38,38,0,0,0,2,0,1,1,0.54,0.57
329865,111394,0.58,-58.1,-59.7,-0.89,4,7,1.81,0,0,0,0,0,-6,3,1034,1,1,38,38,0,0,0,6,2,3,1,0.54,0.57
329873,111395,0.57,-58.1,-59.5,-1.12,4,7,1.70,0,0,0,0,0,-6,3,1034,1,1,38,38,0,0,0,6,2,3,1,0.54,0.57
329880,111396,0.56,-58.1,-59.8,-1.10,4,7,1.42,0,0,0,0,0,-6,3,1034,1,1,38,38,0,0,0,6,2,3,1,0.56,0.57
329905,111397,0.61,-59.1,-59.8,-0.86,4,7,1.50,0,0,0,0,0,-6,2,1034,1,1,38,38,0,0,0,3,-1,3,1,0.57,0.57
329913,111398,0.62,-60.3,-60.6,-0.95,4,7,1.13,0,0,0,0,0,-5,3,1036,1,1,38,38,0,0,0,1,1,4,1,0.58,0.57
329921,111399,0.62,-63.3,-64.3,-0.94,4,7,1.19,0,0,0,0,0,-5,3,1036,1,1,38,38,0,0,0,1,1,4,1,0.61,0.57
329927,111400,0.57,-63.3,-64.1,-1.46,4,7,2.02,0,0,0,0,0,-5,3,1033,1,1,38,38,0,0,0,4,-1,4,1,0.61,0.57
329994,111401,0.61,-59.1,-59.9,-0.94,4,7,1.67,0,0,0,0,0,-5,3,1033,1,1,38,38,0,0,0,4,-1,4,1,0.61,0.57
330000,111402,0.57,-62.1,-63.3,-0.83,4,7,1.89,0,0,0,0,0,-6,2,1032,1,1,38,38,0,0,0,0,1,2,1,0.61,0.58
330014,111403,0.59,-54.3,-56.1,-0.83,4,7,2.28,0,0,0,0,0,-5,3,1030,1,1,38,38,0,0,0,12,3,0,1,0.59,0.58
330022,111404,0.57,-59.1,-59.9,-1.07,4,7,1.97,0,0,0,0,0,-5,3,1030,1,1,38,38,0,0,0,12,3,0,1,0.57,0.58
330028,111405,0.55,-59.1,-60.0,-1.30,4,7,1.95,0,0,0,0,0,-7,3,1034,1,1,38,38,0,0,0,12,0,0,1,0.57,0.58
330034,111406,0.67,-59.1,-60.2,-0.48,4,7,1.98,0,0,0,0,0,-7,3,1034,1,1,38,38,0,0,0,12,0,0,1,0.57,0.58
330069,111407,0.66,-62.7,-63.8,-0.75,4,7,1.83,0,0,0,0,0,-7,3,1034,1,1,38,38,0,0,0,12,0,0,1,0.59,0.58
330077,111408,0.59,-60.3,-60.6,-1.00,4,7,1.69,0,0,0,0,0,-5,1,1036,1,1,38,38,0,0,0,3,2,4,1,0.59,0.58
330085,111409,0.53,-63.3,-64.0,-1.33,4,7,1.59,0,0,0,0,0,-5,3,1036,1,1,38,38,0,0,0,-1,-2,1,1,0.59,0.58
330091,111410,0.57,-58.1,-59.5,-1.03,4,7,1.72,0,0,0,0,0,-5,3,1036,1,1,38,38,0,0,0,-1,-2,1,1,0.59,0.58
330097,111411,0.56,-58.1,-59.9,-0.95,4,7,1.97,0,0,0,0,0,-5,3,1036,1,1,38,38,0,0,0,-1,-2,1,1,0.57,0.58
330103,111412,0.52,-59.1,-60.2,-1.22,4,7,1.97,0,0,0,0,0,-5,3,1036,1,1,38,38,0,0,0,0,3,0,1,0.56,0.58
330109,111413,0.60,-59.1,-60.2,-1.01,4,7,1.86,0,0,0,0,0,-5,3,1036,1,1,38,38,0,0,0,0,3,0,1,0.56,0.58
330130,111414,0.62,-63.3,-64.2,-1.06,4,7,1.97,0,0,0,0,0,-5,3,1036,1,1,38,38,0,0,0,0,3,0,1,0.57,0.58
330136,111415,0.61,-63.3,-64.4,-1.10,4,7,1.08,0,0,0,0,0,-6,3,1033,1,1,38,38,0,0,0,1,2,0,1,0.60,0.58
330142,111416,0.66,-59.1,-60.5,-0.77,4,7,2.06,0,0,0,0,0,-6,3,1033,1,1,38,38,0,0,0,1,2,0,1,0.61,0.58
330148,111417,0.66,-62.7,-63.6,-0.52,4,7,2.03,0,0,0,0,0,-6,4,1035,1,1,38,38,0,0,0,0,0,4,1,0.62,0.58
330156,111418,0.65,-62.7,-63.9,-0.88,4,7,1.92,0,0,0,0,0,-6,4,1035,1,1,38,38,0,0,0,0,0,4,1,0.65,0.58
330169,111419,0.53,-54.3,-55.5,-1.34,4,7,1.55,0,0,0,0,0,-6,4,1035,1,1,38,38,0,0,0,0,0,4,1,0.65,0.59
330175,111420,0.61,-62.1,-63.2,-1.00,4,7,1.36,0,0,0,0,0,-6,3,1035,1,1,38,38,0,0,0,3,0,-3,1,0.65,0.59
330310,111421,0.60,-59.1,-60.3,-1.04,4,7,1.84,0,0,0,0,0,-6,3,1035,1,1,38,38,0,0,0,3,0,-3,1,0.61,0.59
330316,111422,0.64,-62.7,-63.9,-0.86,4,7,1.86,0,0,0,0,0,-6,4,1034,1,1,38,38,0,0,0,0,2,1,1,0.61,0.59
330322,111423,0.57,-58.1,-60.2,-1.03,4,7,2.09,0,0,0,0,0,-5,3,1034,1,1,38,38,0,0,0,1,1,-1,1,0.60,0.59
330328,111424,0.62,-59.1,-60.0,-1.01,4,7,1.98,0,0,0,0,0,-5,3,1034,1,1,38,38,0,0,0,1,1,-1,1,0.61,0.59
330334,111425,0.53,-54.3,-55.5,-1.10,4,7,2.30,0,0,0,0,0,-5,3,1034,1,1,38,38,0,0,0,1,1,-1,1,0.60,0.59
330375,111426,0.59,-63.3,-63.9,-1.22,4,7,1.44,0,0,0,0,0,-5,3,1034,1,1,38,38,0,0,0,1,1,-1,1,0.59,0.59
330381,111427,0.56,-58.1,-59.6,-0.91,4,7,1.72,0,0,0,0,0,-7,3,1033,1,1,38,38,0,0,0,3,2,2,1,0.57,0.59
330438,111428,0.59,-58.1,-59.9,-0.83,4,7,2.20,0,0,0,0,0,-7,3,1033,1,1,38,38,0,0,0,3,2,2,1,0.59,0.59
330444,111429,0.51,-59.1,-60.1,-1.42,4,7,2.30,0,0,0,0,0,-5,3,1035,1,1,38,38,0,0,0,5,0,1,1,0.56,0.59
330452,111430,0.53,-62.1,-63.8,-1.19,4,7,2.25,0,0,0,0,0,-5,3,1035,1,1,38,38,0,0,0,5,0,1,1,0.56,0.59
330458,111431,0.54,-58.1,-60.1,-0.92,4,7,2.34,0,0,0,0,0,-5,3,1035,1,1,38,38,0,0,0,5,0,1,1,0.54,0.59
330464,111432,0.59,-63.3,-63.9,-0.92,4,7,2.05,0,0,0,0,0,-5,3,1034,1,1,38,38,0,0,0,3,0,1,1,0.54,0.59
330477,111433,0.57,-59.1,-60.4,-1.21,4,7,1.34,0,0,0,0,0,-5,3,1034,1,1,38,38,0,0,0,3,0,1,1,0.54,0.58
330534,111434,0.57,-63.3,-64.4,-1.34,4,7,1.91,0,0,0,0,0,-5,3,1034,1,1,38,38,0,0,0,1,2,0,1,0.57,0.58
330539,111435,0.64,-58.1,-59.9,-0.88,4,7,2.23,0,0,0,0,0,-5,1,1039,1,1,38,38,0,0,0,6,1,3,1,0.57,0.58
330559,111436,0.55,-59.1,-60.4,-1.28,4,7,1.91,0,0,0,0,0,-4,2,1033,1,1,38,38,0,0,0,-3,-1,3,1,0.57,0.58
330566,111437,0.57,-58.1,-60.8,-0.83,4,7,2.03,0,0,0,0,0,-5,3,1032,1,1,38,38,0,0,0,1,2,1,1,0.57,0.58
330572,111438,0.48,-59.1,-60.1,-1.43,4,7,1.95,0,0,0,0,0,-5,3,1032,1,1,38,38,0,0,0,1,2,1,1,0.57,0.58
330631,111439,0.53,-58.1,-60.8,-0.92,4,7,2.02,0,0,0,0,0,-5,3,1032,1,1,38,38,0,0,0,1,2,1,1,0.55,0.58
330704,111440,0.59,-59.1,-60.0,-0.86,4,7,1.41,0,0,0,0,0,-7,0,1035,1,1,38,38,0,0,0,2,-4,2,1,0.55,0.58
330710,111441,0.59,-58.1,-59.5,-0.97,4,7,1.64,0,0,0,0,0,-5,3,1035,1,1,38,38,0,0,0,1,-2,2,1,0.57,0.58
330716,111442,0.64,-59.1,-60.0,-0.75,4,7,1.56,0,0,0,0,0,-5,3,1035,1,1,38,38,0,0,0,1,-2,2,1,0.59,0.58
330722,111443,0.62,-59.1,-60.0,-0.94,4,7,1.44,0,0,0,0,0,-5,1,1036,1,1,38,38,0,0,0,1,3,0,1,0.59,0.58
330728,111444,0.62,-60.3,-60.8,-0.92,4,7,1.45,0,0,0,0,0,-5,1,1036,1,1,38,38,0,0,0,1,3,0,1,0.62,0.58
330741,111445,0.65,-62.7,-63.9,-0.76,4,7,1.77,0,0,0,0,0,-5,1,1036,1,1,38,38,0,0,0,1,3,0,1,0.62,0.58
330749,111446,0.54,-59.1,-60.2,-0.91,4,7,1.89,0,0,0,0,0,-6,3,1034,1,1,38,38,0,0,0,1,0,0,1,0.62,0.58
330755,111447,0.59,-59.1,-60.1,-1.03,4,7,1.73,0,0,0,0,0,-6,3,1034,1,1,38,38,0,0,0,1,0,0,1,0.62,0.59
330761,111448,0.54,-63.3,-64.1,-1.18,4,7,1.83,0,0,0,0,0,-5,3,1034,1,1,38,38,0,0,0,2,-1,2,1,0.59,0.59
330767,111449,0.52,-63.3,-64.2,-1.74,4,7,1.66,0,0,0,0,0,-5,3,1034,1,1,38,38,0,0,0,2,-1,2,1,0.54,0.58
330807,111450,0.62,-59.1,-60.3,-0.89,4,7,2.06,0,0,0,0,0,-5,3,1034,1,1,38,38,0,0,0,2,-1,2,1,0.54,0.58
330820,111451,0.56,-58.1,-59.6,-1.34,4,7,1.53,0,0,0,0,0,-4,2,1035,1,1,38,38,0,0,0,5,2,0,1,0.56,0.58
330828,111452,0.46,-57.3,-59.6,-1.27,4,7,1.78,0,0,0,0,0,-5,3,1034,1,1,38,38,0,0,0,3,2,0,1,0.54,0.58
330836,111453,0.56,-59.1,-60.6,-0.98,4,7,2.34,0,0,0,0,0,-5,3,1034,1,1,38,38,0,0,0,3,0,1,1,0.56,0.58
330842,111454,0.61,-59.1,-60.1,-0.85,4,7,2.16,0,0,0,0,0,-5,3,1034,1,1,38,38,0,0,0,3,0,1,1,0.56,0.58
330849,111455,0.63,-62.7,-64.1,-0.92,4,7,1.91,0,0,0,0,0,-5,3,1034,1,1,38,38,0,0,0,3,0,1,1,0.56,0.58
330913,111456,0.67,-59.1,-60.2,-0.77,4,7,2.17,0,0,0,0,0,-5,3,1034,1,1,38,38,0,0,0,3,0,1,1,0.61,0.58
330919,111457,0.60,-62.1,-63.2,-0.92,4,7,1.27,0,0,0,0,0,-5,3,1033,1,1,38,38,0,0,0,1,1,4,1,0.61,0.58
330925,111458,0.66,-59.1,-60.5,-0.77,4,7,1.19,0,0,0,0,0,-5,3,1033,1,1,38,38,0,0,0,1,1,4,1,0.63,0.58
331006,111459,0.60,-60.3,-60.8,-1.10,4,7,1.20,0,0,0,0,0,-5,3,1033,1,1,38,38,0,0,0,1,1,4,1,0.63,0.59
331014,111460,0.62,-62.7,-63.8,-1.07,4,7,1.23,0,0,0,0,0,-6,3,1034,1,1,38,38,0,0,0,3,0,-1,1,0.62,0.59
331020,111461,0.56,-63.3,-64.2,-1.39,4,7,1.25,0,0,0,0,0,-4,2,1033,1,1,38,38,0,0,0,4,0,1,1,0.60,0.59
331028,111462,0.55,-63.3,-64.6,-1.70,4,7,1.91,0,0,0,0,0,-4,2,1033,1,1,38,38,0,0,0,4,0,1,1,0.60,0.59
331041,111463,0.53,-58.1,-59.7,-1.06,4,7,1.86,0,0,0,0,0,-4,2,1033,1,1,38,38,0,0,0,4,0,1,1,0.56,0.59
331049,111464,0.54,-58.1,-59.7,-1.04,4,7,1.67,0,0,0,0,0,-5,4,1034,1,1,38,38,0,0,0,4,2,2,1,0.55,0.59
331055,111465,0.54,-62.1,-63.0,-1.18,4,7,1.41,0,0,0,0,0,-5,4,1034,1,1,38,38,0,0,0,4,2,2,1,0.54,0.58
331078,111466,0.50,-63.3,-64.3,-1.70,4,7,1.30,0,0,0,0,0,-5,2,1035,1,1,38,38,0,0,0,2,1,1,1,0.54,0.58
331114,111467,0.62,-62.7,-63.7,-0.98,4,7,2.27,0,0,0,0,0,-5,2,1035,1,1,38,38,0,0,0,1,-2,2,1,0.54,0.58
331122,111468,0.62,-63.3,-64.0,-0.95,4,7,2.14,0,0,0,0,0,-4,4,1033,1,1,38,38,0,0,0,0,1,3,1,0.54,0.58
331129,111469,0.63,-63.3,-64.2,-0.80,4,7,1.91,0,0,0,0,0,-4,4,1033,1,1,38,38,0,0,0,0,1,3,1,0.62,0.58
331135,111470,0.60,-59.1,-60.4,-0.94,4,7,2.02,0,0,0,0,0,-4,4,1033,1,1,38,38,0,0,0,0,1,3,1,0.62,0.58
331166,111471,0.54,-59.1,-60.2,-1.04,4,7,1.83,0,0,0,0,0,-5,4,1035,1,1,38,38,0,0,0,1,-2,-2,1,0.62,0.58
331185,111472,0.56,-57.3,-59.7,-0.79,4,7,1.81,0,0,0,0,0,-5,2,1034,1,1,38,38,0,0,0,0,-1,4,1,0.60,0.58
331192,111473,0.60,-59.1,-60.2,-1.07,4,7,2.19,0,0,0,0,0,-6,2,1035,1,1,38,38,0,0,0,2,2,2,1,0.60,0.59
331266,111474,0.51,-62.1,-63.6,-1.42,4,7,2.08,0,0,0,0,0,-5,2,1035,1,1,38,38,0,0,0,3,-1,2,1,0.56,0.58
331274,111475,0.54,-63.3,-64.6,-1.42,4,7,1.75,0,0,0,0,0,-5,3,1034,1,1,38,38,0,0,0,0,0,1,1,0.54,0.58
331280,111476,0.57,-54.3,-56.1,-1.15,4,7,1.95,0,0,0,0,0,-5,3,1034,1,1,38,38,0,0,0,1,0,0,1,0.56,0.58
331287,111477,0.61,-54.3,-55.8,-0.61,4,7,1.92,0,0,0,0,0,-5,3,1034,1,1,38,38,0,0,0,1,0,0,1,0.57,0.58
331346,111478,0.61,-54.3,-56.0,-0.66,4,7,1.41,0,0,0,0,0,-5,3,1034,1,1,38,38,0,0,0,1,0,0,1,0.57,0.58
331354,111479,0.56,-59.1,-60.3,-1.03,4,7,2.16,0,0,0,0,0,-5,3,1033,1,1,38,38,0,0,0,3,4,0,1,0.57,0.58
331401,111480,0.63,-59.1,-60.8,-0.75,4,7,2.08,0,0,0,0,0,-5,3,1033,1,1,38,38,0,0,0,3,1,0,1,0.61,0.58
331409,111481,0.56,-58.1,-59.7,-1.03,4,7,1.94,0,0,0,0,0,-7,2,1033,1,1,38,38,0,0,0,1,3,2,1,0.61,0.58
331414,111482,0.57,-63.3,-64.1,-1.18,4,7,1.75,0,0,0,0,0,-7,2,1034,1,1,38,38,0,0,0,2,0,2,1,0.57,0.58
331422,111483,0.64,-60.3,-60.8,-0.91,4,7,1.58,0,0,0,0,0,-6,3,1034,1,1,38,38,0,0,0,2,0,2,1,0.57,0.58
331428,111484,0.55,-63.3,-64.5,-1.49,4,7,1.59,0,0,0,0,0,-6,3,1034,1,1,38,38,0,0,0,2,0,2,1,0.57,0.58
331485,111485,0.55,-54.3,-55.7,-1.16,4,7,1.70,0,0,0,0,0,-6,3,1034,1,1,38,38,0,0,0,2,0,6,1,0.56,0.58
331493,111486,0.62,-59.1,-60.3,-1.15,4,7,2.13,0,0,0,0,0,-5,4,1033,1,1,38,38,0,0,0,2,1,1,1,0.57,0.58
331499,111487,0.55,-62.1,-63.6,-1.06,4,6,2.47,0,0,0,0,0,-7,4,1034,1,1,38,38,0,0,0,4,0,-1,1,0.55,0.58
331540,111488,0.54,-63.3,-64.1,-1.34,4,7,1.64,0,0,0,0,0,-7,4,1034,1,1,38,38,0,0,0,4,0,-1,1,0.55,0.58
331546,111489,0.57,-63.3,-64.0,-1.39,4,7,1.58,0,0,0,0,0,-5,3,1034,1,1,38,38,0,0,0,2,-1,4,1,0.55,0.58
331552,111490,0.57,-58.1,-59.7,-0.80,4,7,1.95,0,0,0,0,0,-5,3,1034,1,1,38,38,0,0,0,2,-1,4,1,0.57,0.58
331642,111491,0.57,-63.3,-64.5,-1.27,4,7,1.94,0,0,0,0,0,-7,3,1033,1,1,38,38,0,0,0,1,-1,-4,1,0.57,0.58
331648,111492,0.58,-59.1,-60.7,-0.92,4,7,2.08,0,0,0,0,0,-5,3,1034,1,1,38,38,0,0,0,3,3,0,1,0.57,0.58
331654,111493,0.64,-62.7,-63.8,-0.66,4,7,2.03,0,0,0,0,0,-6,3,1035,1,1,38,38,0,0,0,2,-1,-2,1,0.57,0.58
331767,111494,0.50,-58.1,-60.1,-1.16,4,7,1.70,0,0,0,0,0,-6,3,1035,1,1,38,38,0,0,0,2,-1,-2,1,0.57,0.58
331820,111495,0.53,-62.7,-63.9,-1.37,4,7,1.50,0,0,0,0,0,-5,2,1034,1,1,38,38,0,0,0,3,4,3,1,0.57,0.58
331850,111496,0.59,-59.1,-60.5,-1.24,4,7,2.02,0,0,0,0,0,-6,3,1034,1,1,38,38,0,0,0,1,0,0,1,0.58,0.58
331891,111497,0.50,-54.3,-55.9,-1.37,4,6,2.73,0,0,0,0,0,-5,3,1034,1,1,38,38,0,0,0,2,1,-2,1,0.53,0.57
331897,111498,0.56,-59.1,-60.1,-1.07,4,7,1.50,0,0,0,0,0,-5,3,1034,1,1,38,38,0,0,0,3,-2,3,1,0.53,0.57
331905,111499,0.68,-62.7,-63.7,-0.61,4,7,1.16,0,0,0,0,0,-5,3,1034,1,1,38,38,0,0,0,3,-2,3,1,0.56,0.57
331913,111500,0.65,-62.7,-64.2,-0.98,4,7,0.97,0,0,0,0,0,-5,3,1034,1,1,38,38,0,0,0,3,-2,3,1,0.59,0.57
331919,111501,0.53,-63.3,-64.4,-1.61,4,7,1.03,0,0,0,0,0,-5,3,1033,1,1,38,38,0,0,0,2,-3,1,1,0.56,0.57
331932,111502,0.64,-58.1,-60.0,-0.66,4,7,1.53,0,0,0,0,0,-5,3,1033,1,1,38,38,0,0,0,2,-3,1,1,0.64,0.57
331940,111503,0.62,-62.7,-63.7,-1.04,4,7,1.22,0,0,0,0,0,-5,3,1034,1,1,38,38,0,0,0,2,0,2,1,0.64,0.58
331946,111504,0.53,-63.3,-64.1,-1.24,4,7,1.33,0,0,0,0,0,-5,3,1034,1,1,38,38,0,0,0,2,0,2,1,0.62,0.58
331959,111505,0.56,-59.1,-60.3,-0.92,4,7,1.69,0,0,0,0,0,-6,3,1035,1,1,38,38,0,0,0,1,1,3,1,0.56,0.58
331973,111506,0.61,-63.3,-64.1,-0.89,4,7,1.83,0,0,0,0,0,-6,3,1035,1,1,38,38,0,0,0,1,1,3,1,0.61,0.58
331979,111507,0.59,-63.3,-64.2,-1.10,4,7,1.84,0,0,0,0,0,-6,3,1034,1,1,38,38,0,0,0,1,2,1,1,0.59,0.58
331992,111508,0.54,-54.3,-55.7,-1.13,4,7,1.56,0,0,0,0,0,-6,3,1034,1,1,38,38,0,0,0,1,2,1,1,0.56,0.58
331998,111509,0.57,-63.3,-64.2,-1.01,4,7,2.34,0,0,0,0,0,-6,3,1035,1,1,38,38,0,0,0,3,1,-3,1,0.57,0.58
332006,111510,0.62,-59.1,-60.4,-1.01,4,7,2.19,0,0,0,0,0,-6,3,1035,1,1,38,38,0,0,0,3,1,-3,1,0.59,0.58
332021,111511,0.60,-59.1,-60.4,-0.88,4,7,1.98,0,0,0,0,0,-5,3,1035,1,1,38,38,0,0,0,1,0,4,1,0.59,0.58
332027,111512,0.61,-62.7,-64.0,-0.83,4,7,1.94,0,0,0,0,0,-5,3,1035,1,1,38,38,0,0,0,1,0,4,1,0.60,0.58
332033,111513,0.66,-59.1,-60.5,-0.82,4,7,2.03,0,0,0,0,0,-5,3,1034,1,1,38,38,0,0,0,3,2,0,1,0.61,0.58
332039,111514,0.63,-62.7,-63.6,-0.67,4,7,2.05,0,0,0,0,0,-5,3,1034,1,1,38,38,0,0,0,3,2,0,1,0.62,0.59
332045,111515,0.65,-63.3,-64.0,-0.82,4,7,1.05,0,0,0,0,0,-5,3,1034,1,1,38,38,0,0,0,3,2,0,1,0.63,0.59
332053,111516,0.55,-63.3,-64.4,-1.27,4,7,0.97,0,0,0,0,0,-4,2,1034,1,1,38,38,0,0,0,1,1,1,1,0.63,0.59
332089,111517,0.61,-62.7,-63.9,-1.13,4,7,1.05,0,0,0,0,0,-4,2,1034,1,1,38,38,0,0,0,1,1,1,1,0.63,0.59
332097,111518,0.59,-58.1,-60.0,-0.82,4,7,2.08,0,0,0,0,0,-5,3,1034,1,1,38,38,0,0,0,3,2,4,1,0.61,0.59
332105,111519,0.56,-59.1,-60.0,-1.30,4,7,1.77,0,0,0,0,0,-5,3,1034,1,1,38,38,0,0,0,3,2,4,1,0.59,0.59
332112,111520,0.54,-58.1,-59.8,-1.01,4,7,1.84,0,0,0,0,0,-5,3,1034,1,1,38,38,0,0,0,5,2,3,1,0.56,0.59
332120,111521,0.59,-60.3,-60.7,-0.92,4,7,1.53,0,0,0,0,0,-5,3,1034,1,1,38,38,0,0,0,5,2,3,1,0.59,0.59
332126,111522,0.53,-58.1,-59.5,-1.40,4,7,1.77,0,0,0,0,0,-5,3,1034,1,1,38,38,0,0,0,5,2,3,1,0.56,0.59
332132,111523,0.57,-58.1,-59.7,-0.79,4,7,1.86,0,0,0,0,0,-5,3,1034,1,1,38,38,0,0,0,2,3,1,1,0.56,0.59
332140,111524,0.48,-63.3,-64.0,-1.76,4,7,1.47,0,0,0,0,0,-5,3,1034,1,1,38,38,0,0,0,2,3,1,1,0.54,0.59
332163,111525,0.53,-59.1,-60.1,-1.15,4,7,1.72,0,0,0,0,0,-5,3,1034,1,1,38,38,0,0,0,2,3,1,1,0.53,0.58
332169,111526,0.56,-58.1,-60.8,-0.80,4,7,2.02,0,0,0,0,0,-6,3,1034,1,1,38,38,0,0,0,1,0,-1,1,0.53,0.58
332193,111527,0.52,-54.3,-55.4,-1.43,4,7,1.97,0,0,0,0,0,-5,3,1034,1,1,38,38,0,0,0,1,-3,1,1,0.53,0.58
332224,111528,0.63,-59.1,-60.0,-0.70,4,7,1.61,0,0,0,0,0,-6,3,1034,1,1,38,38,0,0,0,3,-1,2,1,0.53,0.57
332265,111529,0.48,-59.1,-60.5,-1.42,4,7,2.13,0,0,0,0,0,-5,4,1034,1,1,38,38,0,0,0,1,-1,2,1,0.53,0.57
332273,111530,0.62,-62.7,-63.5,-0.70,4,7,1.72,0,0,0,0,0,-5,3,1035,1,1,38,38,0,0,0,3,-2,1,1,0.56,0.57
332296,111531,0.55,-58.1,-60.4,-0.94,4,7,2.14,0,0,0,0,0,-5,3,1035,1,1,38,38,0,0,0,3,-2,1,1,0.55,0.57
332302,111532,0.61,-63.3,-64.0,-0.88,4,7,1.81,0,0,0,0,0,-5,3,1033,1,1,38,38,0,0,0,1,2,1,1,0.61,0.57
332326,111533,0.66,-63.3,-64.2,-0.82,4,7,1.97,0,0,0,0,0,-5,3,1033,1,1,38,38,0,0,0,1,2,1,1,0.61,0.57
332332,111534,0.56,-63.3,-64.3,-1.51,4,7,1.94,0,0,0,0,0,-5,2,1034,1,1,38,38,0,0,0,3,2,1,1,0.61,0.58
332340,111535,0.62,-62.7,-63.9,-0.91,4,7,1.91,0,0,0,0,0,-5,2,1034,1,1,38,38,0,0,0,3,2,1,1,0.61,0.58
332346,111536,0.60,-62.7,-64.0,-1.25,4,7,1.94,0,0,0,0,0,-5,2,1034,1,1,38,38,0,0,0,3,2,1,1,0.61,0.58
332352,111537,0.58,-59.1,-60.1,-0.89,4,7,2.06,0,0,0,0,0,-5,4,1034,1,1,38,38,0,0,0,0,2,2,1,0.60,0.58
332360,111538,0.61,-62.7,-64.1,-1.10,4,7,0.88,0,0,0,0,0,-5,4,1034,1,1,38,38,0,0,0,0,2,2,1,0.60,0.58
332390,111539,0.61,-60.3,-60.5,-1.25,4,7,1.42,0,0,0,0,0,-5,4,1034,1,1,38,38,0,0,0,0,2,2,1,0.61,0.58
332396,111540,0.66,-60.3,-60.6,-0.80,4,7,1.50,0,0,0,0,0,-5,3,1036,1,1,38,38,0,0,0,1,-1,1,1,0.61,0.58
332402,111541,0.56,-58.1,-59.9,-1.03,4,7,1.97,0,0,0,0,0,-5,3,1036,1,1,38,38,0,0,0,1,-1,1,1,0.61,0.59
332408,111542,0.60,-62.7,-63.9,-1.09,4,7,1.73,0,0,0,0,0,-5,3,1036,1,1,38,38,0,0,0,1,-1,1,1,0.61,0.59
332414,111543,0.55,-63.3,-63.9,-1.49,4,7,1.72,0,0,0,0,0,-5,3,1035,1,1,38,38,0,0,0,5,2,2,1,0.60,0.59
332437,111544,0.59,-59.1,-60.5,-0.92,4,7,2.09,0,0,0,0,0,-5,3,1035,1,1,38,38,0,0,0,5,2,2,1,0.59,0.59
332495,111545,0.56,-60.3,-60.8,-1.22,4,7,1.67,0,0,0,0,0,-5,2,1033,1,1,38,38,0,0,0,2,2,0,1,0.56,0.59
332520,111546,0.54,-58.1,-60.4,-1.10,4,7,2.14,0,0,0,0,0,-6,3,1033,1,1,38,38,0,0,0,5,0,1,1,0.56,0.59
332526,111547,0.69,-62.7,-63.8,-0.64,4,7,1.80,0,0,0,0,0,-6,3,1035,1,1,38,38,0,0,0,0,-2,5,1,0.56,0.58
332545,111548,0.53,-58.1,-59.4,-1.28,4,7,1.72,0,0,0,0,0,-4,2,1036,1,1,38,38,0,0,0,1,-3,3,1,0.56,0.58
332590,111549,0.63,-63.3,-64.2,-1.01,4,7,1.42,0,0,0,0,0,-7,2,1035,1,1,38,38,0,0,0,4,0,2,1,0.56,0.58
332596,111550,0.58,-58.1,-59.6,-1.00,4,7,1.70,0,0,0,0,0,-6,3,1034,1,1,38,38,0,0,0,7,-1,3,1,0.58,0.58
332602,111551,0.57,-60.3,-60.4,-1.18,4,7,1.47,0,0,0,0,0,-6,3,1034,1,1,38,38,0,0,0,7,-1,3,1,0.58,0.58
332608,111552,0.55,-63.3,-64.1,-1.55,4,7,1.55,0,0,0,0,0,-5,1,1034,1,1,38,38,0,0,0,5,-1,2,1,0.57,0.58
332614,111553,0.54,-58.1,-59.7,-0.91,4,7,1.94,0,0,0,0,0,-5,1,1034,1,1,38,38,0,0,0,5,-1,2,1,0.57,0.58
332620,111554,0.63,-60.3,-60.9,-0.86,4,7,1.69,0,0,0,0,0,-5,1,1034,1,1,38,38,0,0,0,5,-1,2,1,0.57,0.58
332626,111555,0.55,-62.7,-63.8,-1.39,4,7,1.70,0,0,0,0,0,-5,1,1034,1,1,38,38,0,0,0,5,-1,2,1,0.55,0.58
332632,111556,0.57,-59.1,-60.2,-0.91,4,7,1.91,0,0,0,0,0,-5,3,1034,1,1,38,38,0,0,0,1,2,-2,1,0.55,0.58
332640,111557,0.52,-58.1,-59.6,-1.28,4,7,1.84,0,0,0,0,0,-5,3,1034,1,1,38,38,0,0,0,1,2,-2,1,0.55,0.58
332647,111558,0.61,-62.7,-63.9,-1.04,4,7,1.61,0,0,0,0,0,-5,3,1034,1,1,38,38,0,0,0,1,2,-2,1,0.57,0.58
332678,111559,0.63,-59.1,-60.6,-1.04,4,7,1.20,0,0,0,0,0,-5,3,1036,1,1,38,38,0,0,0,3,0,2,1,0.57,0.58
332684,111560,0.53,-54.3,-56.1,-1.18,4,6,2.70,0,0,0,0,0,-5,3,1035,1,1,38,38,0,0,0,3,1,1,1,0.57,0.58
332705,111561,0.59,-59.1,-60.0,-1.16,4,7,1.56,0,0,0,0,0,-5,2,1035,1,1,38,38,0,0,0,2,-1,1,1,0.59,0.58
332711,111562,0.58,-62.7,-63.8,-0.97,4,7,1.67,0,0,0,0,0,-5,2,1034,1,1,38,38,0,0,0,1,-3,0,1,0.59,0.58
332717,111563,0.56,-62.7,-63.7,-1.39,4,7,1.63,0,0,0,0,0,-5,2,1034,1,1,38,38,0,0,0,1,-3,0,1,0.58,0.58
332769,111564,0.65,-63.3,-64.0,-0.85,4,7,2.08,0,0,0,0,0,-5,2,1034,1,1,38,38,0,0,0,1,-3,0,1,0.58,0.58
332788,111565,0.61,-63.3,-64.1,-1.12,4,7,1.81,0,0,0,0,0,-5,4,1034,1,1,38,38,0,0,0,2,-2,2,1,0.59,0.58
332839,111566,0.50,-63.3,-64.3,-1.56,4,7,2.30,0,0,0,0,0,-5,2,1033,1,1,38,38,0,0,0,2,2,2,1,0.58,0.58
332875,111567,0.58,-63.3,-64.1,-1.10,4,7,1.36,0,0,0,0,0,-6,3,1034,1,1,38,38,0,0,0,4,2,1,1,0.58,0.58
332881,111568,0.56,-59.1,-60.1,-1.13,4,7,1.42,0,0,0,0,0,-5,4,1034,1,1,38,38,0,0,0,0,2,3,1,0.58,0.58
332887,111569,0.57,-63.3,-64.1,-1.34,4,7,1.42,0,0,0,0,0,-6,3,1034,1,1,38,38,0,0,0,2,1,0,1,0.57,0.58
332923,111570,0.64,-60.3,-60.7,-0.95,4,7,1.41,0,0,0,0,0,-6,3,1034,1,1,38,38,0,0,0,2,1,0,1,0.57,0.58
332985,111571,0.55,-60.3,-60.6,-1.31,4,7,1.69,0,0,0,0,0,-6,4,1034,1,1,38,38,0,0,0,3,-1,0,1,0.57,0.58
332993,111572,0.59,-62.7,-63.7,-1.09,4,7,1.64,0,0,0,0,0,-4,2,1034,1,1,38,38,0,0,0,3,1,1,1,0.57,0.58
333035,111573,0.68,-62.7,-63.7,-0.63,4,7,2.05,0,0,0,0,0,-4,2,1034,1,1,38,38,0,0,0,3,1,1,1,0.59,0.58
333082,111574,0.63,-59.1,-60.3,-1.10,4,7,1.05,0,0,0,0,0,-6,3,1033,1,1,38,38,0,0,0,3,-2,3,1,0.63,0.58
333088,111575,0.58,-54.3,-55.7,-1.01,4,7,1.48,0,0,0,0,0,-5,3,1034,1,1,38,38,0,0,0,2,3,2,1,0.59,0.58
333110,111576,0.57,-62.1,-63.5,-1.25,4,6,2.45,0,0,0,0,0,-5,3,1034,1,1,38,38,0,0,0,2,3,2,1,0.59,0.58
333130,111577,0.58,-54.3,-56.1,-0.77,4,7,2.22,0,0,0,0,0,-5,2,1034,1,1,38,38,0,0,0,2,2,1,1,0.58,0.58
333154,111578,0.47,-54.3,-55.9,-1.39,4,6,2.45,0,0,0,0,0,-5,3,1033,1,1,38,38,0,0,0,1,-1,-4,1,0.58,0.58
333160,111579,0.57,-62.7,-63.9,-1.04,4,7,1.22,0,0,0,0,0,-5,3,1035,1,1,38,38,0,0,0,4,2,3,1,0.57,0.58
333166,111580,0.53,-62.1,-63.1,-1.28,4,7,1.42,0,0,0,0,0,-5,2,1033,1,1,38,38,0,0,0,1,-1,3,1,0.57,0.58
333172,111581,0.55,-58.1,-59.7,-1.12,4,7,1.55,0,0,0,0,0,-5,2,1033,1,1,38,38,0,0,0,1,-1,3,1,0.55,0.58
333178,111582,0.60,-63.3,-63.9,-1.09,4,7,1.45,0,0,0,0,0,-5,2,1033,1,1,38,38,0,0,0,1,-1,3,1,0.55,0.58
333184,111583,0.54,-58.1,-59.5,-1.36,4,7,1.58,0,0,0,0,0,-5,2,1034,1,1,38,38,0,0,0,1,1,0,1,0.55,0.58
333220,111584,0.55,-63.3,-63.9,-1.48,4,7,1.44,0,0,0,0,0,-5,4,1034,1,1,38,38,0,0,0,1,1,0,1,0.55,0.58
333226,111585,0.60,-59.1,-60.0,-0.95,4,7,1.58,0,0,0,0,0,-5,3,1034,1,1,38,38,0,0,0,4,3,4,1,0.55,0.57
333299,111586,0.59,-58.1,-59.8,-0.88,4,7,1.88,0,0,0,0,0,-5,3,1034,1,1,38,38,0,0,0,4,3,4,1,0.59,0.58
333305,111587,0.54,-60.3,-60.6,-1.13,4,7,1.64,0,0,0,0,0,-5,3,1035,1,1,38,38,0,0,0,4,1,0,1,0.55,0.57
333311,111588,0.55,-63.3,-63.9,-1.43,4,7,1.63,0,0,0,0,0,-5,3,1035,1,1,38,38,0,0,0,4,1,0,1,0.55,0.57
333319,111589,0.64,-63.3,-63.9,-0.83,4,7,1.63,0,0,0,0,0,-5,3,1035,1,1,38,38,0,0,0,4,1,0,1,0.59,0.57
333327,111590,0.57,-58.1,-59.9,-1.09,4,7,1.72,0,0,0,0,0,-5,2,1034,1,1,38,38,0,0,0,3,1,2,1,0.57,0.57
333334,111591,0.53,-63.3,-64.3,-1.46,4,7,1.31,0,0,0,0,0,-5,2,1034,1,1,38,38,0,0,0,3,1,2,1,0.55,0.57
333342,111592,0.67,-62.7,-63.6,-0.70,4,7,1.14,0,0,0,0,0,-5,2,1034,1,1,38,38,0,0,0,3,1,2,1,0.57,0.57
333348,111593,0.60,-63.3,-64.4,-1.24,4,7,1.25,0,0,0,0,0,-6,3,1035,1,1,38,38,0,0,0,4,1,1,1,0.60,0.57
333354,111594,0.51,-57.3,-59.8,-1.15,4,7,1.91,0,0,0,0,0,-6,3,1035,1,1,38,38,0,0,0,4,1,1,1,0.57,0.57
333360,111595,0.54,-63.3,-64.0,-1.53,4,7,1.41,0,0,0,0,0,-6,3,1035,1,1,38,38,0,0,0,4,1,1,1,0.54,0.57
333389,111596,0.62,-59.1,-60.3,-0.86,4,7,1.94,0,0,0,0,0,-5,3,1033,1,1,38,38,0,0,0,4,-4,3,1,0.60,0.57
333395,111597,0.64,-63.3,-64.2,-0.69,4,7,1.88,0,0,0,0,0,-5,3,1033,1,1,38,38,0,0,0,3,-1,2,1,0.60,0.58
333401,111598,0.57,-59.1,-60.3,-1.10,4,7,2.00,0,0,0,0,0,-5,3,1033,1,1,38,38,0,0,0,3,-1,2,1,0.57,0.58
333407,111599,0.58,-62.7,-63.8,-0.95,4,7,2.03,0,0,0,0,0,-6,3,1033,1,1,38,38,0,0,0,2,-2,2,1,0.58,0.58
333482,111600,0.56,-58.1,-59.8,-1.12,4,7,2.27,0,0,0,0,0,-6,3,1033,1,1,38,38,0,0,0,2,-2,2,1,0.58,0.58
333488,111601,0.53,-54.3,-56.0,-0.95,4,6,2.61,0,0,0,0,0,-5,3,1033,1,1,38,38,0,0,0,3,1,4,1,0.57,0.58
333494,111602,0.56,-54.3,-55.8,-1.15,4,7,1.48,0,0,0,0,0,-5,3,1033,1,1,38,38,0,0,0,3,1,4,1,0.56,0.58
333500,111603,0.60,-59.1,-60.3,-0.79,4,7,1.45,0,0,0,0,0,-5,3,1033,1,1,38,38,0,0,0,3,1,4,1,0.56,0.57
333515,111604,0.63,-59.1,-60.0,-0.61,4,7,2.27,0,0,0,0,0,-5,4,1033,1,1,38,38,0,0,0,2,-3,3,1,0.56,0.57
333521,111605,0.56,-59.1,-60.0,-1.34,4,7,1.31,0,0,0,0,0,-5,4,1033,1,1,38,38,0,0,0,2,-3,3,1,0.56,0.57
333527,111606,0.53,-58.1,-60.1,-0.98,4,7,1.92,0,0,0,0,0,-6,3,1034,1,1,38,38,0,0,0,-2,-2,0,1,0.56,0.57
333552,111607,0.57,-59.1,-60.1,-0.83,4,7,1.66,0,0,0,0,0,-6,3,1034,1,1,38,38,0,0,0,-2,-2,0,1,0.57,0.57
333557,111608,0.57,-63.3,-64.1,-1.34,4,7,1.53,0,0,0,0,0,-6,4,1034,1,1,38,38,0,0,0,0,0,2,1,0.57,0.57
333563,111609,0.53,-58.1,-59.7,-1.09,4,7,1.98,0,0,0,0,0,-5,3,1033,1,1,38,38,0,0,0,5,3,0,1,0.56,0.57
333582,111610,0.55,-54.3,-56.3,-0.91,4,7,1.81,0,0,0,0,0,-5,3,1033,1,1,38,38,0,0,0,5,3,0,1,0.55,0.57
333588,111611,0.50,-63.3,-64.2,-1.42,4,7,1.55,0,0,0,0,0,-5,2,1033,1,1,38,38,0,0,0,6,1,-1,1,0.55,0.57
333594,111612,0.63,-60.3,-60.9,-0.94,4,7,1.42,0,0,0,0,0,-5,2,1033,1,1,38,38,0,0,0,6,1,-1,1,0.55,0.57
333600,111613,0.55,-58.1,-59.6,-1.13,4,7,1.67,0,0,0,0,0,-5,2,1033,1,1,38,38,0,0,0,6,1,-1,1,0.55,0.57
333606,111614,0.61,-63.3,-64.0,-0.91,4,7,1.58,0,0,0,0,0,-5,3,1034,1,1,38,38,0,0,0,3,3,-3,1,0.55,0.57
333612,111615,0.55,-59.1,-61.0,-0.75,4,7,2.08,0,0,0,0,0,-5,3,1034,1,1,38,38,0,0,0,3,3,-3,1,0.55,0.57
333637,111616,0.60,-59.1,-60.4,-0.89,4,7,1.97,0,0,0,0,0,-5,3,1034,1,1,38,38,0,0,0,3,3,-3,1,0.60,0.57
333671,111617,0.60,-59.1,-60.3,-0.97,4,7,1.94,0,0,0,0,0,-5,2,1036,1,1,38,38,0,0,0,2,-2,2,1,0.60,0.57
333677,111618,0.58,-63.3,-64.5,-1.22,4,7,0.98,0,0,0,0,0,-5,3,1034,1,1,38,38,0,0,0,2,-1,-1,1,0.60,0.57
333683,111619,0.62,-63.3,-64.4,-0.82,4,7,1.95,0,0,0,0,0,-5,2,1034,1,1,38,38,0,0,0,1,3,0,1,0.60,0.57
333689,111620,0.59,-63.3,-64.0,-1.21,4,7,1.02,0,0,0,0,0,-5,2,1034,1,1,38,38,0,0,0,1,3,0,1,0.60,0.57
333695,111621,0.59,-54.3,-56.0,-0.97,4,7,1.34,0,0,0,0,0,-5,2,1034,1,1,38,38,0,0,0,1,3,0,1,0.59,0.58
333701,111622,0.63,-62.7,-63.6,-0.92,4,7,1.20,0,0,0,0,0,-5,2,1034,1,1,38,38,0,0,0,1,1,2,1,0.59,0.58
333707,111623,0.53,-63.3,-64.2,-1.70,4,7,1.20,0,0,0,0,0,-6,4,1035,1,1,38,38,0,0,0,3,1,2,1,0.59,0.58
333713,111624,0.60,-59.1,-60.1,-0.76,4,7,1.55,0,0,0,0,0,-6,4,1035,1,1,38,38,0,0,0,3,1,2,1,0.59,0.58
333719,111625,0.54,-62.7,-63.6,-1.27,4,7,1.33,0,0,0,0,0,-6,4,1035,1,1,38,38,0,0,0,3,1,2,1,0.59,0.58
333725,111626,0.60,-58.1,-59.6,-0.86,4,7,1.50,0,0,0,0,0,-6,2,1033,1,1,38,38,0,0,0,-1,4,3,1,0.60,0.58
333730,111627,0.56,-59.1,-59.9,-0.95,4,7,1.64,0,0,0,0,0,-6,2,1033,1,1,38,38,0,0,0,-1,4,3,1,0.56,0.58
333736,111628,0.62,-60.3,-60.8,-0.86,4,7,1.41,0,0,0,0,0,-6,2,1033,1,1,38,38,0,0,0,-1,4,3,1,0.60,0.58
333742,111629,0.52,-63.3,-64.1,-1.65,4,7,1.42,0,0,0,0,0,-5,3,1034,1,1,38,38,0,0,0,0,3,3,1,0.56,0.58
333748,111630,0.59,-58.1,-59.6,-0.70,4,7,1.88,0,0,0,0,0,-5,3,1034,1,1,38,38,0,0,0,0,3,3,1,0.59,0.58
333754,111631,0.57,-62.7,-64.0,-1.09,4,7,1.66,0,0,0,0,0,-5,3,1034,1,1,38,38,0,0,0,0,3,3,1,0.57,0.58
333800,111632,0.58,-58.1,-59.6,-0.86,4,7,1.73,0,0,0,0,0,-5,3,1034,1,1,38,38,0,0,0,0,3,3,1,0.58,0.58
333806,111633,0.53,-59.1,-60.0,-1.07,4,7,1.86,0,0,0,0,0,-6,2,1034,1,1,38,38,0,0,0,1,4,2,1,0.57,0.58
333812,111634,0.58,-59.1,-60.2,-0.95,4,7,1.56,0,0,0,0,0,-6,2,1034,1,1,38,38,0,0,0,1,4,2,1,0.58,0.58
333842,111635,0.63,-59.1,-60.3,-1.01,4,7,2.23,0,0,0,0,0,-6,2,1034,1,1,38,38,0,0,0,1,4,2,1,0.58,0.58
333878,111636,0.60,-59.1,-60.0,-1.00,4,7,1.48,0,0,0,0,0,-5,3,1035,1,1,38,38,0,0,0,2,-2,3,1,0.58,0.58
333946,111637,0.67,-63.3,-64.0,-0.75,4,7,1.86,0,0,0,0,0,-7,2,1033,1,1,38,38,0,0,0,2,0,2,1,0.60,0.58
333951,111638,0.57,-58.1,-60.1,-1.10,4,7,2.22,0,0,0,0,0,-4,3,1034,1,1,38,38,0,0,0,4,1,4,1,0.60,0.58
333993,111639,0.54,-63.3,-63.9,-1.43,4,7,1.41,0,0,0,0,0,-4,3,1034,1,1,38,38,0,0,0,4,1,4,1,0.60,0.58
334023,111640,0.65,-60.3,-61.0,-1.04,4,7,1.05,0,0,0,0,0,-5,3,1034,1,1,38,38,0,0,0,2,2,-1,1,0.60,0.58
334029,111641,0.57,-62.1,-63.4,-1.18,4,6,2.48,0,0,0,0,0,-6,2,1034,1,1,38,38,0,0,0,3,0,-1,1,0.57,0.58
334035,111642,0.56,-63.3,-64.1,-1.43,4,7,1.30,0,0,0,0,0,-6,2,1034,1,1,38,38,0,0,0,3,0,-1,1,0.57,0.58
334041,111643,0.53,-59.1,-60.0,-1.22,4,7,1.58,0,0,0,0,0,-5,3,1033,1,1,38,38,0,0,0,2,0,3,1,0.56,0.58
334062,111644,0.62,-59.1,-60.3,-0.85,4,7,1.59,0,0,0,0,0,-5,3,1033,1,1,38,38,0,0,0,2,0,3,1,0.57,0.58
334068,111645,0.60,-58.1,-59.7,-0.85,4,7,1.91,0,0,0,0,0,-4,3,1035,1,1,38,38,0,0,0,2,2,-1,1,0.57,0.58
334074,111646,0.53,-58.1,-60.8,-1.03,4,7,2.06,0,0,0,0,0,-4,3,1035,1,1,38,38,0,0,0,2,2,-1,1,0.56,0.58
334080,111647,0.59,-62.7,-63.7,-0.97,4,7,1.80,0,0,0,0,0,-6,3,1033,1,1,38,38,0,0,0,1,-2,2,1,0.59,0.58
334099,111648,0.60,-59.1,-59.9,-1.10,4,7,1.56,0,0,0,0,0,-6,3,1033,1,1,38,38,0,0,0,1,-2,2,1,0.60,0.58
334105,111649,0.51,-63.3,-64.2,-1.40,4,7,1.69,0,0,0,0,0,-5,3,1033,1,1,38,38,0,0,0,3,2,3,1,0.59,0.58
334111,111650,0.57,-59.1,-60.0,-1.04,4,7,1.86,0,0,0,0,0,-5,3,1033,1,1,38,38,0,0,0,3,2,3,1,0.57,0.58
334117,111651,0.61,-59.1,-60.2,-0.88,4,7,1.75,0,0,0,0,0,-5,3,1033,1,1,38,38,0,0,0,3,2,3,1,0.59,0.58
334123,111652,0.53,-58.1,-59.7,-1.16,4,7,1.98,0,0,0,0,0,-5,3,1034,1,1,38,38,0,0,0,3,2,0,1,0.57,0.58
334129,111653,0.53,-60.3,-60.7,-1.27,4,7,1.80,0,0,0,0,0,-5,3,1034,1,1,38,38,0,0,0,3,2,0,1,0.53,0.58
334135,111654,0.51,-63.3,-64.1,-1.64,4,7,1.70,0,0,0,0,0,-5,3,1034,1,1,38,38,0,0,0,3,2,0,1,0.53,0.58
334141,111655,0.62,-59.1,-60.4,-0.67,4,7,1.92,0,0,0,0,0,-6,3,1035,1,1,38,38,0,0,0,4,1,-1,1,0.53,0.57
334147,111656,0.53,-62.1,-63.9,-1.33,4,7,2.09,0,0,0,0,0,-6,3,1035,1,1,38,38,0,0,0,4,1,-1,1,0.53,0.57
334166,111657,0.56,-59.1,-60.0,-1.18,4,7,1.83,0,0,0,0,0,-6,3,1035,1,1,38,38,0,0,0,4,1,-1,1,0.53,0.57
334173,111658,0.59,-59.1,-60.1,-1.07,4,7,1.59,0,0,0,0,0,-6,3,1033,1,1,38,38,0,0,0,5,-1,0,1,0.56,0.57
334181,111659,0.61,-60.3,-60.6,-0.91,4,7,1.39,0,0,0,0,0,-5,3,1034,1,1,38,38,0,0,0,4,-1,1,1,0.59,0.57
334215,111660,0.53,-58.1,-59.6,-1.04,4,7,1.77,0,0,0,0,0,-5,3,1034,1,1,38,38,0,0,0,4,-1,1,1,0.56,0.57
334234,111661,0.49,-58.1,-59.8,-0.92,4,7,1.94,0,0,0,0,0,-6,3,1035,1,1,38,38,0,0,0,1,0,3,1,0.56,0.57
334240,111662,0.61,-60.3,-60.6,-1.09,4,7,1.25,0,0,0,0,0,-4,3,1034,1,1,38,38,0,0,0,4,-1,0,1,0.59,0.57
334246,111663,0.54,-59.1,-59.8,-1.34,4,7,1.47,0,0,0,0,0,-4,3,1034,1,1,38,38,0,0,0,4,-1,0,1,0.54,0.57
334252,111664,0.55,-63.3,-64.0,-1.39,4,7,1.48,0,0,0,0,0,-4,3,1034,1,1,38,38,0,0,0,4,-1,0,1,0.54,0.57
334260,111665,0.66,-60.3,-60.4,-0.63,4,7,1.20,0,0,0,0,0,-6,4,1034,1,1,38,38,0,0,0,4,1,-3,1,0.55,0.57
334285,111666,0.57,-59.1,-60.2,-1.10,4,7,1.80,0,0,0,0,0,-6,4,1034,1,1,38,38,0,0,0,4,1,-3,1,0.57,0.57
334304,111667,0.64,-62.1,-63.2,-0.75,4,7,1.48,0,0,0,0,0,-6,3,1034,1,1,38,38,0,0,0,0,3,0,1,0.57,0.57
334349,111668,0.52,-54.3,-55.7,-1.37,4,7,1.38,0,0,0,0,0,-5,2,1033,1,1,38,38,0,0,0,2,3,3,1,0.57,0.57
334374,111669,0.59,-59.1,-59.8,-1.06,4,7,1.58,0,0,0,0,0,-6,4,1034,1,1,38,38,0,0,0,2,2,0,1,0.59,0.57
334427,111670,0.60,-59.1,-60.6,-0.89,4,7,1.92,0,0,0,0,0,-5,3,1034,1,1,38,38,0,0,0,1,0,2,1,0.59,0.57
334432,111671,0.60,-60.3,-61.2,-0.69,4,7,2.03,0,0,0,0,0,-5,3,1033,1,1,38,38,0,0,0,3,2,1,1,0.60,0.57
334438,111672,0.56,-54.3,-56.5,-1.06,4,7,2.23,0,0,0,0,0,-5,2,1033,1,1,38,38,0,0,0,3,2,3,1,0.59,0.57
334444,111673,0.67,-63.3,-64.3,-0.61,4,7,1.97,0,0,0,0,0,-5,2,1033,1,1,38,38,0,0,0,3,2,3,1,0.60,0.57
334479,111674,0.62,-59.1,-60.7,-1.01,4,7,2.09,0,0,0,0,0,-5,2,1033,1,1,38,38,0,0,0,3,2,3,1,0.60,0.58
334484,111675,0.62,-62.7,-63.7,-0.92,4,7,1.16,0,0,0,0,0,-5,4,1035,1,1,38,38,0,0,0,4,-1,7,1,0.62,0.58
334490,111676,0.56,-58.1,-59.8,-1.24,4,7,2.23,0,0,0,0,0,-5,4,1035,1,1,38,38,0,0,0,4,-1,7,1,0.62,0.58
334496,111677,0.60,-63.3,-64.0,-1.24,4,7,1.17,0,0,0,0,0,-5,3,1034,1,1,38,38,0,0,0,3,5,1,1,0.62,0.58
334502,111678,0.58,-59.1,-60.1,-1.03,4,6,2.55,0,0,0,0,0,-5,3,1034,1,1,38,38,0,0,0,3,5,1,1,0.60,0.58
334508,111679,0.50,-63.3,-64.0,-1.49,4,7,1.44,0,0,0,0,0,-5,3,1034,1,1,38,38,0,0,0,3,5,1,1,0.58,0.58
334514,111680,0.58,-59.1,-60.3,-1.01,4,7,1.55,0,0,0,0,0,-5,3,1034,1,1,38,38,0,0,0,3,5,1,1,0.58,0.58
334522,111681,0.51,-58.1,-60.0,-0.88,4,7,2.00,0,0,0,0,0,-6,3,1035,1,1,38,38,0,0,0,2,1,1,1,0.58,0.58
334530,111682,0.52,-58.1,-59.9,-1.09,4,7,1.59,0,0,0,0,0,-6,3,1035,1,1,38,38,0,0,0,2,1,1,1,0.52,0.58
334577,111683,0.59,-63.3,-64.4,-1.31,4,7,1.20,0,0,0,0,0,-6,3,1035,1,1,38,38,0,0,0,3,0,1,1,0.52,0.58
334583,111684,0.53,-54.3,-55.7,-1.13,4,7,1.50,0,0,0,0,0,-5,4,1034,1,1,38,38,0,0,0,3,3,2,1,0.53,0.57
334589,111685,0.53,-58.1,-60.1,-0.92,4,7,1.66,0,0,0,0,0,-5,4,1034,1,1,38,38,0,0,0,3,3,2,1,0.53,0.57
334610,111686,0.63,-62.7,-63.9,-0.85,4,7,1.69,0,0,0,0,0,-5,4,1034,1,1,38,38,0,0,0,3,3,2,1,0.53,0.57
334629,111687,0.50,-63.3,-64.1,-1.65,4,7,1.44,0,0,0,0,0,-6,3,1034,1,1,38,38,0,0,0,4,-3,2,1,0.53,0.57
334753,111688,0.59,-62.7,-64.0,-1.09,4,7,1.75,0,0,0,0,0,-6,3,1034,1,1,38,38,0,0,0,4,-3,2,1,0.53,0.57
334759,111689,0.57,-63.3,-64.2,-1.27,4,7,1.75,0,0,0,0,0,-5,2,1033,1,1,38,38,0,0,0,2,1,0,1,0.57,0.57
334765,111690,0.53,-63.3,-64.3,-1.49,4,7,1.81,0,0,0,0,0,-5,2,1033,1,1,38,38,0,0,0,2,1,0,1,0.57,0.57
334771,111691,0.61,-59.1,-60.5,-0.92,4,7,1.88,0,0,0,0,0,-5,2,1033,1,1,38,38,0,0,0,2,1,0,1,0.57,0.57
334777,111692,0.57,-54.3,-56.2,-1.03,4,7,2.16,0,0,0,0,0,-5,3,1034,1,1,38,38,0,0,0,2,1,1,1,0.57,0.57
334796,111693,0.51,-58.1,-60.8,-1.18,4,7,2.06,0,0,0,0,0,-5,3,1034,1,1,38,38,0,0,0,2,1,1,1,0.57,0.57
334802,111694,0.57,-59.1,-60.9,-0.94,4,7,2.02,0,0,0,0,0,-5,3,1034,1,1,38,38,0,0,0,3,1,1,1,0.57,0.57
334808,111695,0.60,-62.7,-64.1,-0.97,4,7,1.86,0,0,0,0,0,-5,3,1034,1,1,38,38,0,0,0,3,1,1,1,0.57,0.57
334814,111696,0.62,-63.3,-64.2,-0.85,4,7,1.84,0,0,0,0,0,-5,3,1034,1,1,38,38,0,0,0,3,1,1,1,0.57,0.57
334849,111697,0.57,-62.7,-64.0,-1.10,4,7,2.27,0,0,0,0,0,-6,3,1033,1,1,38,38,0,0,0,3,2,2,1,0.57,0.57
334884,111698,0.53,-54.3,-56.7,-0.91,4,6,2.58,0,0,0,0,0,-5,3,1034,1,1,38,38,0,0,0,4,2,0,1,0.57,0.57
334890,111699,0.56,-54.3,-56.0,-1.18,4,7,1.50,0,0,0,0,0,-5,3,1033,1,1,38,38,0,0,0,1,2,1,1,0.57,0.57
334895,111700,0.62,-60.3,-61.0,-0.86,4,7,1.22,0,0,0,0,0,-5,2,1035,1,1,38,38,0,0,0,4,-2,-2,1,0.57,0.57
334937,111701,0.58,-57.3,-59.8,-0.72,4,6,2.39,0,0,0,0,0,-5,2,1035,1,1,38,38,0,0,0,4,-2,-2,1,0.57,0.57
334973,111702,0.66,-63.3,-64.3,-0.86,4,7,1.11,0,0,0,0,0,-4,3,1034,1,1,38,38,0,0,0,1,4,3,1,0.58,0.57
334979,111703,0.62,-59.1,-60.2,-0.98,4,7,1.22,0,0,0,0,0,-5,2,1034,1,1,38,38,0,0,0,2,0,-2,1,0.62,0.57
334985,111704,0.65,-59.1,-60.2,-0.76,4,7,1.28,0,0,0,0,0,-5,2,1034,1,1,38,38,0,0,0,2,0,-2,1,0.62,0.57
335013,111705,0.67,-62.7,-64.1,-0.76,4,7,1.84,0,0,0,0,0,-5,2,1034,1,1,38,38,0,0,0,2,0,-2,1,0.65,0.58
335019,111706,0.54,-54.3,-55.8,-1.31,4,7,1.17,0,0,0,0,0,-5,2,1034,1,1,38,38,0,0,0,2,1,3,1,0.65,0.58
335078,111707,0.62,-59.1,-60.7,-1.19,4,7,1.92,0,0,0,0,0,-5,2,1034,1,1,38,38,0,0,0,2,1,3,1,0.62,0.58
335085,111708,0.57,-58.1,-60.2,-0.98,4,7,2.05,0,0,0,0,0,-5,2,1034,1,1,38,38,0,0,0,2,2,4,1,0.62,0.59
335091,111709,0.60,-59.1,-60.6,-0.79,4,7,2.09,0,0,0,0,0,-5,2,1034,1,1,38,38,0,0,0,2,2,4,1,0.60,0.59
335097,111710,0.59,-59.1,-60.3,-0.91,4,7,2.25,0,0,0,0,0,-6,3,1035,1,1,38,38,0,0,0,3,-2,3,1,0.59,0.59
335103,111711,0.66,-62.7,-63.8,-0.70,4,7,2.02,0,0,0,0,0,-6,3,1035,1,1,38,38,0,0,0,3,-2,3,1,0.60,0.59
335109,111712,0.58,-62.7,-63.7,-1.03,4,7,2.16,0,0,0,0,0,-6,3,1035,1,1,38,38,0,0,0,3,-2,3,1,0.59,0.59
335115,111713,0.60,-62.1,-63.4,-0.91,4,6,2.45,0,0,0,0,0,-5,3,1034,1,1,38,38,0,0,0,3,3,2,1,0.60,0.59
335121,111714,0.58,-59.1,-60.3,-1.18,4,7,1.42,0,0,0,0,0,-5,3,1034,1,1,38,38,0,0,0,3,3,2,1,0.59,0.59
335127,111715,0.53,-58.1,-59.6,-1.34,4,7,1.47,0,0,0,0,0,-5,3,1034,1,1,38,38,0,0,0,3,3,2,1,0.58,0.59
335133,111716,0.52,-59.1,-59.7,-1.36,4,7,1.59,0,0,0,0,0,-5,4,1034,1,1,38,38,0,0,0,1,1,3,1,0.58,0.59
335148,111717,0.54,-58.1,-59.5,-1.55,4,7,1.48,0,0,0,0,0,-5,4,1034,1,1,38,38,0,0,0,1,1,3,1,0.54,0.59
335156,111718,0.54,-57.3,-59.6,-0.80,4,7,1.70,0,0,0,0,0,-5,3,1034,1,1,38,38,0,0,0,3,-3,-1,1,0.54,0.58
335181,111719,0.60,-58.1,-60.0,-0.66,4,7,1.72,0,0,0,0,0,-5,3,1034,1,1,38,38,0,0,0,3,-3,-1,1,0.54,0.58
335189,111720,0.57,-59.1,-60.0,-1.13,4,7,1.59,0,0,0,0,0,-6,3,1034,1,1,38,38,0,0,0,4,1,2,1,0.54,0.58
335241,111721,0.58,-63.3,-64.3,-1.34,4,7,1.89,0,0,0,0,0,-5,3,1033,1,1,38,38,0,0,0,2,0,2,1,0.57,0.58
335247,111722,0.62,-59.1,-60.4,-0.83,4,7,2.05,0,0,0,0,0,-5,4,1033,1,1,38,38,0,0,0,4,0,1,1,0.58,0.58
335253,111723,0.64,-59.1,-60.4,-0.91,4,7,2.03,0,0,0,0,0,-5,3,1034,1,1,38,38,0,0,0,2,1,5,1,0.60,0.58
335259,111724,0.57,-54.3,-56.3,-0.98,4,6,2.53,0,0,0,0,0,-5,3,1034,1,1,38,38,0,0,0,2,1,5,1,0.58,0.58
335265,111725,0.48,-58.1,-59.9,-1.13,4,7,1.80,0,0,0,0,0,-5,3,1034,1,1,38,38,0,0,0,2,1,5,1,0.58,0.58
335286,111726,0.62,-59.1,-60.0,-0.83,4,7,1.69,0,0,0,0,0,-5,3,1034,1,1,38,38,0,0,0,2,1,5,1,0.62,0.58
335292,111727,0.55,-58.1,-59.6,-1.15,4,7,1.83,0,0,0,0,0,-6,4,1034,1,1,38,38,0,0,0,1,1,3,1,0.57,0.58
335317,111728,0.53,-58.1,-59.8,-1.30,4,7,2.00,0,0,0,0,0,-6,4,1034,1,1,38,38,0,0,0,1,1,3,1,0.55,0.58
335323,111729,0.57,-62.7,-64.1,-1.31,4,7,1.86,0,0,0,0,0,-5,4,1034,1,1,38,38,0,0,0,1,0,4,1,0.55,0.58
335329,111730,0.59,-59.1,-60.4,-1.06,4,7,2.00,0,0,0,0,0,-5,4,1034,1,1,38,38,0,0,0,1,0,4,1,0.57,0.58
335348,111731,0.55,-58.1,-60.6,-0.94,4,7,2.03,0,0,0,0,0,-6,3,1034,1,1,38,38,0,0,0,2,2,2,1,0.55,0.58
335354,111732,0.52,-63.3,-64.3,-1.64,4,7,1.69,0,0,0,0,0,-6,2,1035,1,1,38,38,0,0,0,4,1,1,1,0.55,0.58
335378,111733,0.63,-59.1,-60.4,-0.75,4,7,2.14,0,0,0,0,0,-6,2,1035,1,1,38,38,0,0,0,4,1,1,1,0.57,0.58
335403,111734,0.52,-63.3,-64.1,-1.56,4,7,1.39,0,0,0,0,0,-5,4,1034,1,1,38,38,0,0,0,3,-1,3,1,0.55,0.57
335426,111735,0.61,-59.1,-60.4,-0.82,4,7,1.73,0,0,0,0,0,-4,3,1034,1,1,38,38,0,0,0,3,0,5,1,0.55,0.57
335432,111736,0.54,-54.3,-55.3,-1.34,4,7,1.78,0,0,0,0,0,-5,2,1034,1,1,38,38,0,0,0,3,1,-1,1,0.54,0.57
335438,111737,0.50,-54.3,-56.6,-1.19,4,7,2.11,0,0,0,0,0,-5,2,1034,1,1,38,38,0,0,0,3,1,-1,1,0.54,0.57
335490,111738,0.53,-63.3,-64.2,-1.52,4,7,1.25,0,0,0,0,0,-5,2,1034,1,1,38,38,0,0,0,3,1,-1,1,0.53,0.57
335496,111739,0.62,-60.3,-60.6,-1.15,4,7,1.13,0,0,0,0,0,-5,3,1034,1,1,38,38,0,0,0,0,3,2,1,0.54,0.57
335502,111740,0.56,-59.1,-60.0,-1.12,4,7,1.45,0,0,0,0,0,-5,3,1034,1,1,38,38,0,0,0,0,3,2,1,0.54,0.57
335510,111741,0.63,-59.1,-60.2,-1.00,4,7,1.20,0,0,0,0,0,-5,3,1034,1,1,38,38,0,0,0,0,3,2,1,0.56,0.57
335518,111742,0.63,-54.3,-56.3,-0.82,4,7,2.27,0,0,0,0,0,-6,3,1036,1,1,38,38,0,0,0,2,-1,5,1,0.62,0.57
335580,111743,0.57,-58.1,-59.8,-0.95,4,7,1.81,0,0,0,0,0,-6,3,1036,1,1,38,38,0,0,0,2,-1,5,1,0.62,0.57
335616,111744,0.55,-63.3,-64.3,-1.46,4,7,1.67,0,0,0,0,0,-4,3,1035,1,1,38,38,0,0,0,5,3,1,1,0.57,0.57
335622,111745,0.55,-63.3,-64.2,-1.36,4,7,1.73,0,0,0,0,0,-6,2,1033,1,1,38,38,0,0,0,0,4,4,1,0.57,0.57
335628,111746,0.54,-63.3,-64.2,-1.49,4,7,1.78,0,0,0,0,0,-6,2,1033,1,1,38,38,0,0,0,0,4,4,1,0.55,0.57
335634,111747,0.55,-63.3,-64.5,-1.33,4,7,1.91,0,0,0,0,0,-6,3,1035,1,1,38,38,0,0,0,2,1,1,1,0.55,0.57
335664,111748,0.56,-58.1,-59.6,-0.95,4,7,1.84,0,0,0,0,0,-6,3,1035,1,1,38,38,0,0,0,2,1,1,1,0.55,0.57
335721,111749,0.60,-58.1,-60.0,-0.70,4,7,1.89,0,0,0,0,0,-5,2,1034,1,1,38,38,0,0,0,1,1,2,1,0.55,0.57
335729,111750,0.61,-59.1,-60.2,-0.80,4,7,1.64,0,0,0,0,0,-6,3,1034,1,1,38,38,0,0,0,2,1,2,1,0.56,0.57
335736,111751,0.63,-62.7,-63.6,-1.01,4,7,1.36,0,0,0,0,0,-5,2,1034,1,1,38,38,0,0,0,3,0,4,1,0.60,0.57
335744,111752,0.65,-62.7,-63.8,-0.94,4,7,1.23,0,0,0,0,0,-5,2,1034,1,1,38,38,0,0,0,3,0,4,1,0.61,0.57
335752,111753,0.55,-63.3,-64.3,-1.30,4,7,1.13,0,0,0,0,0,-5,3,1033,1,1,38,38,0,0,0,2,1,-2,1,0.61,0.57
335760,111754,0.64,-54.3,-55.9,-0.77,4,7,2.22,0,0,0,0,0,-5,3,1033,1,1,38,38,0,0,0,2,1,-2,1,0.63,0.58
335766,111755,0.57,-62.7,-64.1,-1.30,4,7,1.16,0,0,0,0,0,-5,3,1033,1,1,38,38,0,0,0,2,1,-2,1,0.63,0.58
335772,111756,0.56,-63.3,-64.2,-1.33,4,7,1.30,0,0,0,0,0,-5,3,1034,1,1,38,38,0,0,0,2,0,2,1,0.57,0.58
335778,111757,0.56,-63.3,-64.2,-1.31,4,7,1.34,0,0,0,0,0,-5,3,1034,1,1,38,38,0,0,0,2,0,2,1,0.56,0.58
335784,111758,0.53,-63.3,-64.1,-1.42,4,7,1.47,0,0,0,0,0,-5,3,1034,1,1,38,38,0,0,0,2,0,2,1,0.56,0.58
335790,111759,0.55,-63.3,-64.1,-1.33,4,7,1.55,0,0,0,0,0,-5,4,1035,1,1,38,38,0,0,0,0,-1,2,1,0.56,0.58
335795,111760,0.60,-58.1,-59.6,-0.92,4,7,1.63,0,0,0,0,0,-5,4,1035,1,1,38,38,0,0,0,0,-1,2,1,0.56,0.58
335801,111761,0.59,-58.1,-59.6,-0.85,4,7,1.70,0,0,0,0,0,-5,4,1035,1,1,38,38,0,0,0,0,-1,2,1,0.56,0.57
335807,111762,0.54,-58.1,-59.7,-1.09,4,7,1.89,0,0,0,0,0,-5,4,1035,1,1,38,38,0,0,0,0,-1,2,1,0.55,0.57
335813,111763,0.53,-58.1,-60.8,-0.97,4,7,2.11,0,0,0,0,0,-4,3,1034,1,1,38,38,0,0,0,2,2,2,1,0.55,0.57
335831,111764,0.60,-59.1,-60.0,-0.98,4,7,1.64,0,0,0,0,0,-4,3,1034,1,1,38,38,0,0,0,2,2,2,1,0.59,0.57
335838,111765,0.50,-54.3,-55.8,-1.53,4,7,1.72,0,0,0,0,0,-6,2,1034,1,1,38,38,0,0,0,2,0,1,1,0.54,0.57
335844,111766,0.56,-58.1,-59.3,-1.07,4,7,1.61,0,0,0,0,0,-6,2,1034,1,1,38,38,0,0,0,2,0,1,1,0.54,0.57
335850,111767,0.63,-60.3,-60.8,-0.67,4,7,1.45,0,0,0,0,0,-6,2,1034,1,1,38,38,0,0,0,2,-1,1,1,0.56,0.57
335858,111768,0.57,-63.3,-64.1,-1.16,4,7,1.38,0,0,0,0,0,-6,2,1034,1,1,38,38,0,0,0,2,-1,1,1,0.57,0.57
335864,111769,0.61,-59.1,-60.0,-0.85,4,7,1.41,0,0,0,0,0,-6,2,1034,1,1,38,38,0,0,0,2,-1,1,1,0.57,0.57
335870,111770,0.54,-58.1,-59.8,-0.92,4,7,1.86,0,0,0,0,0,-5,2,1033,1,1,38,38,0,0,0,3,-2,2,1,0.57,0.57
335876,111771,0.56,-59.1,-60.0,-0.92,4,7,1.89,0,0,0,0,0,-5,2,1033,1,1,38,38,0,0,0,3,-2,2,1,0.57,0.57
335882,111772,0.57,-58.1,-59.8,-1.00,4,7,1.91,0,0,0,0,0,-5,2,1033,1,1,38,38,0,0,0,3,-2,2,1,0.57,0.57
335888,111773,0.61,-59.1,-60.3,-1.09,4,7,1.58,0,0,0,0,0,-5,3,1034,1,1,38,38,0,0,0,3,1,0,1,0.57,0.57
335918,111774,0.59,-59.1,-59.8,-1.03,4,7,1.59,0,0,0,0,0,-5,3,1034,1,1,38,38,0,0,0,3,1,0,1,0.57,0.57
335948,111775,0.55,-54.3,-56.2,-1.01,4,6,2.48,0,0,0,0,0,-5,3,1035,1,1,38,38,0,0,0,2,2,6,1,0.57,0.57
335971,111776,0.52,-63.3,-64.1,-1.71,4,7,1.31,0,0,0,0,0,-5,4,1033,1,1,38,38,0,0,0,0,0,2,1,0.57,0.57
335977,111777,0.62,-59.1,-60.0,-0.92,4,7,1.47,0,0,0,0,0,-6,3,1034,1,1,38,38,0,0,0,1,-2,1,1,0.59,0.57
335983,111778,0.55,-58.1,-59.7,-1.01,4,7,1.80,0,0,0,0,0,-6,3,1034,1,1,38,38,0,0,0,1,-2,1,1,0.55,0.57
336070,111779,0.59,-59.1,-60.9,-0.76,4,7,2.02,0,0,0,0,0,-4,2,1035,1,1,38,38,0,0,0,-1,-1,0,1,0.55,0.57
336077,111780,0.53,-58.1,-59.8,-1.24,4,7,1.91,0,0,0,0,0,-6,3,1034,1,1,38,38,0,0,0,1,-1,4,1,0.55,0.57
336100,111781,0.62,-63.3,-64.1,-0.94,4,7,1.84,0,0,0,0,0,-6,3,1034,1,1,38,38,0,0,0,1,-1,4,1,0.59,0.57
336131,111782,0.64,-59.1,-60.0,-0.88,4,7,1.63,0,0,0,0,0,-4,3,1033,1,1,38,38,0,0,0,4,0,4,1,0.59,0.57
336172,111783,0.64,-62.7,-63.8,-0.88,4,7,1.27,0,0,0,0,0,-5,2,1032,1,1,38,38,0,0,0,3,1,1,1,0.62,0.57
336197,111784,0.50,-58.1,-59.5,-1.37,4,7,1.70,0,0,0,0,0,-4,3,1034,1,1,38,38,0,0,0,2,-2,0,1,0.62,0.58
336236,111785,0.62,-59.1,-60.1,-0.94,4,7,2.23,0,0,0,0,0,-5,4,1035,1,1,38,38,0,0,0,3,1,1,1,0.62,0.58
336242,111786,0.51,-63.3,-64.3,-1.45,4,7,1.28,0,0,0,0,0,-4,2,1034,1,1,38,38,0,0,0,3,3,0,1,0.62,0.58
336250,111787,0.60,-59.1,-60.3,-1.16,4,7,2.17,0,0,0,0,0,-5,4,1034,1,1,38,38,0,0,0,2,0,1,1,0.60,0.58
336256,111788,0.57,-63.3,-64.2,-1.27,4,7,1.25,0,0,0,0,0,-5,4,1034,1,1,38,38,0,0,0,2,0,1,1,0.57,0.58
336264,111789,0.54,-54.3,-55.9,-1.18,4,7,2.25,0,0,0,0,0,-5,4,1034,1,1,38,38,0,0,0,2,0,1,1,0.57,0.58
336270,111790,0.61,-59.1,-60.6,-1.19,4,7,1.13,0,0,0,0,0,-6,3,1034,1,1,38,38,0,0,0,2,-1,2,1,0.57,0.58
336323,111791,0.62,-59.1,-59.9,-0.79,4,7,1.77,0,0,0,0,0,-6,3,1034,1,1,38,38,0,0,0,2,-1,2,1,0.60,0.58
336329,111792,0.62,-59.1,-60.3,-0.77,4,7,1.81,0,0,0,0,0,-6,3,1035,1,1,38,38,0,0,0,6,0,3,1,0.61,0.58
336374,111793,0.58,-59.1,-59.8,-0.98,4,7,1.97,0,0,0,0,0,-6,3,1035,1,1,38,38,0,0,0,6,0,3,1,0.61,0.58
336380,111794,0.60,-54.3,-56.3,-0.72,4,7,2.30,0,0,0,0,0,-6,2,1034,1,1,38,38,0,0,0,1,2,0,1,0.61,0.59
336386,111795,0.64,-62.7,-64.2,-0.67,4,7,1.97,0,0,0,0,0,-5,2,1034,1,1,38,38,0,0,0,2,3,-1,1,0.62,0.59
336411,111796,0.53,-54.3,-55.6,-1.25,4,7,1.55,0,0,0,0,0,-5,2,1034,1,1,38,38,0,0,0,2,3,-1,1,0.60,0.59
336416,111797,0.56,-58.1,-60.0,-1.01,4,7,1.63,0,0,0,0,0,-5,3,1035,1,1,38,38,0,0,0,3,0,4,1,0.58,0.59
336422,111798,0.59,-58.1,-59.7,-1.06,4,7,1.61,0,0,0,0,0,-5,3,1035,1,1,38,38,0,0,0,3,0,4,1,0.59,0.59
336428,111799,0.57,-58.1,-59.5,-0.86,4,7,1.66,0,0,0,0,0,-6,3,1034,1,1,38,38,0,0,0,1,4,4,1,0.57,0.59
336436,111800,0.60,-59.1,-60.1,-0.97,4,7,1.56,0,0,0,0,0,-6,3,1034,1,1,38,38,0,0,0,1,4,4,1,0.57,0.59
336444,111801,0.56,-63.3,-64.1,-1.59,4,7,1.28,0,0,0,0,0,-6,3,1034,1,1,38,38,0,0,0,1,4,4,1,0.57,0.59
336450,111802,0.58,-63.3,-64.1,-1.28,4,7,1.36,0,0,0,0,0,-4,3,1034,1,1,38,38,0,0,0,0,2,0,1,0.58,0.59
336507,111803,0.60,-59.1,-60.0,-0.95,4,7,1.58,0,0,0,0,0,-4,3,1034,1,1,38,38,0,0,0,0,2,0,1,0.58,0.58
336582,111804,0.57,-58.1,-59.6,-0.89,4,7,1.98,0,0,0,0,0,-5,3,1032,1,1,38,38,0,0,0,2,2,5,1,0.58,0.58
336588,111805,0.57,-54.3,-56.5,-0.97,4,7,2.11,0,0,0,0,0,-5,4,1034,1,1,38,38,0,0,0,3,0,4,1,0.57,0.58
336618,111806,0.55,-59.1,-60.1,-0.92,4,7,1.88,0,0,0,0,0,-5,4,1034,1,1,38,38,0,0,0,3,0,4,1,0.57,0.58
336652,111807,0.60,-62.7,-63.8,-0.82,4,7,1.75,0,0,0,0,0,-5,3,1035,1,1,38,38,0,0,0,5,3,2,1,0.57,0.58
336658,111808,0.64,-62.7,-63.8,-0.66,4,7,1.75,0,0,0,0,0,-6,2,1035,1,1,38,38,0,0,0,3,1,2,1,0.57,0.58
336728,111809,0.54,-63.3,-64.2,-1.49,4,7,1.70,0,0,0,0,0,-7,3,1034,1,1,38,38,0,0,0,2,0,2,1,0.57,0.58
336735,111810,0.56,-58.1,-59.7,-0.89,4,7,1.98,0,0,0,0,0,-6,3,1035,1,1,38,38,0,0,0,2,2,3,1,0.56,0.58
336760,111811,0.61,-58.1,-59.8,-0.88,4,7,1.92,0,0,0,0,0,-6,3,1035,1,1,38,38,0,0,0,2,2,3,1,0.60,0.58
336777,111812,0.53,-58.1,-59.7,-1.27,4,7,1.73,0,0,0,0,0,-5,3,1034,1,1,38,38,0,0,0,0,3,0,1,0.56,0.58
336785,111813,0.58,-58.1,-59.9,-1.01,4,7,1.73,0,0,0,0,0,-5,2,1034,1,1,38,38,0,0,0,3,-1,1,1,0.56,0.58
336838,111814,0.60,-63.3,-64.2,-1.19,4,7,1.02,0,0,0,0,0,-5,2,1034,1,1,38,38,0,0,0,3,-1,1,1,0.58,0.58
336891,111815,0.57,-63.3,-64.0,-1.03,4,7,1.72,0,0,0,0,0,-6,4,1035,1,1,38,38,0,0,0,3,-1,0,1,0.58,0.58
336914,111816,0.61,-63.3,-64.1,-1.09,4,7,1.80,0,0,0,0,0,-5,3,1033,1,1,38,38,0,0,0,1,-2,-1,1,0.58,0.58
336944,111817,0.59,-63.3,-64.0,-1.16,4,7,1.52,0,0,0,0,0,-5,2,1033,1,1,38,38,0,0,0,2,2,5,1,0.59,0.58
336969,111818,0.53,-59.1,-60.0,-1.24,4,7,1.98,0,0,0,0,0,-5,2,1035,1,1,38,38,0,0,0,3,3,-1,1,0.59,0.58
336999,111819,0.57,-63.3,-64.0,-1.09,4,7,1.56,0,0,0,0,0,-7,3,1034,1,1,38,38,0,0,0,3,0,3,1,0.57,0.58
337024,111820,0.53,-59.1,-60.2,-1.27,4,7,1.88,0,0,0,0,0,-5,2,1034,1,1,38,38,0,0,0,3,-1,-5,1,0.57,0.58
337029,111821,0.56,-58.1,-59.7,-1.13,4,7,1.92,0,0,0,0,0,-5,3,1033,1,1,38,38,0,0,0,2,-1,3,1,0.56,0.58
337045,111822,0.53,-59.1,-59.9,-1.33,4,7,1.97,0,0,0,0,0,-5,3,1033,1,1,38,38,0,0,0,2,-1,3,1,0.53,0.58
337053,111823,0.62,-54.3,-55.8,-0.77,4,7,1.81,0,0,0,0,0,-5,2,1034,1,1,38,38,0,0,0,4,0,3,1,0.56,0.58
337061,111824,0.53,-58.1,-59.5,-1.30,4,7,1.69,0,0,0,0,0,-5,2,1034,1,1,38,38,0,0,0,4,0,3,1,0.53,0.57
337068,111825,0.59,-58.1,-59.5,-0.77,4,7,1.66,0,0,0,0,0,-5,3,1035,1,1,38,38,0,0,0,3,0,4,1,0.56,0.57
337076,111826,0.59,-63.3,-64.1,-1.00,4,7,1.42,0,0,0,0,0,-5,3,1035,1,1,38,38,0,0,0,3,0,4,1,0.59,0.57
337082,111827,0.68,-60.3,-60.7,-0.70,4,7,1.38,0,0,0,0,0,-4,3,1035,1,1,38,38,0,0,0,2,-1,1,1,0.59,0.58
337152,111828,0.62,-60.3,-60.7,-0.79,4,7,1.36,0,0,0,0,0,-4,3,1035,1,1,38,38,0,0,0,2,-1,1,1,0.59,0.58
337203,111829,0.59,-54.3,-56.1,-0.89,4,7,2.03,0,0,0,0,0,-5,3,1034,1,1,38,38,0,0,0,3,0,2,1,0.59,0.58
337210,111830,0.48,-58.1,-60.4,-1.39,4,7,2.06,0,0,0,0,0,-5,2,1034,1,1,38,38,0,0,0,0,-1,3,1,0.59,0.58
337216,111831,0.53,-63.3,-64.0,-1.70,4,7,1.73,0,0,0,0,0,-5,2,1034,1,1,38,38,0,0,0,0,-1,3,1,0.59,0.58
337230,111832,0.55,-54.3,-56.2,-1.21,4,7,1.50,0,0,0,0,0,-6,2,1034,1,1,38,38,0,0,0,5,2,0,1,0.55,0.58
337288,111833,0.48,-58.1,-59.7,-1.25,4,7,1.84,0,0,0,0,0,-6,2,1034,1,1,38,38,0,0,0,5,2,0,1,0.53,0.58
337328,111834,0.63,-62.7,-63.9,-0.82,4,7,1.86,0,0,0,0,0,-5,3,1034,1,1,38,38,0,0,0,-1,1,2,1,0.53,0.57
337347,111835,0.54,-63.3,-64.1,-1.42,4,7,1.69,0,0,0,0,0,-5,4,1034,1,1,38,38,0,0,0,1,-2,0,1,0.54,0.57
337353,111836,0.55,-54.3,-56.1,-1.00,4,7,2.02,0,0,0,0,0,-6,3,1033,1,1,38,38,0,0,0,2,1,1,1,0.55,0.57
337359,111837,0.59,-63.3,-64.0,-1.12,4,7,1.84,0,0,0,0,0,-6,3,1033,1,1,38,38,0,0,0,2,1,3,1,0.55,0.57
337365,111838,0.59,-59.1,-60.3,-0.86,4,7,1.95,0,0,0,0,0,-5,3,1033,1,1,38,38,0,0,0,4,0,3,1,0.59,0.57
337395,111839,0.53,-58.1,-60.9,-0.94,4,7,2.02,0,0,0,0,0,-5,3,1033,1,1,38,38,0,0,0,4,0,3,1,0.55,0.57
337452,111840,0.56,-63.3,-63.8,-1.34,4,7,1.61,0,0,0,0,0,-5,4,1034,1,1,38,38,0,0,0,3,0,2,1,0.56,0.57
337458,111841,0.60,-63.3,-64.2,-0.98,4,7,1.78,0,0,0,0,0,-6,3,1034,1,1,38,38,0,0,0,-1,1,1,1,0.59,0.57
337464,111842,0.58,-62.7,-63.8,-1.03,4,7,1.81,0,0,0,0,0,-5,2,1034,1,1,38,38,0,0,0,2,0,1,1,0.58,0.57
337505,111843,0.55,-58.1,-59.6,-0.91,4,7,1.75,0,0,0,0,0,-5,2,1034,1,1,38,38,0,0,0,2,0,1,1,0.56,0.57
337513,111844,0.61,-60.3,-60.5,-0.97,4,7,1.38,0,0,0,0,0,-5,2,1033,1,1,38,38,0,0,0,6,3,2,1,0.58,0.57
337521,111845,0.49,-59.1,-59.8,-1.40,4,7,1.53,0,0,0,0,0,-5,3,1034,1,1,38,38,0,0,0,3,-1,2,1,0.58,0.57
337568,111846,0.53,-63.3,-64.1,-1.33,4,7,1.63,0,0,0,0,0,-5,3,1034,1,1,38,38,0,0,0,3,-1,2,1,0.55,0.57
337619,111847,0.59,-58.1,-60.0,-1.25,4,7,2.08,0,0,0,0,0,-7,2,1034,1,1,38,38,0,0,0,3,0,1,1,0.55,0.57
337627,111848,0.62,-59.1,-60.3,-0.82,4,7,1.98,0,0,0,0,0,-5,2,1033,1,1,38,38,0,0,0,-1,2,0,1,0.59,0.57
